Country,1949,1950,1951,1952,1953,1954,1955,1956,1957,1958,1959,1960,1961,1962,1963,1964,1965,1966,1967,1968,1969,1970,1971,1972,1973,1974,1975,1976,1977,1978,1979,1980,1981,1982,1983,1984,1985,1986,1987,1988,1989,1990,1991,1992,1993,1994,1995,1996,1997,1998,1999,2000,2001,2002,2003,2004,2005,2006,2007,2008,2009,2010,2011,2012,2013,2014,2015,2016,2017,2018,2019,2020,2021,2022,2023,2024,2025
Algeria,,,,,,,,,,,,,,,2645.299024115567,2855.9507075060865,3086.8573604533876,2975.4550278910933,3287.381559065517,3795.7812949407144,4158.142700311522,4639.400776980632,4787.649817613341,6122.0709249616675,8100.946372239749,13289.720743885664,15590.683165333556,17790.15423337224,21038.35283450212,26433.344259814923,33276.41198254989,42347.65273814642,44364.557290520206,45196.73619776184,48812.22853324424,52947.302728876246,57996.937030112575,63064.82757447388,64478.92051945053,58787.91567550387,55469.62894424175,61890.86029488106,46670.14924565174,49216.66414790188,50961.64554901608,42426.230443401735,42066.22788889424,46942.1303441713,48177.09371258056,48187.575546059685,48640.68351110571,54790.20672390839,59413.41708217315,61516.10340616878,73482.24045480974,91913.68098517081,107046.63035660914,123084.2874959048,142482.73980984927,180383.84833113456,150317.3272546574,177785.013308956,218331.89603758816,227143.64940156828,229701.4302921566,238942.66518103026,187494.66188636524,180746.34289825757,189808.66569403172,194398.9085905866,193423.70515290316,164934.30127041743,186347.65150392655,225405.71693337607,247131.20523087098,273616.7542599862,288074.6037546361
Libya,,,,,,,,,,,,349.999860000056,386.3998454400619,537.5997849600861,775.5996897601242,1164.7995340801863,1567.9993728002507,2007.5991969603213,2365.999053600379,3343.1986627205356,3802.398479040609,3992.798402880639,4566.043454589337,5465.926121837258,7486.017878450535,13115.983394752931,12768.070366254464,16574.846901378478,19466.24061394827,19212.905884459095,26502.19050096098,40189.021486162856,34720.25184764838,34615.423589695085,,,,,,,,,,,,,,,31212.97730793767,30912.75391702704,37129.34794560716,39497.06163728303,35206.19306387423,21127.27043787578,26834.96527294383,34053.65640589439,48852.01546951191,60094.246975798786,68033.64379395552,86710.90915034816,,,,92540.77960781827,75356.24410191884,57372.58833701931,,,,,,,,43246.29792184992,44029.947398129356,,
Morocco,,,,,,,,2008.5714285714284,2012.6164850572984,1946.433761691706,1695.7503592691435,1796.268740774115,1786.388274653245,2098.611004072728,2343.646563870298,2468.1404369932557,2600.5386830129096,2537.303699839344,2687.486784876564,3025.3987262103074,3554.991710288925,3839.549134569973,4233.69690056951,4938.508169877712,6067.807505381163,7689.191879664148,8979.66435450797,9279.729188493224,11049.552000177646,13235.989411208473,15911.241738541674,18820.570789884798,15280.242832008971,15423.657899193426,13941.434220369776,12753.36131497048,12846.310559006208,16925.368281849293,18661.647065579007,22217.89101185872,22548.912191909447,25783.697348083184,27721.198408095053,28583.358612862456,26887.923163535586,30380.61614459219,33074.83162065702,36644.58436784352,33414.34076020954,41806.13232556709,41631.94267908769,38858.714115566276,39459.58121365177,42238.36983912654,52064.16758697743,59625.88568454052,62342.95232378733,68640.98156624316,79041.24955903877,92506.89970620607,92897.3203758176,93217.18964591381,101370.85021143728,98265.8510692547,106825.64987210755,119130.84582948183,110417.75911511676,111572.94664653507,118540.57472755217,127341.14187120514,128920.26507552563,121353.64093972123,142022.05806578635,131245.3096651869,146056.73335810733,160605.6435079426,178677.35633880866
Tunisia,,,,,,,,,,,,795.7142857142858,838.095238095238,825.952380952381,1010.4761904761905,1002.1288515406164,991.0476190476189,1040.9523809523812,1085.7142857142856,1214.6666666666665,1289.904761904762,1439.2380952380952,1685.1622724065194,2237.556148510846,2730.8133853262366,3545.868575146389,4328.965587532659,4508.191942160806,5109.919571045576,5968.4600801113,7188.8639036367495,9567.420952861805,9223.238911293185,8900.569046798188,9202.440601856013,9054.21242403451,9245.640482398958,9910.184640611364,10663.198022836814,11073.116935803517,11069.115715337595,13474.407770173728,14202.422397933857,16978.648467436196,15943.935680554721,17052.11507093075,19653.864128998153,21283.106364443272,20746.627912557353,21803.074209801624,22943.188575606164,21473.53813697931,22065.949276122643,23141.786330556362,27453.971694590437,31183.867972643417,32272.259777781772,34376.76861607113,38909.829441601265,44855.1299283661,43613.73831567146,46206.331261101994,48123.52181438356,47311.49924520089,48685.04718629714,50272.08238332955,45770.73569924888,44360.08725550952,42163.53927471031,42686.500876720645,41905.63765860534,42491.77588204448,47073.239974234915,44948.76917128496,48196.28695605527,52631.460607529654,59514.31792497939
Angola,,,,,,,,,,,,,,,,,,,,,,,,,,,,,,,,,,,,,6684938832.809681,6684938832.809682,6684.938832809681,6684.93883280968,10027.40824921452,10027.40824921452,14519.504231528015,13974.353365126462,10126.345308758464,10421.473578089557,4967.584529293913,6525.810558545329,7648.358365351031,6445.023725637945,6152.914491294331,9129.634978337732,8936.063723201167,15285.594828417972,17812.704825195728,23552.035278317097,36970.91869925229,52381.006892038014,65266.45208138597,88538.61080532135,70307.16367818759,83799.49747628276,111789.80547213118,128052.85364345122,136709.86283130766,145712.7932290289,116193.35878794115,101123.90150239905,122124.9566488197,101353.21165223386,83136.74357901895,54821.07979701262,69905.71408018381,113304.6506366632,87276.47112349981,89395.71968876019,104461.56253828031
Benin,,,,,,,,,,,,149.26894920369503,155.75307836581587,156.11352820655145,170.60110360139745,174.3440518799969,189.646659403169,195.99638551274433,197.8772444014455,207.21830630339502,211.95487015359993,252.20782697727594,267.6607736893331,329.63004110654373,399.3018946650575,447.0202114621632,526.3329802671793,558.6942875078469,604.444806252035,716.1342929060163,909.7742593619843,1162.5000000000002,1107.8014654198453,1577.69953241275,1494.229559689676,1455.9404352805818,1518.1038970664313,1939.1488179433793,2268.283092983483,2361.2243850095892,2181.0611102836433,2678.631342522267,,,,,,,,,3677.3943644566284,3519.990741336996,3666.222302086779,4194.343347070908,5349.257982990091,6190.270639287792,6567.654910012315,7034.111112604734,,9787.734339341521,,,,11141.358876441678,12517.845450700192,13284.527425011698,11388.152539901268,11821.06585212665,12701.655845972404,14262.408079749765,14391.686309113133,15651.545208878344,17690.083519969652,17401.749398276035,19676.05538643397,21482.654218670694,24370.196308315313
Botswana,,,,,,,,,,,,,,,,,,,,,,,,,,,,,416.5281010974392,497.61096024063073,695.5768478062151,992.7627134999517,1046.3251340323973,873.9778179204786,1051.2065491872772,1071.2662800280352,961.12101000226,1288.1424481411711,1539.8406137205618,1913.3321302205525,2880.306120929679,3515.079522916252,3742.159520370407,3970.413275632428,3763.490117908274,4252.211647700818,4730.498707257964,4847.701072400729,5020.250307081101,4790.472104374379,5484.3050193147665,5788.289937787416,5489.685454668627,5438.88146243538,7511.525364991808,8957.506557175919,9931.25715459802,9908.502719662763,10567.236221913477,10730.825972803837,10118.462070089097,12637.282732459898,15110.628143025691,13946.4992372567,14271.735529119374,15654.691170053742,13582.777315820658,15083.973766101664,16081.813745565261,17030.03073061058,16705.08829953488,14964.29537103867,17620.035657376848,20364.253719952987,19396.1139175492,19402.063035956096,19768.015248023763
Burkina Faso,,,,,,,,,,,,185.97442851607903,196.9338661012803,208.96765082811595,221.61818003722206,205.69161765846218,230.14677978136052,236.89544851390846,278.8606550379876,319.1081130208228,322.7407188001277,357.08729644757835,368.97688810122173,434.07875315441134,492.17323421075065,544.2346440663883,642.5181860176473,625.2354048964219,752.6050146532073,986.0141099727018,1186.9952332151822,1287.3911397198033,1193.0916973035833,1094.3318137830715,999.8609164816594,893.8293699380031,1475.9728711244861,1952.0308628784949,2251.303500068211,2474.75222261019,2437.8698966797074,3122.6929645749547,3207.64816186766,3469.6930772369396,3249.718360096481,2126.6018857899335,2665.3417423289284,2885.7281371199797,2720.377474219121,3094.3195378607074,3388.3244512076208,2960.998846685534,3187.579950670633,3605.3305817545347,4730.143226407879,5441.9162089815545,6143.910365369047,6541.60510194605,7615.646547378414,9413.339770799856,9412.81736928344,10099.762355207287,12064.484408709253,12561.745020341727,13440.470407254474,13924.477728894019,11827.390311945219,12826.14649848641,14011.563264398488,15881.55877526343,16176.864714612891,18089.92115725326,19638.04747190302,18868.40597663942,20279.761720124097,23316.908262009056,27014.39879079221
Burundi,,,,,,,,,,,,,,213.5,232.76,260.76,159.24148148148151,165.44000000000003,178.29714285714283,183.19999999999996,190.2057142857143,,254.60571428571427,246.8,304.3382096590987,345.2698412698413,414.8825396825397,448.41739130434786,550.8666666666667,609.122222222222,756.5111111111111,951.1888888888889,989.8444444444445,1045.4888888888886,1106.9809775972233,1006.1983643669229,1171.1478072101481,1233.6057317532473,1162.0698585348484,1089.119982905374,1131.602664700284,1148.322676710169,1129.1257375504786,1084.2714699260212,974.8578960375648,1068.823170876507,1000.4324203125436,868.9598906017235,972.8537736518415,893.6944743459754,808.1506560059054,870.3836161809129,876.6909983249053,825.2980047839728,784.5614568904159,915.1526641149514,1117.110153664084,1273.3794766108022,1356.198988787932,1611.8369894323139,,,,2333.300982315547,2451.626593959192,2705.7833303879634,3104.3947922840707,2962.906284024171,3191.110122801109,3044.3844604010774,3012.9378322059406,3089.8278903070595,3351.6955208908576,3908.035040751289,4235.703416134259,4825.162606985514,6989.1387836984595
Cameroon,,,,,,,,,,,,,,,,,,,,,,1086.4570934468873,1166.853091997269,1412.1446823368833,1796.8585259927586,2046.4884402068922,2707.255276161502,2750.366185394434,3215.15792901335,4290.158471301449,5337.482723930764,6418.970087088224,6610.949799618004,6612.173849534092,6870.463384295634,7311.932295397488,8671.980554819784,11940.307127222744,13049.973880087977,12015.188955440359,11012.263015347578,12246.157236515895,11765.748457145692,11992.428936273103,12681.706296373466,7213.1915238515485,9074.102270268537,9547.084167396471,9122.910416691651,9827.782599262311,10022.121198832549,9287.371148637103,9633.102779019726,10879.781506127436,13621.816930488643,15775.351042273694,19502.098206312807,20891.942491750076,23896.632712798295,27603.43114257188,27821.011688378738,27480.690731342664,30590.83401609694,30156.795223776993,33719.035009832056,36338.14685071942,32197.281958350337,33795.32464553689,35854.441422486794,39952.440332239305,39667.79530273501,40781.460371522415,44999.277069249554,44353.724878664536,49279.415915191465,53296.73888365128,59290.91117261001
Cape Verde,,,,,,,,,,,,,,,,,,,,,,,,,,,,,,,,,,,,132.06028895625363,137.7754641679681,190.72455015852535,236.15139831479127,265.35400839490757,,,,358.44546117475477,361.54953709344926,409.04594899549147,490.6113335406547,504.8643020165513,493.34543936413286,525.677609963579,596.8367761009449,589.3344959400262,615.5072495007604,679.3377663495723,891.3757103461869,1022.5627544393016,1090.4459917666434,1236.8771284593524,1650.596903958673,1961.1175700897336,1867.6970058115,1825.1873675815652,2045.6202149935768,1924.1499771621395,2029.4395018619384,2039.9797240966268,1749.1494173383746,1849.1505750591552,1988.1011014534574,2205.010784979518,2252.5700054834588,1822.7094329870265,2051.316509727376,2247.5543069760624,2504.5255487115865,2725.467925824176,3053.405706326634
Central African Republic,,,,,,,,,,,,,,,,,,,,,,,,,,,,,,,,,,,,,,,,,,,1377.3745422836014,1411.9164916204493,1278.779360297779,851.1738907250475,1115.3906256260666,1007.791974227449,,,,,,982.7414532244455,1188.3430832759805,1309.8384394786906,1412.8060849188957,,1754.92783771885,2033.1550563303226,2059.095356490875,2140.503193162614,2434.792928500888,2510.270759430941,1691.0653725906645,1892.2930922268822,1695.1438580710103,1823.342394572784,2049.3272931639362,2277.45508723441,2278.2093597152016,2385.6239247919093,2582.996506131397,2455.007866599381,2630.2729398615625,2736.2647975591653,3181.015890486345
Chad,,,,,,,,,,,,,,,,,,,,,,,,,,,,,,,,,,,1259.800139608362,1356.694136951691,1339.7831559687756,1649.5527077209174,1869.6533205562043,2186.289651097204,2064.471737385896,2487.99882467449,,2569.6772097381104,2245.671221169432,1819.2955755081455,2229.593226858567,2478.5085387213812,2381.8945326889043,2690.4510875461056,2366.4485406018202,2135.744744204861,2635.7915472437344,3064.8906437413552,4219.012388162423,6807.473238876743,9088.189236124279,10239.103826808698,11975.262223353579,14297.504494143655,12959.848449551659,14263.363733829756,16218.574764869687,,16914.5231155372,18184.041457289804,14500.431143799136,13391.311862825236,13200.740829047312,15318.794264985318,14915.44445165012,14596.61841625106,15919.985361087174,16228.328654533436,17602.646681736805,18732.647779186707,20369.64555960652
"Congo, DR",,,,,,,,,,,,,,,,127272727.27272728,,181818181.8181818,,119760479.04191618,173652694.61077845,185628742.5149701,209580838.3233533,233532934.13173658,293413173.65269464,359281437.1257485,383233532.9341317,359735386.2232707,462346760.07005256,656697779.0696423,642268561.995407,,,,,,,,,,,,,,8977.537563334687,,,5771.25788832896,5941.451901480832,6215.289659849555,12889.329940880794,60330.21698402738,,,8937.535304898654,10297.57231973886,12609.728048481984,15484.03836174588,18552.952104499273,22943.846963934822,18780.696381513142,22365.926970912216,26392.387744958898,30029.370865067325,34882.5832363501,38352.98096254937,40157.24072730398,38584.2904782008,39812.26107515426,48232.22433832201,50821.42744594202,49619.5813873593,57406.403637412695,65364.96100267876,70986.95335182076,73961.76974180843,89099.83568012982
"Congo, Republic",,,,,,,,,,,,,,,,,,,,,,269.5339775617486,298.88580601112744,361.07099211198755,460.31881340039206,569.1614216572153,744.7051742078175,725.6748273697426,739.5799413871704,878.7712270003898,1196.3971756564906,1705.7932601287391,1993.5156459881284,2165.206965180185,,2193.5796886192466,2160.872362068543,,2297.8867826590404,,,,,3280.444801316832,3003.607997978348,,,,,,,,3037.8974453176716,3329.8396795157587,3855.4834304345322,5093.8226831284055,6647.358702328861,8065.136070684083,8771.098364794572,11602.90081620348,,13135.581341350397,,,17953.616566398592,17889.08166333514,,10921.290895048547,11702.99848937312,14765.990431071767,13975.516569873047,11471.000024216848,13376.483953511231,13933.442388847896,14166.665339040432,14771.102498556938,15651.198665474307
Cote d'Ivoire,,,,,,,,,,,,,,687.3076640518501,807.2942175204886,978.2595387447099,977.7157524045034,1050.1550810410374,1120.727151515644,1318.845555712641,1406.3648008739772,1501.0690911458992,1597.568238934325,1872.0142206421508,2540.277896172534,3070.1481066035185,3893.837518022706,4688.847039129525,6473.46141322045,7901.407452050908,9141.978732806198,10175.596365013253,8432.604303520762,7566.812535376713,6838.447932904013,6841.405447217918,6977.65006243559,9165.304672746068,10087.942582776832,10255.23085600709,9747.404453806803,14923.038216443538,14503.837196524722,15416.317833557492,15268.114125079901,11491.510343026448,,16779.619667208804,16203.202500047117,,,,,,21157.902615278734,22882.735644585784,23616.0259958898,24605.67614603454,28120.42973958149,33485.43227520908,33558.12539973656,34397.15956929153,35482.594634917536,37031.88078201545,43215.61286880693,48817.398948274575,45796.583912007365,48363.312541984975,51928.960455056374,58491.145203546956,60378.14826318609,63040.55815246667,72774.12126117972,70183.4046202457,78875.48791695137,86265.22912421043,98008.24136738395
Djibouti,,,,,,,,,,,,,,,,,,,,,,,,,,,,,,214.94364762746102,257.14462556478975,339.36901097788103,378.08137473905725,395.563833199228,403.4413490808627,,,,,,,,477.7488310329111,497.4201135487647,504.4142222922445,533.4147343307768,511.2226467328002,482.77356080598247,484.9848920498984,472.5778045363237,488.8392480348411,513.4058439914248,,,,666.212771703963,994.890868271054,1079.3322117251198,1189.8593863415128,1380.540285053539,,,,,,,,,,,,,,,,,
Equatorial Guinea,,,,,,,,,,,,,,,,,,,,,,,,,,,,,,,,,,,,,,,,,,,,,,119.77817871524931,168.5494120581471,,,,,,,,,,,,13071.713303857767,19749.906767454584,15027.804721020953,,,,,21736.498740028597,13180.184292839629,11230.493424910315,12065.363261691477,13090.00187136523,11363.220572122915,9895.806905659723,12212.436923886806,13689.64494527378,12337.558867637219,12765.778889557134,13449.8847767765
Eritrea,,,,,,,,,,,,,,,,,,,,,,,,,,,,,,,,,,,,,,,,,,,,,505.12013587092264,630.6910728877791,639.7237869812351,748.4549657280578,782.0663919441881,809.3090027092188,793.7011238563824,706.3708122891024,752.3684944618294,729.3213640950481,870.2477017069369,,,,,,,,,,,,,,,,,,,,,,
Ethiopia,,,,,,,,,,,,,999.8108248439304,1044.68961186893,1123.7809271192648,1237.0000000000002,1328.1999999999998,1397.4,1488.2,1578.6,1703.4,1834.2,1895.7441006144024,2119.5652173913045,2515.3067301965452,2675.12077294686,2784.299516908213,3099.0338164251216,3403.623188405797,3704.347826086957,4012.56038647343,4126.08695652174,4869.082125603864,5138.16425120773,5688.40579710145,5308.212560386474,6293.236714975846,6557.971014492754,6952.173913043478,7232.367149758455,7604.8309178743975,8128.502415458938,9272.946859903383,7419.090098126671,5334.2,5183.714547118024,5502.300405953995,5972.912656897591,6742.598938544648,6301.416193060388,7402.010225806578,8030.202592310724,7963.47584857712,7691.0507426103795,8454.148505468227,9935.63453540101,12163.585016149467,14983.303378056611,18991.96404173568,25608.60578713492,28194.199941719915,26311.29720218258,30479.44369342525,42210.50959304903,46542.0233567658,54163.24820186187,63078.65775608619,72157.65332580637,76794.51691140112,80210.34596527576,92561.9020263198,96622.41121719991,99260.21463584858,118961.85278028183,159746.456951481,142262.20302826152,106961.57920116938
Gabon,,,,,,,,,,,,,,,,,,,271.54361161133494,294.468200270636,318.1241801654864,323.80263600612153,381.68770609683463,430.5077213642929,722.7812947251771,1544.2138717517294,2157.591933293828,3009.416195856874,2809.3454900683805,,3030.2460488336883,4279.628928436199,3862.275559284733,3618.0106267079723,3391.276051917516,3561.448838215202,3339.9144821630093,3403.6372456729023,,,,,,,,,,,,,,5396.63932408195,5018.870755853372,5310.382675168008,6497.309015829318,7756.29063857577,9458.886605443364,10154.043871559983,,,,14358.584300317922,18186.48197412704,17171.45073588008,17590.71623252985,18179.719509294304,14377.28451690212,14010.982595127403,14763.901660889844,16813.310995565982,16873.052334808977,15345.305096218102,19439.433044123078,20443.62752489449,20055.69669407948,20895.747109708675,21427.393891449403
"Gambia, The",,,,,,,,,,,,,,,,,,,,,,,,,,,,,,,,,,,213.44898941472087,177.34078112531597,225.72659076959425,185.64701363327202,220.62648422481058,266.6722024804352,284.12033164737977,751.1740209686914,792.528438685186,854.7984117332772,915.5472634676114,906.6059648023438,947.6039917277632,989.084057681974,1024.6930400225126,1052.2911101713503,1080.0190119214315,1052.436040971371,1044.9694302636585,924.492732853311,878.6109046362275,1002.6905389797042,1077.5400843197936,1070.6621953862227,1279.7030313028308,1567.5673886504853,1471.4288757261552,,,1410.1617139404739,1375.6094592576387,1229.4617326374696,1378.1766059647211,,,1670.671341220552,1813.6096781676922,1812.1708787946468,2048.910886087961,2204.7626120876603,2401.157156758746,2464.681872269325,2586.7761730897814
Ghana,,,,,,,,,,995.9154858554788,1135.9879873822688,1220.0314882983432,1305.4757142296853,1396.5228402220987,1542.198241809961,1732.6968438863958,2053.4628723827454,2126.300573176676,,1666.911800755013,1960.0921704172185,2215.0316222973966,2418.083902967253,2112.300869682667,3007.635030102116,4054.359741773825,4596.391097809253,5677.843707042057,9712.19266039082,11906.072176236647,10268.071543958202,15591.300045115191,26387.292069913987,31453.65505799485,20853.62081214881,7522.520769153774,6313.4802469090355,5735.697573472175,4855.158768898348,5197.860751455687,5251.749447134072,9986.073646578627,11227.636206535626,11041.29697452077,9717.781031117021,8866.48266664287,14610.486316143886,15481.772246748054,15796.185522511374,17165.161427373256,17765.32851113787,11469.59086186609,12233.612873602515,14204.640741379544,17528.40943616724,20302.506366375084,24628.553223209117,28924.49277407158,34140.40818664471,38863.41498182508,35222.18795226475,43358.54730241621,53538.51212494863,55948.74511379847,62824.629058789214,54783.319801599486,49406.01450042475,56164.9341029468,60405.91943912635,67298.91463001685,68337.97361657422,70043.09550279586,79524.42186392873,74263.3640440976,76370.39441023502,78629.5667034011,106257.24077490576
Guinea,,,,,,,,,,,,,,,,,,,,,,,,,,,,,,,,6683.518812371829,6614.871993164058,8178.082804256462,,,,,,,,,3014.599566496609,3284.1205275825637,3278.6005086395458,3382.5806134527097,,,3783.2078003889237,3588.4284824915308,3461.2318004901254,2995.3608453977686,2829.4335985563125,2950.204469997571,3446.44395520245,3635.4601079356307,,,,,,,,7523.687527711725,8248.26087310644,8651.480843657793,8794.195511145057,8600.21817668542,10291.516754579496,11799.9557954543,13423.434972218081,14084.614705531061,15814.583601475126,20161.22830848325,23658.894857965726,25902.454743966824,29612.94441130181
Guinea-Bissau,,,,,,,,,,,,,,,,,,,,,,,,,,,,,,,,,,108202.51612524541,134028.2860098507,43031.89670713589,42671.798094896054,25121.778379310123,6685.945445010716,,2448.973729190905,,,,,634.2611966260126,446.3402616179745,334.93943240212445,279.43920269878987,206.4574745064005,,362.6807645201524,380.0984667937177,408.25625138558473,476.39022711631105,,639.5217678913073,,,,886.5999360381946,939.1962273913931,1155.5604410177868,1049.4716760868534,1109.367520039677,1133.7407205136176,1151.92081717723,1243.9310243461898,1453.6479444122756,1537.54246559567,1511.0451602333276,1591.170695257789,1758.0365142864355,1754.9038596802511,2048.1580991978185,2233.1549317454883,2520.7453006233873
Kenya,,,,,,,,,,,,,,,901.7396393041442,996.7996012801594,999.4596002161602,1151.3595394561842,1225.139509944196,1343.2994626802151,1458.2394167042335,1609.8593560562574,1798.2992806802877,1928.6392285443087,2249.165999561277,2631.604765929296,2878.857826094654,3055.0462882179577,3950.7959828721114,4605.932170497504,5289.814067911564,6017.096597256944,5707.764575849683,5329.829797753221,4974.495736768959,5033.335877174116,6136.221176842887,7239.872547871587,7971.618706129022,8519.363727031458,8340.697533114593,8533.175065896276,8151.549191323218,8209.226242209033,5751.871078751682,7148.897603237075,9054.16703934295,12045.858436239932,13115.756711015158,14093.995530648517,12798.743569252993,12604.052484066398,12983.177874628323,13103.00689150733,14904.471683900569,16095.203090917588,18739.022766468002,25825.524820806422,31958.199638727463,35895.153327849686,42347.22405760225,45405.58698303324,46869.45940096294,56396.710365450555,61671.423939958826,68285.7963807232,70120.4499839954,74809.2416152227,82045.06331912758,92236.36393135949,100386.60364962787,100621.37873395374,110567.66806703378,114407.28170023674,108038.58915630338,120941.46367729208,137636.75572094394
Lesotho,,,,,,,,,,,,,,,,,,,,,,,,,,,,147.66003691500924,193.31504832876206,266.5700666425167,290.1345925230071,368.4995775736549,374.2330729047962,343.4270873625463,350.59689435418716,308.7549482132206,247.2775242633499,276.2326971637134,433.14685932918485,503.1955556923997,524.8829441639849,680.6392268429571,772.2171440216127,895.5369849824895,894.4022982751292,943.1657898007826,1060.2855767162546,1003.560470875016,1058.2027745711075,975.0252041154556,956.5937848245088,930.1732315100313,852.3765307747649,777.2989659761504,1155.0759360728828,1472.416419132387,1640.5873450088927,1698.2043637756642,1682.0976045260932,1766.930308114298,1740.9221742173108,2234.320796474153,2578.97267496588,2478.314856814337,2365.67624579754,2441.063149034917,2359.686744801723,2112.6222240920665,2316.120918466475,2554.0053886721416,2391.269416320526,2052.590630313335,2412.4039893077083,2353.7554461311647,2117.9625268475415,2273.0848703298493,2449.7860832960105
Liberia,,,,,,,,,,,,,,,,,229.3,244.49999999999997,260.99999999999994,276.8,307.0,323.09999999999997,341.5,368.09999999999997,387.0,487.0,577.4999999999999,596.7,672.9999999999999,717.2000000000002,814.1,854.6999999999999,846.5,863.9,823.3999999999999,848.4999999999999,851.2999999999998,841.0000000000001,972.7999999999998,1038.3000000000002,,,348.00000000000006,223.5,160.4,132.2,,,,,,,,,,897.0,944.0000000000001,1109.0,1344.0,1676.0000000000002,1765.0000000000002,1966.0,2340.0,2675.0,3044.0,3090.0000000000005,3092.0,3256.0,3321.0,3264.0,3079.9999999999995,3037.0,3509.0,3973.9999999999995,4390.000000000001,4778.0,5182.000000000001
Madagascar,,,,,,,,,,,,,564.7085512430475,597.1165025338966,613.3204781793213,648.1590258169842,673.2751880673924,735.4579446067091,781.4367255006017,843.6194820399185,863.463093450387,898.0607433307107,968.8541360328942,1083.8145988616277,1335.1967463552407,1549.2088814662025,1844.0404643697038,1757.2750727664215,1905.335631730086,2156.3891781702155,2797.5611246656417,3264.8849740981696,2903.612218724067,,,2939.416798897068,2857.768217668591,3258.2724665109263,2565.527045542758,2442.461649983477,2498.0042907748343,3081.4278400021417,2677.2949176183415,3000.646471366146,3370.7548131059652,2976.9816469345537,3159.7911680103525,3994.9522930132343,3545.73847453299,3739.754474951299,3721.3151277889174,3877.650535648319,4529.559080215527,4397.280425061658,5473.985125128198,4363.927742045953,5039.2824643322865,5515.888725629743,8524.606698401178,10725.141509157853,9616.861175436175,9982.712505083855,11551.804337520738,11578.9600769031,12423.583200039873,12522.960037601257,11323.022206061583,11848.615120176673,13176.312774581129,13760.032677854517,14104.66467898531,13051.441202549782,14554.754114245121,15149.231441785172,15805.273780459896,17213.32675657701,19337.876205413962
Malawi,,,,,,,,,,,,,,,,,252.2802522802523,286.1602861602862,297.5672667721615,270.48010819204325,293.28011731204697,320.5201282080513,403.0598367541468,448.0025151018392,444.3023111043843,548.6190610352079,613.1972267787874,670.309558154283,806.2658373646625,948.9834013831194,1058.2975670785602,3021.8102293324923,3021.3370058494424,2881.0717094106167,2986.9930879498793,2949.666756286349,2762.4920016287588,2883.2875711284364,2834.195061437743,3258.111115449186,3715.5012465936093,4222.245023599426,5380.06856180729,4393.774560955573,5055.669372532809,2929.581978847123,3412.0010206952506,5569.258908449555,6502.475036791087,4274.169930517785,4336.0226455664915,4256.883168356739,4177.9955760118455,4921.798593235324,4518.502553049547,4894.653712648534,5147.483533186962,5629.1925831164435,6241.58848789271,7491.940821075555,8717.122273619188,9799.185311688052,11269.654665686994,8488.113493854024,7770.591673595732,8515.320535146142,9014.254237090247,7732.628602864882,8943.543677188994,9880.664542558037,11025.358312649454,11761.19631628277,12378.11928365489,12429.060125926339,12569.161834707105,11122.176305433743,14213.847630187609
Mali,,,,,,,,,,,,,145.1520835032211,150.1954990327083,165.29532765207173,180.38828374015927,184.44387315811164,192.5284315241902,211.38125454774573,263.7691111425283,260.80835202203406,276.0462078920996,330.00430784066526,350.7546780516451,413.2101629062,405.89102843729876,604.2563913528344,747.4367022389622,832.3835884076849,965.1859467508062,1220.3721288818272,1843.7854979174556,1614.114694311654,1401.115621747625,1349.375173854398,1287.7857546623582,1392.195662674202,1852.1625383331505,2090.627776280458,2169.0425989095106,2181.8230263817836,2665.7410978274843,,,2845.47416152534,2079.159949928405,2703.306434163815,2778.133992243213,2689.8143351295344,2920.3575967898237,2938.6110557487505,2954.1308106425213,3465.3036298299135,3889.7591398379604,4703.506894305298,5444.472207236625,6245.032874032169,6899.801105395015,8145.691232653197,9750.829043891874,10181.02823887197,10678.749467469721,12978.110310978116,12442.750334458317,13245.777669824305,14388.385464276882,13099.48431820103,14013.169476536126,15195.008344970876,17060.806978778728,17278.865135871176,17468.91349142023,19305.935886280095,18829.930411359772,20414.799776304106,21959.526274315267,24596.4903141106
Mauritania,,,,,,,,,,,,,,,,,,,,,,,,,,,,,,,,,,,,,690.5364208341441,843.0117647058825,936.2830492851082,957.3775458140225,981.5294216806541,1049.6966839931026,1095.4191673032662,1464.3994723464498,1250.020694336374,1315.9295974104796,1415.2949879785465,1442.5966681727418,1401.9479364912115,1375.1140728793055,1405.6626287503461,1293.6557996599488,1295.5399550939292,1324.4270940718118,1563.0748593555713,,2184.4475912144853,3040.7166790766937,,4031.053345255937,3662.2793413593486,,,6728.208835079025,7223.063169499836,6592.537781815177,6166.863960000611,6398.747531601421,6800.135961614137,7473.550557073785,7894.764814099805,8260.752459273548,9222.536278768841,9557.980235548936,10651.709411469179,10813.710693890484,11707.070496528671
Mauritius,,,,,,,,,,,,,,,,,,,,173.88017388017388,186.4801864801865,188.64018864018863,211.63886134282217,268.23863498004135,340.2991766303399,563.9058193116703,566.8016194331984,704.0314180006945,823.6332183596654,1015.3700876320526,1211.1393111407378,1131.78966436717,1142.38844116403,1078.4088296160037,1090.2769472587174,1040.5570893386373,1076.1210943823864,1462.9002554506028,1880.8529142271436,2134.517067652947,2181.930254823014,2653.480001345578,2856.896430556532,3224.2726431582196,3263.372620126926,3558.1612881673013,4040.3651150618593,4421.933240844434,4187.402943397302,4169.684945837693,4343.7174916024105,4663.311000483207,4613.62803438785,4841.307521155531,5816.550560015339,6578.840793929087,6775.29938459561,7028.8033657015085,8150.13875715741,9990.37001630771,9128.843109155876,10003.670690349658,11518.3933672403,11668.685524126457,12292.957324421686,13074.130094372318,12007.291045648904,12594.155346298016,13713.505998039054,14735.674218972164,14436.347115289325,11401.040995994617,11476.433603781377,12907.767789596737,14167.667666838423,15056.482154661959,16380.668605780715
Mozambique,,,,,,,,,,,,,,,,,,,,,,,,,,,,,,,,4969.105128980686,3564.4068515820595,3653.7224282956977,3284.9467316024316,3416.362728189469,4515.90641189235,5317.977981097681,2383.646738737871,2119.528443042438,2343.882145417348,3541.103166650342,3854.851092535648,2798.7009765600806,2883.159660022353,2958.1071978019368,3061.6471905036165,4030.146133588283,4873.656594329568,5551.110202405277,6285.225591463236,5930.68521756734,5650.165255348489,5950.75862155355,6583.517725098498,7937.2706819087925,8868.491440045273,9509.827676003077,10811.473159956233,12920.363296177622,12263.894791329842,11411.894387979775,14619.27998897587,16688.104732627784,17198.079343004043,17978.24675598096,16208.985710459328,12069.051288912315,13264.640664039642,15017.358839716042,15512.759091302738,14235.420504593169,16168.056389268153,18883.529222773504,20954.221178444994,22781.365432386305,25090.718354479348
Namibia,,,,,,,,,,,,,,,,,,,,,,,,,,,,,,,,,,,,,,,,,,2443.8415039500333,2578.1148146538617,2930.564759590605,2846.6157038197653,3252.506477413541,3503.083739306166,3491.4580110947004,3635.231208604241,3398.706288393497,3385.5581817110456,3413.628287724627,3215.869571782678,3361.247355488725,4931.55755312469,6606.973399652305,7261.142290146919,7978.380134533451,8740.902814323237,8496.449594733707,8825.034696673032,11268.26349099968,12343.459529509215,13041.932742245968,12043.307198918981,12435.430022676155,11335.161746388138,10722.01874222407,12887.501267567546,13682.01941913256,12541.676210736225,10583.748757334553,12402.465038306886,12567.301318640699,12351.03500835987,13372.33721871807,14839.948783610756
Niger,,,,,,,,,,,,,,,,,,,,,,,,,,,841.759482625879,995.6057752667923,1175.51286225985,1591.8034530435707,2083.4704449939354,2537.8644452858766,2213.5862305000164,2017.6137988959424,1803.0997255068676,1461.0133262540708,1462.3950781613441,1872.9100853002838,2150.8167047651377,,,,,,,1417.6745526427176,1898.2345917443324,2019.7360190166394,1855.503718717287,2076.4401171620743,2018.1939551631563,1724.6058855916492,1880.6925688810554,2144.638071243694,2640.6125258086713,2897.0026325822805,4585.80236147027,,,7252.788602181753,7208.352217134774,7631.4426068644425,8600.814638054026,9166.700292051157,10147.447575095135,10877.077986492635,,10389.315327628245,11060.845517398415,12801.804962140843,12915.424422509803,13744.148277541835,14912.277192921669,15417.080134278629,16796.07464364195,19848.766162695858,22890.448237525507
Nigeria,,,,,,,,,,,,3359.9986560005377,3329.198668320533,3522.3985910405636,4124.398350240661,4402.998238800705,4705.118117952754,5060.15797593681,4131.398347440661,4029.198388320645,6634.317346273062,12546.094981562008,14554.692672853982,16772.737290905083,18622.42455103018,31103.53778150098,37279.163999467106,45661.27408031586,52093.9164046589,56752.068405344486,71045.53424049722,91938.08855830762,77090.955597143,72861.38321298487,73311.24639361686,77782.64823026456,75979.49817291621,39410.77901648314,26200.685252138923,30655.922344648523,29437.331714808282,33284.44233786041,31499.098339066895,30789.784026268324,30992.866660019758,40910.30187306784,132229.35333153693,172686.16320301217,187865.38624972018,209676.95513113405,57477.48242599749,67823.85399765972,73128.37077793061,93982.75655592229,102935.7141972729,130345.06682318945,169645.00076176543,222790.697152007,262267.77589660435,330318.0570411486,297414.14151589636,369062.4672317662,411744.5999417371,459377.216440559,514963.6684869946,568498.7881899823,494582.603948976,404649.5275377133,375745.47526518337,421737.2973773423,474516.7727052262,429898.7658023665,438924.61969855486,475058.5162555536,363341.708594937,204318.9640507987,231094.53529316065
Rwanda,,,,,,,,,,,,,,,,,,,,,,,,,496.8899692571673,529.1545895018742,572.1883930284047,638.0634208239575,746.3378888436035,906.2677747494354,1123.5345890620333,1254.881547315425,1406.6036945719552,1406.6193853427894,1478.7619193309877,1587.3015873015872,1715.640278532273,1943.124228658456,2154.526897607116,2297.3876257886113,2373.329673483138,2551.045886641156,1911.9714934006586,2064.282994497495,1971.5329631093273,1178.3602456220149,9287.441548237482,1382.3411287063195,1851.4940052840284,1989.466749127974,1817.680914649849,1734.6854984398094,1674.9738144255427,1676.606397189528,1846.909263375213,2088.4961269306905,2581.464012778247,3318.772543546428,4069.8046457203973,5178.760498784857,5673.24967753629,6123.838382799063,6884.810605240318,7655.930782441662,7818.927495530717,8239.578812904352,8546.111464377163,8697.347430691072,9252.552277357048,9636.58516341536,10346.355405242784,10174.094498067152,11068.911003930978,13316.402482086996,14328.09129291027,14251.57109737343,14864.858029176683
Senegal,,,,,,,,,,,,,,,,,,,,,,,,,,,,,,,2751.00835832683,3502.461188943582,3175.9350239759174,3110.107545206113,2773.797714831552,2705.071666090714,2962.629907203576,4189.936068101621,5040.97665179329,4985.764551046171,4912.102517805195,7237.095408123812,7111.25034496698,7601.999530426609,7189.216297767929,4908.412716495673,6176.317501640256,6413.194853886741,5915.254312080239,6368.263034763455,6512.208679851113,5948.494425538992,6174.894158324672,6752.512220645649,8683.233750113506,10167.438005328375,11004.658005314068,11687.52940251678,13975.727078033748,16786.056575764003,16081.15295985904,16105.60273884715,17790.976014855914,17661.88531296288,18913.29219469476,19770.92105195759,17767.605038464786,19022.829326198575,20763.309377022386,23104.325012955604,23402.119264520665,24535.457973482542,27515.756393428437,27623.51900563273,30408.127073726926,32503.053555282702,36444.66360040062
Seychelles,,,,,,,,,,,,,,,,,,,,,,,,,,,,,,,,,,,,,168.88761803841427,208.84634251771556,249.2674120224785,283.80795643039846,304.81497488362874,368.58475894245726,374.3588483185897,433.64089668448537,469.2629397108575,486.4454316377431,508.15103833077484,503.0804952937437,562.9344612580924,608.3607775469908,622.0196983479892,614.8776125254209,622.2578078852215,697.514429665531,705.7022026692737,839.3199352069089,919.103261987138,1016.4200760679475,1033.6357020707517,967.2123107430562,847.4273703063066,969.9702897470459,1018.4294060917454,1059.4988843253284,1328.0915238003033,1387.5705404472815,1432.40335279341,1568.5133883034662,1675.370678904079,1784.3139684745115,1868.6900944653664,1382.5517711235225,1487.173831319642,2018.3532436610058,2187.379824038974,2167.239537043836,2280.814921927268
Sierra Leone,,,,,,,,,,,,,265.71989371204256,277.75988889604446,282.5198869920452,301.4198794320482,346.77986128805554,366.65985333605863,361.77501736382,330.24013209605283,377.8801511520605,426.3601705440682,419.54810120183805,444.3156814214106,481.78337020513453,558.5292608312944,633.5022820241101,551.2921893533662,649.1059747056257,811.9078545232275,973.7267850553941,2708.1348828348255,2903.114485376586,3264.0374601380536,2837.6995008831345,3282.9339229865136,2793.983698980794,2092.455304155456,1822.8097231401925,2988.0267330173683,2744.7302249685686,1509.2244100207336,1812.0496776640123,1579.6909350835535,1786.210105047237,2118.3675904148345,2022.8848435414507,2187.761476738074,1975.253748922548,1562.0246607231936,1555.1144835078348,1477.2274056937463,1736.275205800166,1995.5774810269502,2227.738357879673,2355.2471032465846,2740.237888420156,3145.2782157459205,3450.460104716952,3917.071886393136,3795.14923279134,4174.020698375351,4798.741366148866,5745.955147742655,6742.0904789382585,6531.510785256644,6743.774111328891,6035.730824070754,5821.700803087862,6390.514915380296,6523.577508314738,6688.594898317308,7165.214148385636,7119.137397714736,6411.869503681526,7769.336979021843,8691.802823959697
Somalia,,,,,,,,,,,,,1369.0,1454.0000000000002,1544.0,1640.0,1740.9999999999998,1838.0,1941.0,2048.0,2145.0,2258.0,2360.0,2910.0,3185.0,2943.0,4475.0,5082.0,6879.999999999999,8181.000000000001,8998.0,17371.999999999996,22050.0,29105.0,35057.0,62322.0,87360.0,120.56,168.07999999999998,283.9,559.48,,,,,,,,,,,,,,,,,,,,,,,,5869.0,6443.000000000001,6841.0,7391.000000000001,8252.000000000002,7873.0,8655.0,8627.999999999998,9484.0,10203.0,10969.0,12161.000000000002,12944.0
South Africa,,,3995.5844017662394,4285.608285756685,4867.686052925579,5240.001903999239,5526.077789568884,5955.401617839353,6299.017480393009,6493.771402491439,6875.4392498243,7360.847055661179,7749.4309002276395,8257.798696880522,9154.274338290266,10075.641969743212,11002.231599107361,11995.013201994721,13382.258647096542,14475.714209714317,16316.013473594612,17906.832837266866,19765.190145088833,20752.434288836423,28445.484531506907,35729.24469849605,36947.40286785268,35475.43886885972,39399.69984992495,45328.756332189085,55936.476794576876,80543.6074953071,82789.24176626834,75944.35541802508,84687.55048918411,74957.97407949678,57252.98047714555,65379.88560325248,85778.20562565386,92199.58917425784,95961.38301279607,112013.9758514602,120225.10973012907,130513.21699433032,130406.02985549645,135777.85287822466,155460.71368507537,147606.26606347473,152587.47905797794,137774.85944995552,136632.413887925,136361.26533358888,121514.94102806538,115482.3683436584,175255.75861727088,228590.3812721663,288867.1290843532,303858.62911741034,333076.88595488947,316131.3704271282,329754.2151157645,417363.9366116576,458199.61906755564,434396.8370164568,400684.22153772216,380908.89126628084,346486.12342012714,323567.6685834764,381136.71453122183,405260.7071314905,389330.02732074226,337974.6494768239,419986.2064900513,407596.03320717806,381440.6970397159,401145.0363858987,430442.21661848825
South Sudan,,,,,,,,,,,,,,,,,,,,,,,,,,,,,,,,,,,,,,,,,,,,,,,,,,,,,,,,,,,,15558.856738240136,12275.399408219746,15720.078057241979,17501.620951668916,11266.779661016948,14946.779661016946,15178.983050847455,3294.0058118897073,1622.3866401924074,1602.254422048379,2869.2332662468357,3967.272953007636,5075.290118676067,4253.79021095562,6438.5167987901905,6244.36103213397,2577.6546228071584,5209.800553165862
Sudan,,,,,,,,8.614698973702197,861.573808156232,944.8592762780012,970.7064905226881,973.5784032165421,1111.4302125215393,1206.203331418725,1309.5921883974727,1332.5674899483054,1369.9023549684089,1427.340608845491,1430.2125215393453,1539.345203905801,1674.3251005169443,2185.5255600229752,2389.4313612866167,2576.105686387134,3578.403216542217,4339.460080413555,5307.294658242389,6720.27570361861,8278.720068005723,8620.433856490361,9255.138442610918,9901.399999999998,11448.346449366385,7056.599810983935,7059.999999999999,8700.769230769232,6038.5760540273095,8056.400000000001,12157.0,10398.000000000002,,24469.111111111113,27358.086387449614,4185.537150639885,5242.326474760535,5802.374926193591,6693.362071636878,8377.105669217053,10240.902686991509,10924.193982131648,10714.313997228272,13134.180917304171,15716.538720226361,18137.072455621976,21355.413954165597,26645.857970958295,35182.630969680555,45263.93832919646,59440.00793611429,64833.31419604241,58315.55530451482,,,,,,84027.71324261534,119765.98446372768,132617.12671470636,55979.90002497756,44379.09373060207,95988.75578333058,39923.505788420145,,,,
Eswatini,,,,,,,,,,,,,,,,,,,,,,,,,,,,,302.45007561251896,339.48008487002113,414.23239304441205,542.0074731313962,571.5146335814195,503.4904496141166,520.240552912665,448.9317282143051,361.01164234430394,449.1407115005055,584.1760681325915,692.0258459535422,696.9207070630043,1114.6939690490547,1156.13184998479,1284.7605723682595,1357.1918206466855,1419.2942435507493,1698.9873424701343,1602.7422749950574,1716.7141207822983,1562.1169694733262,1534.7683794119812,1675.833557882542,1566.0028016605531,1315.9467587541626,2161.0760434911926,2703.0708903987656,2924.9936707168836,3498.1651172922,3762.896767664438,3334.8585317907045,3630.186212113523,4311.030128858305,4806.001269774814,4734.2438522917855,4408.051322311823,4463.055119829173,4202.523708754605,3883.054397355385,4560.398737398133,4573.53852912872,4577.271783514429,4139.786252125334,4932.517136540388,5027.239577312252,5012.629747913842,5386.1619557740605,5827.133909828751
Tanzania,,,,,,,,,,,,,,,,,,,1028.0195887921645,1102.3595590561763,1157.9395368241856,1284.3594862562056,1373.9594504162199,1564.0706155763064,1866.423185069754,2241.676057206609,2580.63552782148,2915.0854088150923,3482.59966872597,4171.264449789615,4415.80601269135,5138.47831842266,5927.680415669203,6671.306176401198,6149.441792009192,5584.0232275277585,6422.337070677588,4538.228637837176,5127.35681695103,5100.365487284486,4420.178968732781,4258.741079484866,4956.583636388525,4601.3879371733365,4257.712066404457,4510.851969366072,5255.218681819606,6496.188641963388,7683.860406912349,8381.981461505015,8637.572691300138,9080.832424423012,10383.55704851143,10805.598691472953,11659.117698041255,12825.859014256472,16930.039949332557,18610.460326583274,21811.215212479765,27782.63470371058,28985.588358965022,31553.292346895483,34044.591679866106,39367.44095818319,45598.21038226576,49941.45250617038,47378.59980609895,49774.00576130011,53274.90753480275,54774.616385805624,58797.221362821285,63371.879460845645,67964.82221080188,74171.74753343679,78367.74973619248,79235.71350673963,89085.09691224014
Togo,,,,,,,,,,,,,123.13463263475498,130.60478176757246,135.08097430371893,156.84393964746744,177.40072879813596,216.0755134769902,231.8120658046105,241.96877587704242,267.90172372009647,266.7698975770885,297.069974868897,347.4018759820338,405.5292096065754,542.7141106333479,598.6571043287157,570.4122201297344,687.0726147834581,837.5580529655759,1000.3666757552111,1128.3604695191214,949.4684080947702,820.7397308631005,782.0167635002861,718.1484676981945,752.7884557597665,1054.8474470554943,1239.1153169160536,1378.89124654186,1352.9441267930588,1625.2548068976917,1605.41922036674,1675.5323168059483,1244.1597242577598,982.7000837528478,1660.950041236136,,,,,,,,2111.0942876806607,2255.941395269599,2280.576262446253,,,3310.28014425922,3365.713934762996,3426.0222057555675,3867.39243768358,3873.5306849588756,4320.427495749331,4569.1316310514585,4179.181672161637,6026.129114281212,6324.421812732042,7108.393432947543,7219.8160960341875,7575.182025127287,8332.515974556101,8127.619392454269,9070.453063133693,9775.093439438791,10936.404127257092
Uganda,,,,,,,,,,,,,,642.587148257035,739.1852162956742,842.7831443371132,947.7810443791125,992.580148397032,1037.3792524149517,1111.5777684446311,1252.97494050119,1349.5730085398293,1518.9696206075878,1598.7680246395073,1855.7420475827641,2211.3383641981795,3066.5919330847005,3173.174517339953,6478.992614117932,7713.617566416354,12257.39459536031,17987.056761493866,5728.008503105751,4427.587570855756,4224.564869818409,2863.4814374120797,3937.978036367965,4510.5,5064.645563976818,5728.084721489409,5121.69867140014,3604.6915624162007,2933.0799307911334,3154.0530767398996,3243.1256380646346,5165.629514674127,6043.396906030134,6123.88153869685,6595.904008273239,6334.561520910095,6013.575469298819,8007.616946352646,8088.97877304011,8698.464039185783,9007.567333573677,11098.446149152627,12863.74888491242,14535.730131810258,18079.90883234814,23145.985314165322,20493.2024785965,24742.383787953902,23914.37890010703,29915.095887569678,31996.423341023048,35226.75286068704,31027.750249840155,31729.512046589836,33363.968054376746,35440.65724885745,37712.52551042122,39887.121791269055,45371.50856785416,50109.623066183725,51933.716537826615,56590.84947974522,66270.2668075856
Zambia,,,,,,,,,,,,,,,,,,,,,,,,,,,,,,,,,,,,2719.516432365058,2252.4556955574526,1681.9778004609389,2077.678694297056,3631.832490122211,3994.6719561015516,4084.760831628441,3689.8097522236803,3613.8440518426264,3576.9104068072916,3656.8060918593123,3806.9833583813574,3597.2209470911657,4303.281919706778,,3404.2834702501314,,,,,6221.103716306833,7547.8884283633915,11803.822851068673,11255.40909227187,13367.470619330103,12760.324289403125,20265.387293262236,23459.668307495678,25503.304172555057,28045.568668385942,27150.565808575408,21243.454896129733,20965.129798630125,25873.57286472687,26311.49424361815,23308.7488186699,18137.765281953856,22096.417390798073,29174.631874660136,27577.956651472665,26325.77252112414,32206.722798405815
Zimbabwe,,,,,,,,,,,,,,,,,1311.3999999999999,1281.7,1397.0,1479.6000000000001,1748.0,1884.2,2178.7000000000003,2677.7,3309.4000000000005,3982.2,4371.3,4318.4,4364.400000000001,4351.599999999999,5177.5,6678.9,8011.4,8539.7,7764.1,6352.099999999999,5637.3,6217.499999999999,6741.2,7814.8,8286.3,10144.0,9450.0,7793.0,7569.0,7958.999999999999,8262.999999999998,10117.0,10385.999999999998,12099.0,11769.000000000002,11340.0,11244.0,10735.000000000002,9574.0,9465.0,9046.0,8140.999999999999,,,,12042.000000000002,14102.0,17116.0,19093.000000000004,19499.0,19969.000000000004,20555.000000000004,23124.374999999996,35641.66666666666,83742.0,24839.20480192077,30230.36669851886,33439.32798302234,414899.9852065783,28016.995125956484,28274.121821530767
Belize,,,,,,,,,,,,,,,,,,,,,,,,,,,,,,,,,179.43803629992354,179.28300775765047,189.019800396539,210.938835905654,209.2285210199325,,,,363.2168717834915,374.31768232176205,371.075040919722,664.6761236895052,716.24748813952,716.5036299012351,783.821770853,824.80472523545,892.506069761495,,,1059.9968040895951,1103.0456781446953,1225.2569598458101,1263.31720480901,1346.158608052635,1403.4710271728698,1530.17334502585,1651.3214425115498,1736.4830887797846,1616.064285455345,1757.7998078669998,1762.0492202818898,1885.2185638463197,1982.015225832625,2138.8159735766553,2069.4381563183897,2131.680403542275,2182.880260258685,2295.18681863904,2362.9207796962055,1888.4629591154198,2367.04373317538,2783.0635507238653,3109.31087514811,3251.3635323109947,3346.2605169437643
Costa Rica,,,,,,,,,,,,,,,,,,,,,,,,,,,,,,,,,,,,,,,,,,,,,,,,,,,,,,,,,,,,,,,,,,,,,,,,,,,,,
Cuba,,,,,,,,,,,,,,,,,,,,,,,,,,,,,,,,,,,,,,,,,,,,,,,,,,,,,,,,,,,,,2734.8017621145377,2833.8325991189427,3039.2070484581495,3222.070484581498,3398.5903083700437,3553.1277533039647,3838.4581497797353,4025.11013215859,4266.563876651983,4471.483113069031,,,,,,,
Dominican Republic,,,,,,,,,,745.6999999999999,,732.0999999999999,694.0999999999999,879.7,1009.0,1123.3,954.4000000000002,1074.3000000000002,1121.6,1149.3999999999999,1344.5,1485.5,1666.5,1987.4,2344.7,2931.2,3599.1,3951.5,4587.1,4734.4,5498.799999999999,6630.700000000001,7266.9,7964.400000000001,9220.6,11594.0,5044.576737850228,6122.134881366787,5827.047722094487,5374.297343812372,6686.5930599369085,7073.675544808465,9735.404004821863,11291.133868246936,12713.249975296156,13758.709368893093,15369.130106146178,16886.454725061853,18905.659109610388,20389.792095161985,21439.72781308668,23959.97370696053,25208.184852342492,25654.772741937955,20389.126413807247,22233.05021868996,35510.44557809614,37932.611036212205,43780.646497385016,47657.83039937676,48071.00450148695,53159.53965838029,57811.18065819061,60657.7802595876,62661.773592025216,67170.25455624856,71155.03522907094,75662.31162876479,80033.39061058627,85545.58026053046,88937.65864935942,80276.98999841974,95081.8842886579,113825.25612720988,120456.23915344068,124282.24494334194,129284.64852068818
El Salvador,,,,,,,,,,,,,,,,,877.72,929.52,976.2,1009.76,1049.4,1132.92,1186.12,1263.72,1442.32,1665.88,1884.12,2328.2799999999997,2941.64,3127.9600000000005,3463.6400000000003,3573.9600000000005,3437.2,3399.19,3506.35,3661.68,3800.37,3771.6600000000003,3958.0499999999997,4189.879999999999,4372.219999999999,4800.900000000001,5311.0,5954.7,6937.990000000001,8085.55,9500.489999999998,10315.5,11134.7,12008.399999999998,12464.699999999999,13134.147768,13812.743885714299,14306.712,15046.686000000002,15798.2868603,14698.0,15999.889999999998,17011.749999999996,17986.8862428623,17601.616010157995,18447.92,20283.78,21386.15,21990.96,22593.470000000005,23438.237939965195,24191.4299751074,24979.190371893004,26020.8537343418,26881.136765622497,24921.192365875297,29043.144334085,31870.1080292659,33853.9414596934,35364.967208392496,36587.0
Guatemala,,,,,,,812.8999999999999,901.3000000000001,940.1,976.1,1036.5,1043.6,1076.8,1143.6000000000001,1262.8000000000002,1294.3999999999999,1331.4,1390.7,1453.5000000000002,1610.4999999999998,1715.4,1904.0,1984.8,2101.6,2569.3,3161.5,3645.9999999999995,4365.3,5480.5,6070.500000000001,6903.0,7879.4,8607.8,8717.400000000001,9049.9,9470.3,11179.8,8446.986666666666,7084.4400000000005,7842.82213179212,8410.40154538869,7650.186367527464,9406.130192010944,10440.778009642925,11400.017035291445,12983.203505355405,14656.113067393648,15782.931179550078,17785.35827753752,19394.65021541445,18317.64742519575,17187.26174037106,18702.833459946378,20776.536919959344,21917.565499914996,23965.267727930535,27211.243473226143,30231.13054298315,34113.093453924645,35558.092417982734,37288.343456108276,38469.76261342952,42955.786936851575,47148.63282969078,52996.47316628606,57852.15046123921,62186.06475516873,66041.99936439208,71646.378266472,73321.1028240625,77169.28931682395,77726.0071152032,86455.51596343241,95641.44431863994,104368.7577331865,113199.5932948582,120973.46933369461
Haiti,,,,,,,,,,,,,,,,,,,,,,,,,,,,,,,,,,,,,,,,2226.0,2503.9999999999995,2613.6,2351.6075947479108,1532.3919291304444,1551.491518814584,2056.9148936170213,2333.9311832796147,,,,,,,,,,,,,,,,,,14786.75248433189,14940.990008876472,14204.421652779365,13333.356319394405,15237.363268783785,15822.209353927028,14006.80586736897,15505.195825918574,19043.730285389767,18751.27094604292,19841.2182515377,25312.21672473493,32307.754822415303
Honduras,,,239.99999999999997,249.49999999999997,270.5,256.0,274.5,287.5,297.99999999999994,317.5,329.00000000000006,335.5,356.0,387.50000000000006,410.0,456.99999999999994,508.4999999999999,550.0,598.0,649.5,674.0,723.0,775.5,841.4957925210374,947.5000000000001,1056.9999999999998,1124.0,1348.0000000000002,1669.4999999999998,1899.0,2212.5,2565.9999999999995,2819.5,2903.5,3077.0,3319.0,3639.5,3808.5,4152.5,4625.5,5167.0,3048.8961522186396,3068.462026042617,,3505.9444525139143,,,,,,,7187.3281578521755,7652.707497237248,7860.00462472769,8233.80396995151,8871.016466917863,9757.034456757805,10917.481688471147,12361.252388185296,13881.695743712904,14587.496229181112,15839.344591984163,17710.31500599986,18528.601901323957,18417.187576424552,20280.435314257767,21317.029354569873,21822.06888631178,23142.594579303524,24065.13967832785,24878.712467362926,23352.28989484206,28144.5434792491,31426.266773771975,34355.80577420503,37093.56519359143,39648.584637690474
Jamaica,,,,,,,,,,,,,,,,,,,,,,,,,,,,2966.0429660429663,3249.73324973325,,,,2979.0279664537284,3293.4961996609445,3619.256606390577,2373.5670082175106,2100.2381911862067,2754.557918007678,3287.0575412773137,3828.3335307139405,4404.9757687165775,4592.130044000373,4204.475111217491,4259.857231830594,5419.42233231524,5432.193169900169,6552.482634788474,7362.067479175423,8374.048496660029,8742.16142270862,8831.021809007902,8958.35126565346,9194.717835999852,9719.01792592929,9430.230564469897,10174.661928002735,11243.861748343208,11930.179066876806,12799.590714363194,13709.40208532056,12120.460872800337,13220.549858201419,14444.661488129614,14807.086490853288,14264.205123688644,13899.22533969172,14188.938780503864,14077.105502917531,14808.984880579688,15730.791525650155,15830.766372265081,13812.421859402553,14657.58635938034,17097.76074520971,19423.357001185464,19930.287430544082,20949.114631808126
Mexico,3965.317919075145,4751.445086705202,6127.167630057804,6855.491329479769,6809.248554913295,5776.0,7056.0,8048.0,9240.0,10288.000000000002,11016.000000000002,12472.0,13256.0,14384.0,15584.0,17712.0,20160.0,22624.0,24504.0,27128.000000000004,29992.000000000004,35544.0,39208.0,45176.0,55272.0,71976.0,88008.00000000001,88877.07606736766,81925.6719340448,102664.78677752742,134507.616617117,194762.75543549302,250330.41534432542,173212.86415125785,148901.69367328926,175191.26724980338,183622.58245351768,128784.69628440615,140157.30891465556,183143.35865840194,222979.76412468974,279594.90329232736,335123.64043559064,388653.0986461599,530160.2289431959,553617.7602574131,380157.184905825,432157.82885603566,523449.5328005698,557461.219521806,631249.2416635287,742061.1788196574,796064.77071055,810665.9513916795,765551.3138381685,819456.8270423535,917571.1834390113,1020268.9876321198,1102354.7565015282,1161555.2305992076,943435.656935657,1105424.9366888257,1229016.1631772555,1255106.4391206957,1327435.4447228312,1364507.746878867,1213294.482256732,1111741.9396422333,1191499.7546330143,1256860.9916656981,1305775.9498934457,1120939.9664929265,1316466.0895728518,1466934.7231503404,1794410.378752976,1830489.2772091953,1852271.3810574496
Nicaragua,,,,,,,,,,,,,,,,,,,,472.10526826616973,507.4831120428605,526.8654398633433,560.786939979812,587.3466495845952,734.4779726490087,1031.7328596940756,1061.6798664492587,1220.630483733209,1429.0123456790127,1382.6820793539873,1039.6268640657615,1409.364800401707,1658.996681843782,,,,,,,,,,1690.772051334284,1792.8,1912.6718513418061,2976.1649769146557,3184.5488556892165,3320.3366723964205,3383.4493357380547,3572.5625832789956,3742.6265739713617,3938.06565545079,4124.716756781011,4026.0397297088684,4101.96231611562,4464.746222839759,4871.984001046607,6763.6716107000575,7423.377429059275,8496.965842276699,8298.695144915066,8758.62232398719,9774.316692159844,10532.001129669974,10982.972252333879,11880.438656604336,12756.69628961984,13286.093197485929,13785.892848868201,13025.221836451585,12611.20556186197,12621.46593781771,14013.014452081228,15649.891272716926,17829.20790587036,19693.98296888934,20603.177422458564
Panama,,,,,,,,,,,,,,,,,,,,,,,,,,,,,,,,,,,,,,,5638.299999999999,4874.500000000001,4887.500000000001,5818.4,6397.799999999999,7272.900000000001,7942.3,8469.2,8657.8,9322.1,10084.0,10932.5,11456.3,,,,,,,,,,,,,,,,,,,,,,,,,,
Trinidad and Tobago,,,,,,,,,,,,,,,,,,,,758.9000000000001,779.2,821.85,896.7633476464393,1083.392321785476,1308.786149590143,2042.0021137427373,2442.6675269610105,2500.4208080335334,3138.666666666667,3562.333333333333,4602.416666666667,6235.875000000001,6849.166666666668,,,,,,,,,,,,4576.815981760759,4947.231444084572,,,,,,,8960.361552223008,9148.03890019044,11463.551462741403,13471.60129253307,16169.845216659893,18600.50711154955,21937.296841313957,28193.238775082005,19519.76648154282,22521.907032107545,25789.3898184925,26318.581127714013,27674.5634401246,28780.36024087449,26841.139276068105,23624.334604561453,23847.762195729054,23888.91607899793,23588.035859180975,20991.3337323633,24177.29873380349,28510.32325738112,25489.36475809927,24252.921090201642,24474.63223331967
Canada,,17561.98347107438,21158.594491927826,25709.908069458634,26851.47507629705,27267.214799588903,29665.314401622723,33436.9918699187,35946.185534755175,36769.73608295007,39491.53231566118,40677.1411748814,40641.811523389304,41791.030811119315,44469.68502841883,48719.184876832216,53739.40147312566,60165.96740058664,64612.361060896816,70657.18767111846,77848.56561754135,86303.12658506473,97474.72246704758,111030.74652526989,128945.68434525235,157497.75314329885,170691.92654056393,202828.5286884207,207788.80060181484,214678.2154347883,238665.0390124806,268888.66081661277,300665.6045908367,307894.7581723716,333803.41117476183,347148.802767418,355709.34762867267,368867.21842389356,421533.3448970203,498162.84908711235,555518.2053902481,582737.8146507024,598197.6399120204,579517.3446509973,563677.9399567465,564477.4611171319,590500.1311532743,613775.1472346294,637527.2637980096,616783.0612217385,661251.3713797259,744773.7878002303,739006.0435445132,760644.1006295719,895576.1750115986,1026679.835821125,1173161.3520829205,1319337.7763672906,1468821.3387952703,1552932.4111560953,1374625.1421572918,1617271.1035179,1792832.1598818027,1828685.892945072,1847200.4272674304,1803534.113917995,1556128.7426172239,1527517.8329399144,1647293.0365249324,1724952.966433943,1743453.6548605878,1655873.9746457865,2022183.4130781495,2200567.394917617,2196593.836347417,2270076.189683472,2303868.2986890925
United States of America,267225.0,293725.0,339250.0,358300.0,379350.0,380350.0,414725.00000000006,437449.99999999994,461074.99999999994,467149.99999999994,506625.0,526475.0,544775.0,585650.0,617775.0,663650.0,719125.0,787674.9999999999,832449.9999999998,909850.0,984450.0000000001,1038349.9999999999,1126850.0,1237900.0,1382279.9999999998,1499449.9999999998,1637670.0000000002,1824579.9999999998,2030120.0,2293750.0,2562200.0,2788149.9999999995,3126850.0,3253180.0,3534600.0000000005,3930929.9999999995,4217479.999999999,4460050.0,4736350.0,5100429.999999999,5482120.0,5800520.000000001,6130380.0,6539300.0,6878700.000000001,7308770.0,7664100.000000001,8100200.0,8608499.999999998,9089200.0,9660600.000000002,10284750.0,10621825.0,10977525.000000002,11510675.000000002,12274925.0,13039197.0,13815583.0,14474227.000000002,14769861.500000002,14478066.8,15048971.0,15599731.500000002,16253970.0,16880683.3,17608138.300000004,18295019.0,18804914.0,19612103.0,20656516.0,21539982.0,21375281.499999996,23725645.499999996,26054614.299999997,27811516.999999996,29298012.799999997,30615742.999999996
Argentina,,,,,,,,,,,,,,11472.27094750633,14417.843523144244,21368.738959484872,23589.495597610385,23906.287353573993,17995.051360875757,19999.999999999996,22857.14285714286,23736.24286923704,28750.43954998927,42000.0,70000.0,98000.0,39097.74436090225,54220.86967703221,51345.205123235864,65774.42664153315,108210.51352726335,209018.26732565483,169759.85136359814,84297.42501687721,103988.60398860398,116915.08091016732,88150.89172810642,105872.33519117063,108810.80072751016,126890.29545506476,76629.89559219542,141353.27089003238,189709.23513508413,228989.88736597073,236754.53928440576,257695.63406899644,258096.52413103273,272241.74546822277,293005.50275137566,299097.54877438716,283664.8324162081,284346.1730865432,268831.4157078539,102041.61579493742,129595.63956795594,165947.7969160726,200622.03320542868,234391.48997117125,289755.0349916505,365644.9069333749,336359.10227055795,426486.89782614267,530158.1211345599,581431.452546105,613316.3288669896,567069.5232198143,644916.159428138,557265.8019204818,644012.112929571,524764.5147560649,447716.4832198039,385626.6170634921,486465.44574255345,633705.4389957333,649461.6885926999,638365.4551254462,688197.4836800977
Bolivia,,,,,1721.0526315789475,,7900.0,355.28350515463916,355.3421368547419,,,,410.10101010101005,448.40067340067327,482.82828282828285,,,,,857.9124579124577,929.6296296296294,1041.2457912457915,1139.983164983165,1297.4050394885298,1302.1489255372314,2165.167416291854,2458.8205897051475,2820.9395302348826,3259.370314842579,3758.1209395302353,4420.853489386521,5012.234910277324,6117.455138662317,6243.005882472293,6000.949790614342,6664.732087336691,6514.820614095889,3959.3800079085936,4347.957271820328,4597.615562665942,4716.013790643761,4867.571273225853,5343.251568866757,5643.862869566108,5734.710720549204,5981.209907110024,6715.1701754459045,7396.942819251134,7925.7402564776,8497.494614464631,8285.065919300258,8397.85820581738,8141.513227192097,7905.485150069734,8082.3964742916005,8773.153271625084,9549.123115870696,11451.841200656047,13120.076420952078,16674.311166126947,17340.028490028493,19649.715326683745,23963.171607868288,27084.49748286165,30659.338880417505,32996.18801255991,33000.198248129236,33941.12620006064,37508.64216533661,40287.64793047612,40895.32284378509,36629.84380502156,40406.11169517902,44008.28287796064,45135.39800881664,46627.12379296787,56672.57844581593
Brazil,,,,,9565.572537133768,,,,13749.133455431609,10109.433719387698,12924.592906484544,14285.573187188184,14480.970190768812,16152.571469445173,19550.245309781447,17583.926173010786,18879.821823027916,23766.41098850541,26116.432413673436,28504.967338051174,31221.361491697673,35543.17478682999,41048.19466659675,49080.203741491314,70204.90844756954,92209.59991287657,108568.48761956758,128646.74335474624,148107.2135170327,168198.47181815273,185892.78516727124,198457.41113346748,220256.52541805108,232546.91357706854,166005.25392642902,167826.8339374873,187968.2771574664,226008.85327124308,247917.9797717995,277335.5761440096,326160.51989986876,390732.5770621809,340984.65000767214,328209.64455049107,368266.77395588957,525369.9502319898,768950.9289228794,850426.4330040772,883207.8183367294,863708.5265342088,599643.0160226634,655449.3068514664,559984.1114690101,509795.7974901622,558232.8386941557,669289.1959859974,891633.838456451,1107625.0040223782,1397113.0319558717,1695852.3151758402,1666994.793516152,2208833.9785019583,2616154.660067072,2465226.5407793885,2472818.388842766,2455205.885522268,1802811.6023035788,1797120.8278677827,2069404.8584529092,1917250.7292980715,1873511.9168357,1476731.4185911121,1669842.8293496387,1951923.9073813364,2191131.735986991,2185821.726575293,2271220.8562742067
Chile,,3314.8675169692456,3490.599731420897,4262.623753592847,4914.5115559756,6042.514291180284,6173.030031791105,5952.558111848567,3836.429971725511,4257.456935823095,4235.915052959528,4065.893209529348,4562.248843011408,5343.027873378464,5336.695873078513,5690.313465630594,5829.262575000159,6823.953426777525,6732.869401196071,6876.784163967849,7960.587543138561,8726.845488805144,10400.783054568092,11254.559591460604,16008.090237696098,15516.998242317308,7218.649321239324,9857.057498736034,13362.401211006789,15400.211019781527,20732.53897083698,27571.025641025644,32644.102564102566,24340.235285798193,19770.82891749156,19226.6253712777,16486.012681835135,17722.541854558647,20694.69068899351,24153.42921979332,27546.693437820748,30322.75838545373,36424.447906166955,44468.47005869115,47694.51166105016,56439.786090147725,71348.604869787,78574.95749114043,85731.96913867324,81995.65923943269,75596.54622752208,78235.81739367332,71517.30562669112,70295.19825470254,76507.80013827057,99079.39244892367,122314.85008074772,153840.04903116307,172565.92224536042,179663.40071316328,171412.6092072888,217105.5033914814,251224.59621062386,267176.03310372046,277239.4053380661,259405.19811662115,242496.65135148625,249252.39234490736,276720.5432098766,295365.9313584819,277905.7746699072,253988.23811506963,315094.32899464347,300819.4695517138,335518.0548896318,330267.89639348426,350470.68543432356
Colombia,,,,,,,,,,3231.7187500000005,3695.3125,4031.1981914091934,4540.44776119403,4955.652704380827,4836.222222222223,5973.333333333334,5804.009546539381,5452.740740740741,5727.3341421717305,5918.775743215454,6406.025369368537,7198.8982329434875,7821.130950887772,8671.612029855114,10287.261496805857,12368.737075133999,13098.105655228606,15341.89007289466,19470.617187266314,23263.826717756416,27939.4967778932,33399.32276233442,36387.4436828438,38968.73980840981,38731.43252809295,38253.27077774582,34894.316712575186,34942.47430003964,36373.27035081429,39212.29786010816,39539.89878923486,47844.23972492279,49175.96695337614,52326.803480129915,60565.19497372736,79936.10594245509,92502.95236989304,97146.68801666844,106671.57481419154,98512.66444139015,86301.33866293139,99875.95191340582,98211.88625996355,97963.05465929782,94641.46091428769,117081.651519244,145619.45510873265,161618.54019668465,206182.00535055262,242187.11090557044,232397.39424351093,286563.04481794196,334943.7813152683,370920.4741499249,382115.1654278972,381112.1104853843,293481.7530788729,282501.161591209,312273.3096357502,334122.7154085007,323224.9684418507,270318.0266887584,318551.45116266893,345587.51058460545,366291.83613791637,418818.2003677,452911.6460369258
Ecuador,,,,,623.2,,,,800.4,823.7330000000001,867.2,942.6669999999999,913.636,894.6670000000001,968.722,1078.5600000000002,1150.0000000000002,1255.33,1402.1100000000001,1522.8899999999999,1674.67,1674.2199999999998,1601.9199999999998,1874.3500000000001,2489.1600000000003,3710.52,4309.6,5316.52,6655.04,7653.8,9358.52,11733.5,13946.5,13845.199999999999,12700.199999999999,12994.6,15957.4,11265.999999999998,10527.300000000001,12251.5971904715,13247.373975549903,14949.428425101602,16437.645697430202,17390.510348668497,18334.685083282697,22117.649270874193,23898.126190025698,24796.9355338514,27552.8249874759,27192.3029685669,19023.3513419603,17530.6846819522,23127.055074149903,27054.197610410905,30965.2077388978,35194.9475681835,40278.8502524591,45690.762288671496,49848.726264108904,61139.4370824506,60094.97693705661,68151.3292467747,78986.64783919993,87735.04774071148,96570.33473416859,102717.79336089898,97209.55710183972,97671.432666647,104467.485714113,107478.961,107595.83,95865.47300000001,107179.074,116133.12099999998,121147.05699999999,124676.07467008401,130529.07817552208
Guyana,,,,,,,,,,,,,,,,,,,,,,,,,305.76683854181505,390.6846411539118,466.1668180930466,407.05882352941177,399.60784313725486,445.49019607843144,462.3529411764707,591.372549019608,567.8222222222222,482.00000000000006,489.33333333333337,443.68235475275145,461.9165774897986,519.6118359150083,344.1019369956221,413.7,380.35553853631234,396.24822617894284,348.4988060208745,373.86601814370977,466.5351534758936,545.317810398438,621.6749184796004,705.5244879786286,,,,712.6733541632407,712.162544509158,726.130038681221,743.0652147964752,787.8134444917604,1312.070360460978,2379.8229664115734,2730.967101068956,3025.192380409855,3165.663152733513,3432.909701624467,3691.375270809438,4063.0951565390155,4167.804317555528,4127.660158473225,4279.8401937046,4467.625644596013,4748.174334140436,4787.637005536403,5173.7601918465225,5471.25659472422,8041.362110311751,14718.388489208633,16918.503597122304,24662.709832134293,24979.391628565565
Paraguay,,,,,,,,,,,,280.2942346570104,315.3571428571428,360.2698412698413,383.88888888888897,408.33333333333326,443.57142857142856,465.87301587301585,492.69841269841265,517.6190476190476,564.8087301587301,582.5515873015873,643.365873015873,750.0809523809523,904.6507936507937,1225.7063492063494,1391.642857142857,1563.8333333333333,1920.8492063492063,2349.888888888889,3135.1269841269846,4094.809523809524,5219.515873015873,5469.626984126983,6068.769841269841,4931.253731343284,4214.441071259706,5032.388174557077,4216.181818181817,5584.018181818182,4045.833254435629,5264.577455054034,6984.470034259496,7157.626011491341,7249.347894631238,7870.96537096537,9062.108384020541,9788.410208040608,9965.241108243872,9024.57005160481,8392.565732734436,8855.705139560543,8495.806432192267,7196.26065683856,7691.367471177103,9624.440836294938,10737.497233463668,13429.54395876109,17856.35775483174,24615.558765520345,22360.969347854854,27260.896191718868,33756.20896798006,33271.90233827165,38501.15956725554,40377.929597282164,36211.447840102715,36089.55067184251,38997.12980917518,40225.448651308114,37925.3384601622,35432.17793632592,39950.89973322709,41952.9109916626,43118.053234229126,44458.11839744431,48092.51531423921
Peru,823.0925050641458,1013.2441471571906,1224.280104712042,1343.8461538461534,1138.5620915032678,1320.1052631578948,1502.1052631578943,1664.5263157894733,1774.2631578947367,1548.0301760268233,1512.401433691756,1957.1635798851248,2382.8435266084193,2736.763609246831,2934.377330350485,3605.5182699477996,4284.1163310961965,5100.6711409395975,5187.068364172533,4801.033591731265,5400.516795865633,6219.638242894056,6832.041343669251,7614.98708010336,9281.653746770025,11563.30749354005,13628.6623004746,13711.577988298972,12558.942384857563,10729.201977626977,15530.506988728146,20806.286891346874,24957.496483692383,24814.82065522021,19132.645229425958,19845.10434544327,17233.870012483025,25902.132998745295,42656.71960940377,33709.404495777446,39382.0395395677,28969.321822807447,34544.46601941748,36083.17346668486,34834.33250181058,44909.97722095673,53635.28644273142,55813.52692055289,59033.01966466105,56618.77133105802,51393.449648718866,50979.46512111634,51611.01940596864,54455.26977727768,59043.00826960589,66707.45004568774,76080.45293460847,88658.6256081954,102202.33756601578,120612.02088626423,120850.66959764372,147527.89262049046,171761.73704658507,192649.72948790377,201175.46911432693,200786.2408368179,189802.96189009704,191898.12786084256,211007.9523158882,222597.0301910411,228325.85222076208,201409.68336320354,226328.75879729085,246065.54626509783,266958.7058926139,289329.24716855434,319559.13521023566
Uruguay,,,,,,,,,,,,,,,,,,,,,,,,2339.74974850516,2987.804949186316,4139.011044039587,3652.334927074062,3826.797880393641,4285.864931230322,5135.033278933746,7351.69353676102,10163.020115734362,11345.279015685655,9289.91648199346,5102.42670716027,4848.523883900217,4731.306101467041,5880.449568789044,7367.352187369747,8235.54351797873,8438.949866221921,9308.581591818585,11217.549041959499,12878.164248332952,15002.144076892435,17474.58326063855,19297.68467475193,20515.490169760273,23969.717734803533,25385.937604446182,23983.931988747103,22823.233825911597,20898.78445240294,13606.482570447382,12045.645492348105,13686.388862759852,17362.839378069006,19579.45284006414,23410.591794128923,30366.217486980473,31660.911467564692,40284.48151231598,47962.439552246535,57529.53455647888,61941.27084613653,59420.02721806718,54926.069544342776,57480.788388669076,65006.03999293286,65344.57563860347,62222.32580764945,53559.35477889526,60739.06099520383,70594.08780136096,77991.63227862676,80961.50787525062,85548.89923536063
Venezuela,,,,,,,5544.468546637744,6294.353594569577,7117.507827587133,7338.507462686566,7629.408270068394,7663.64738265693,8060.110513070814,8815.793794612604,9609.901870930571,8193.103448275864,8620.454545454544,8981.818181818182,9461.363636363636,10186.363636363636,10550.0,11888.636363636362,13050.0,14302.32558139535,17034.883720930233,26099.999999999996,27465.116279069767,31418.60465116279,36211.62790697675,39316.27906976744,48311.627906976755,59116.279069767435,66327.90697674418,67737.20930232557,67558.13953488372,57826.57585435827,59870.66666666667,60882.086961685345,46857.931034482746,60379.31034482758,42821.19354197114,48606.89631640567,53453.40959084909,60416.50519936886,60037.40572886682,59071.82448351469,77389.42106513158,70534.80292320593,85837.83739534579,91338.5941811687,97972.84246151306,117146.40857571029,122911.09336178143,92889.5869761833,83529.04428237169,112451.59861050159,145513.48965187222,183477.5221238938,230364.012575687,315600.20353982307,329418.9795062879,393807.5598553093,316482.1908003637,381286.2378476675,371339.0961580433,133818.61020334958,34050.06804554831,48046.8688341703,95280.79151081131,,,,,,,,
Australia,,5934.880949580952,7871.361259417801,8496.321359411417,9625.281540045047,10513.441682150671,11201.121792179487,12128.48194055711,13201.44211223074,13507.202161152347,14508.48232135717,19402.8831044613,19500.3231200517,20706.563313050126,22613.923618227775,24762.08396193343,26669.44426711108,28589.12457425993,31573.925051828006,34441.125510580074,38833.766213402596,43066.246890599505,48196.947896722435,55273.76958094571,77993.22527317102,94010.61627810172,100061.39780146124,110126.80194162419,111271.03373714413,127107.94486178245,141407.5590097033,162647.2825319615,188262.67071930505,186337.24969899465,179047.9365050765,196601.200505476,173856.2319731264,181335.85566555485,213112.49282303348,270444.01559484645,307928.19863988616,323323.6538491562,325028.8215865894,317924.5768002056,309975.1115221412,353430.81703527697,380131.6501486253,425732.8658851518,426312.54731404653,380970.3297462668,412434.59466434404,399446.90201353177,378719.2775571003,426121.94114834623,539606.7215336822,659379.297665012,738161.2408073497,784812.9099301943,950698.285456082,1040303.477662769,988883.0828504357,1257184.2665296837,1520193.1378505423,1575313.133865051,1522130.8310163731,1460835.2471127326,1236607.8136739295,1267606.3942154555,1386318.4191688732,1421362.5869925679,1392914.4645340752,1364039.9174122503,1657898.6486486485,1728474.3865159403,1745434.5244807662,1799606.3838475454,1841965.4622456315
Fiji,,,,,,,,,,,,,,,,,,,,,,220.24863521635584,246.7330288080315,316.5354636056928,425.9503616108302,558.5870973828333,684.2823126892757,694.5411405624279,719.3930938262993,829.1497937458887,1019.5718061652924,1202.6186939538977,1235.7437806200833,1293.4693822375273,1216.5856515125267,1276.0697592877611,1236.2733080237442,1397.6814100719673,1276.013961020766,1202.4197898794137,1281.138560045519,1448.3440620272809,1499.1120071925102,1659.3616205951867,1771.6364227142437,1977.242826306341,2134.3656851264927,2306.562816302302,2268.3851310692116,1794.7209937627467,2103.8669610811985,1824.3221307998986,1798.3091703033735,1996.3172174861547,2509.039767618933,2954.7017997541243,3257.1415618349115,3361.1339733178706,3378.3433173112758,3523.1637867538016,2870.609972954809,3140.492482231073,3774.551637896325,3972.0347372332203,4190.165984416293,4857.075446246837,4682.4900902973895,4929.512401885573,5358.379459464694,5589.618468938069,5468.181885151651,4434.112055970817,4306.348097012435,4979.979575514525,5442.046565047186,5930.706975403178,6102.059330969345
New Zealand,,,,,,,,2909.1906905897904,3114.9900320318975,3249.389601953274,3474.788880675582,3761.787962278521,3889.51159585976,4169.945800437712,4550.92784422562,4990.308595455468,5390.756875057356,5616.009032333418,5701.504499322579,4968.320794931326,5750.080920012947,6531.8410450945685,7805.9792847433655,9443.27580436965,12484.867238861474,14110.927686912131,14018.865634915961,14032.38165371334,14529.607593830982,17583.53423024082,20229.902442713454,22394.5143569564,24194.345891272475,23569.536473536893,23276.1212477535,22305.115108362294,22379.495593984295,29191.494699868283,38456.590501369086,45462.52620545073,43992.464790838145,45766.614962414984,43401.53792017352,41508.44080159416,44779.00686837682,52851.433721509384,62220.778538992585,69074.47503179022,68677.35152933709,56668.54007761274,58860.82313281577,53764.623037957426,53095.953757225434,61829.90393998678,82184.54212879625,101419.12135111488,113223.54200257697,109566.4241339507,134656.93623776347,133156.677654931,119856.57888161513,145209.42766765383,166704.32371366947,174948.95809702825,187026.51282177443,199847.91189951065,175593.71676633137,185587.91318818205,203939.30372086706,208274.65140298213,210796.30850362562,209722.90720311488,249453.323903819,244560.02789783524,252963.99402288548,258312.56272790142,259082.2077188619
Papua New Guinea,,,,,,,,,,,,,,,,,,,,,,,,,,,1314.3201992949275,1347.7428932892874,1782.0138285182863,2165.2502027718024,2491.1592018062343,2765.0511367531813,2713.3574157425255,,,,2199.618118383301,2393.1094260531554,2631.239818526069,3655.9472142994723,3546.4725656936384,4840.3542169193615,5692.975528349895,6578.2656608286,7476.8517678160815,8217.078853133606,7273.2840328889215,7740.488888615614,7398.179141626529,5655.070955466946,5160.2992614964005,5258.422645816595,4610.086408183267,4579.958078874312,5583.917886282704,6276.103613851311,7312.036959871241,8306.261920418225,9544.910381573844,11670.722087041546,11619.373244190858,14250.778695909594,17985.04409587637,21295.323110887148,21251.854525041097,23198.321270341698,21709.19907744932,20744.189564562977,22735.908217952416,24108.361940357703,24750.63243104853,23848.442440266954,26113.333766778152,31609.52172515773,28820.378434049522,29502.09378621753,30400.44025304266
Afghanistan,,,,,,,,,,,,,,,,,,,,,,180.38626038882754,,,178.7818082633869,222.331223096776,244.10593051347053,263.5885634652499,304.6166963872322,,,,,,,,,,,,,,,,,,,,,,,,,,,5145.96863996265,6160.800480804271,6926.688980519236,8556.404465275027,10298.774903924706,12066.110960405582,15322.316458487006,17888.25667799351,20297.780615264113,20167.52439554097,20665.34102141683,20060.522707906614,19427.6465738331,20249.861012896006,19674.74983401756,19326.41795684605,20574.421728292775,15222.147511988269,,,,
Bangladesh,,,,,,,,,,,,,,,,,,,,,,,,,7401.4435999806365,11963.894967177243,9568.200095189643,6910.0992259338145,8186.288219263614,10628.259002004514,16129.222240499359,22631.959677766612,20779.20830882552,18975.52805343627,19245.190661327542,22413.191771095688,23289.49107197306,24141.304676634518,27279.87142462523,29246.829884768318,32020.195293210105,33673.05658384439,35037.94640085309,35607.93717632192,36761.79460742457,39070.31450226601,43932.976299843824,46172.153481078,47765.69962625393,49514.102707781996,51929.41304173298,52754.70714546303,52712.3444625898,54756.40988122132,59972.4418213154,64914.35133826898,66861.3805482652,69971.62470333598,79825.85818636397,91646.9212793903,102126.44718717363,114507.78399782913,123506.29244636724,128899.24226784604,153505.00363621465,173061.569701477,194465.9810646756,263161.7811580612,287573.5709272963,310533.95188276743,349266.8582836139,369244.98296720744,411913.33490451716,427743.09285347414,424640.4484905183,435005.2561513605,472081.2329638543
India,,,,,,,,25662.025662025666,26460.02646002646,35763.03576303576,31059.031059031062,34020.03402003402,36078.03607803608,38808.038808038815,44604.04460404461,52017.05201705202,54915.05491505493,46500.07155066809,46146.666666666664,48893.33333333334,53853.33333333333,57546.666666666664,61746.356751388834,67167.29409688892,80095.16871522235,90401.89592179323,94031.79841187024,94738.96841773982,109937.77020980524,127172.01849419737,140732.1626574155,172979.82688409172,184511.90272702495,188397.19813476916,205556.0506589826,203597.7681164522,212019.0480810433,232300.88495575223,257069.01207421982,304301.901976705,299639.4564112046,334911.52877995826,296307.5584371043,298843.2694526219,292311.6377696084,333269.74089763075,378302.37640738755,400549.9841956131,433007.62860990333,437082.86281429214,469889.85911174904,484498.26530430594,499263.6054032517,521767.318243253,609983.0963027523,715459.1407213511,792702.947845805,893601.4302425674,1140111.4913479327,1254146.6307475886,1237372.7670317092,1595121.3538090093,1835242.81933984,1803434.6859491142,1859818.9693128408,2001354.6081623265,2087345.9272407598,2227064.418692794,2553398.258974505,2731863.6617603083,2805459.3104265053,2597197.3563765935,3088759.982902634,3352233.4361329284,3490426.496813315,3849868.9496740536,4010885.704103067
Nepal,,,,,,,,,,,,,,,,,,,,,,874.3703703703706,953.4320987654322,1004.3456790123456,1087.571026118512,1391.0511363636363,1543.4707528992622,1386.9599999999998,1480.48,1731.8442673712896,1898.5833333333333,1945.9166666666665,2213.548632896411,2339.8118364819766,2321.109369413965,2393.161354605879,2553.2159768502283,2625.272023288019,2926.9634083742767,4052.6412554858002,4029.4255673751322,4321.436413645622,4078.233549388618,4387.394335034236,4435.669407656952,4950.782165493254,5183.669950036499,5388.381156801541,5934.530671207165,5596.166675720627,6151.331431781477,6550.867680816386,6734.382420876473,6744.358346789909,7390.338212869581,8328.672822184231,9441.362102020807,10277.407807094132,12527.902674681578,13366.187750688257,14569.269201475141,18639.206980835617,21064.971429531462,20638.93153598299,20961.6619668567,22884.981337148685,23667.1578888392,24288.43148738777,29443.01418119452,31726.292435907904,34268.25439432167,32858.99275181542,36844.15354030373,39749.03795704605,40483.740482808185,42545.386889456,44348.25397696967
Pakistan,,,,,3975.0401992431657,4046.5223120912074,3666.998799213102,3370.3983703983713,3675.1086751086764,3869.1488691488694,4322.434322434323,4842.604842604843,5127.155127155128,5479.95547995548,6020.706020706021,6670.65667065667,7445.557445557445,8166.908166908167,8849.40884940885,9650.559650559651,10027.510027510029,10315.210315210317,10977.760977760981,6964.906501040157,7690.421992645772,10001.515151515152,12198.989898989897,14146.969696969694,16468.68686868687,18750.0,21671.71717171717,25877.77777777777,30422.222222222226,29058.873179995775,29892.124723641075,31750.710151427782,30972.665176665578,32647.845021775043,35860.80649240177,40109.03556570185,39495.65513716135,43084.38596976147,46677.00245369904,50592.43784585453,51479.69203620424,56057.919428395704,62986.091578784355,58765.975492465084,59066.19802245114,59442.75607314187,59360.77671628886,71318.55309218203,73268.75968689428,80353.13133751921,90990.61583687905,104351.86774424533,117708.35510645322,136319.60817171689,152124.03994171735,151087.54686967388,161537.6152357828,196411.0064347406,238239.4022009789,241582.0084972247,247915.4572021765,280196.5897530263,300552.695851862,312353.963903297,337136.82949302375,321691.84925163095,291918.7854873176,293752.19720683724,342750.6539225477,325371.1290870677,298373.4886289556,377422.8593745242,407445.42404260876
Sri Lanka,,,1011.5710115710117,952.980952980953,990.5709905709907,1049.3710493710494,1177.6811776811776,1130.6411306411305,1177.4711774711775,1246.3512463512466,1364.3713643713647,1407.6314076314077,1443.751443751444,1463.7014637014638,1550.2215502215504,1636.5316365316364,1697.6416976416979,1750.771750771751,1859.0404249235255,1800.4593128451359,1964.7636151650518,2295.5562238234515,2367.3324964826998,2553.799461335406,2874.502147598594,3574.183362778633,3792.829344799683,3590.4660009510217,4103.20044450305,2733.061297699655,3364.2225047842894,4023.5508999419394,4416.830772588163,4768.260923881185,5168.220803617724,6043.902477376544,5977.888714629674,6405.827827806392,6681.100503656006,6979.073657205378,6987.829811552108,8031.969727603343,9000.03625684348,9703.100188000804,10338.208939162538,11718.766126143626,13029.290792872805,13897.386351711735,15090.754069016486,15795.010403397353,15657.282811051104,16331.905289389924,15745.695912510437,17102.2484348556,18881.569813822895,20661.709192244594,24406.276741825706,28279.923783128357,32350.30689820381,46595.20827864826,48142.983428564105,56725.99589612962,65292.86844842401,68434.62144306953,74317.80675452667,79356.45831516008,85140.95574419566,88012.28218313889,94376.23770569554,94275.55524049357,88782.38941063805,84440.53713518858,88609.3173926134,74585.63243317112,83722.92236647103,99042.53499619446,106066.2166022065
China,,,,,,,,,,,,,,,,,,,,,,,,,,,,,,,,,,,,,,,,,459782.0515204071,404494.0531567713,424116.9630630106,494970.6143158421,621658.2551770577,566930.8970916863,738190.6310543597,868522.2114507986,967754.4265134827,1037133.891213389,1103843.2035756349,1223755.5112641177,1355036.2628321373,1489819.9338887706,1683902.6995157688,1984195.5828339453,2317550.4495797087,2791496.5184412245,3604056.770068603,4667351.212105949,5189574.056345533,6192563.9597829925,7671756.847523625,8673670.419639023,9743121.102173101,10674533.00407843,11280815.379842646,11456022.874010773,12537558.902128823,14147765.393703694,14560167.08035698,14996412.132046795,18201698.21084256,18316763.23187369,18270356.974079844,18743803.6362337,19453796.003094237
Japan,,,,17216.837441152038,19488.88888888889,21658.333333333336,23248.611111111113,26172.777777777774,30161.944444444445,32050.83333333333,36639.72222222222,44471.38888888889,53712.49999999999,60951.94444444445,69758.88888888889,82059.16666666666,91294.44444444442,106027.77777777778,124251.38888888889,147152.5,172858.05555555556,203735.83333333337,230129.34943167237,304759.0146847333,414049.2156848312,459610.6572811745,499775.93358199653,561699.1286519733,691303.8620535549,971308.0088575473,1010983.8459432326,1070997.305295469,1183788.5878042583,1100410.716364819,1200183.5696722693,1275566.0528287906,1364163.061340846,2020887.7284595303,2448681.8725499003,2971026.593420313,2972674.0309066135,3058048.787225813,3484763.226855323,3796124.7838548454,4350006.295077249,5104052.520350657,5639649.753985771,5021446.235026981,4579777.834714979,4150369.3518200214,4688974.338714916,5042405.23361017,4438789.09560681,4245946.980572304,4573432.931089508,4941485.123806532,4875658.240940682,4648070.9206442,4624649.693428673,5160223.105873703,5336765.697589294,5811575.315077825,6279424.110666985,6333799.13648868,5272294.78347919,4985764.233448736,4534437.754349252,5110357.383254436,5038231.631660706,5154292.816022593,5245755.000479026,5189196.607092903,5225933.520753096,4447976.207314818,4384853.558173068,4190008.1883586016,4403160.399340971
"Korea, North",,,,,,,,,,,,,,,,,,,,,,,,,,,,,,,,,,,,,,,,,,,,,,,,,,,,,,,,,,,,,,,,,,,,,,,,,,,,,
"Korea, South",,,,,2633.3333333333335,3644.4444444444443,2262.0,3002.0,3914.0000000000005,4066.0000000000005,4320.0,3851.0891089108914,2335.0855824091286,2710.7692307692305,3843.076923076923,3325.274612222757,2995.8596251515573,3772.7991390779735,4655.160304158334,5891.3047407327085,7392.395223503527,8775.22894421618,9733.91675572596,10617.622055821672,13502.39253669142,18781.769813485236,21132.438016528926,28920.66115702479,37077.47933884297,50068.38842975206,64123.55371900827,62210.2556335524,69575.11291753055,74452.86724918066,82317.32469822674,90577.88321240334,93460.2652812579,107619.56948405704,135184.1248190117,180612.13887688867,220709.9199351856,252622.3430409006,295234.35507865925,314737.31539445923,362135.9187014356,423436.04921799345,556128.763745133,598096.8434451732,557503.6608223158,374241.35175248317,485248.22933665314,597485.8598005234,567566.8316563258,650013.5018264074,728519.0691585335,823250.5430796633,971737.2026715621,1095174.9482347446,1220912.3116640495,1091577.4202622387,983065.1954296632,1193242.7590263481,1307036.7069990705,1335742.7290562554,1434843.2314928984,1556073.8330723022,1538933.3492462365,1579128.603595973,1704458.1399163855,1823832.1750970474,1750561.3067050993,1744892.04295971,1942452.3975626605,1799602.5437850747,1839058.237484802,1875388.209406803,1836305.173432357
Mongolia,,,,,,,,,,,,,,,,,,,,,,,,,,,,,,,,,,,,,,,,,,,3429.896638278911,1730.4518422807835,820.918542020467,990.9381882676191,1313.2410340315596,1216.0290880976215,1140.672310605677,1044.8700566584366,982.1112274555472,1199.7919511085104,1297.932039719413,1408.0301897668219,1611.7972334153192,2006.8337129840547,2929.163538835578,4075.219840860957,5370.1086018253845,8107.5336385538785,5976.473253117228,7189.504001296922,10409.76310133384,12292.770665448816,12582.101933815857,12226.514677371915,11619.89259722774,11154.712740323444,11482.162989542257,13178.094752500429,14206.35903220738,13465.744348237378,15689.085694884936,17473.239088198392,20544.430519486836,23660.416055289134,25074.104873055512
Taiwan,,,,,,,,,,,,,,,,,,,,,,,,,,,,,,,,,,,,,,,,138213.37920489296,154146.17737003058,166373.70319413973,187134.7753123252,214392.1800947867,234970.02311744422,256242.05314283556,279055.42550781544,292494.1729186394,303717.4307445398,280051.9360143519,303864.84224880673,330778.1905524419,299391.3905325444,307473.9262472885,317392.90487535595,346964.30494883616,374193.27260857396,386480.188128247,406915.44363924244,416127.6771266301,390917.87951223936,444357.02547247324,484055.1520499593,495636.01674883504,514235.18318965513,535332.4662495884,534514.940283266,544267.8817405022,591753.572719209,610790.3412432872,614028.5751270186,679831.3302098188,779845.6661891117,766108.1612884448,757504.9597760558,797054.2490804844,866686.4168487138
Brunei,,,,,,,,,,,,,,,,,,,,,,,,,,,,,,,,,,,,3782.5585538282676,3523.5324864213803,2358.5711530159547,2754.4895962924625,2690.690810069469,2997.0362925968843,3590.8371171787503,3832.30586668982,4030.215412192981,4075.4677278606746,4377.389619232181,5216.808477613626,5254.177186462795,5137.424990402813,3904.1586998087955,4215.261717090669,6001.299334091279,5600.763512155918,5843.325384370515,6557.4165700444255,7872.183075676091,10580.793200512795,12736.161072917625,13576.322757829874,16004.520992513462,11892.252859761853,13707.11098013583,18524.83525092169,19048.397607814768,18094.090252430284,17097.795711076582,12930.298313952226,11396.514644484861,12100.916355524276,13566.982994049147,13471.397930092964,12011.920097310443,14007.611963830246,16687.17565355766,15095.089168911107,15340.805417525567,
Cambodia,,,,,,,,,,,,,,,,,,,,,,,,,,,,,,,,,,,,,,,,,,1404.4246334310849,1859.8198885475122,1980.1354829540967,2533.726292301971,2791.490030448875,3441.1648298739606,3506.722356025731,3443.462028001697,3130.070878800989,3512.788123419375,3706.9132972146067,4153.785116680923,4506.888564019806,5053.895189699773,5883.370403524108,7066.2964633478805,8350.531016666131,10127.908137666665,12174.293990392112,12502.911237103495,13808.662290403689,16032.622023823238,17826.536699807708,19807.135252859098,22041.46396790658,24174.170369063366,26556.545154314685,29355.665910385054,33145.89216659167,36685.35640650357,34818.07390141731,36790.16368690598,39994.532961324345,43233.74011934569,47335.955554359345,50957.77321762846
Indonesia,,,,,,,,,,,,,,,,,,,,,,,,,,25802.409638554214,30463.85542168675,37269.156626506025,45808.91566265061,51456.29969799454,51400.59866303938,72481.87382973362,92008.79452067806,94456.78319859816,85368.95184572155,87612.33600405481,88607.75450665418,86309.41242514971,78249.2319858868,88624.90360087798,101470.00666644069,114426.33803810486,128168.19803929611,139116.31985496965,158006.80369891238,176892.28277218557,202131.09432049133,227369.6793749733,215748.7162213255,95445.59399217063,140001.1457451481,165021.0317896168,160446.74661455923,195660.24040961472,234771.91291573728,256837.28891300337,285868.5058592495,396518.1500075518,470092.26561645337,558290.837808683,578576.6276264896,755094.1575942477,892969.104529233,917869.913365244,912524.1367180182,890814.7555112912,860854.2327178527,931877.3640339093,1015618.744168151,1042271.5329533672,1119099.8713861587,1059054.8427117215,1186509.6980600345,1319076.274025546,1371171.1392050586,1396300.0982199463,1438267.399749906
Laos,,,,,,,,,,,,,,,,,,,,,,,,,,,,,,,,,,,,,,,,,,,,1179.1230904797349,1327.7068062827225,1543.5431753166858,1777.5292348606292,1873.6794560824821,1746.9245543580057,1285.5596620107751,1454.3186304741466,1733.0278765258045,1753.4937428667788,1958.371987212524,2237.7701737822595,2650.7487303152275,3048.5926113107025,3910.346999803969,4753.612253577262,5943.814178390486,6437.231418336408,7510.969154577526,8962.436990555021,10192.846339553751,11983.252626831703,,,,,,,,,,,,
Malaysia,,,,,,,,,1674.4957892604907,1599.3623457314407,1805.4893147176613,1916.2294771365664,1901.8561227223133,2001.4896021847499,2510.110348161844,2674.423922488419,2956.337669295248,3143.517943826318,3188.924677089526,3330.3715512116087,3664.552041342993,3864.1456674136452,4244.395955783583,5043.340095617757,7662.902677902696,9496.192466359516,9329.178119960898,11050.256337618088,13139.50464798804,16358.093988014025,21213.284348668454,24488.258424901687,25004.340051733412,26795.952710253965,30347.44211093161,33942.92638801181,31199.65848314969,27734.132887070777,32181.18461367497,35272.14962692551,38847.99397528093,44024.66661983755,49134.749297290604,59151.75592177061,66895.09690803352,74482.33025691051,88832.8541766491,100849.78179129866,100169.2029333248,72175.40649836788,79148.42105263159,93789.73684210527,92783.94736842105,100845.52631578948,110202.36842105264,124749.47368421052,143534.48162045263,162691.85263536687,202733.32615772187,241762.9195732397,211853.87998297627,258640.39812610016,302184.64052287576,318909.93265993265,327868.77441754926,338066.2029437428,301354.7837243248,301182.4897942271,317615.40843039064,358819.8012983641,365483.8738825803,337575.1811042361,374039.61120502296,407860.8775939728,400523.0237008686,422096.9180546418,476164.74304841284
Myanmar,,,,,,,,,,,,,1398.1813981813984,1593.901593901594,1465.1714651714651,1625.8216258216255,1601.6716016716016,1721.5817215817217,1961.6119616119618,2082.152082152082,2154.6021546021543,2191.772191772192,2260.726488192678,2149.468173767147,2981.1095000050705,3979.006770152103,3680.1266576794055,4089.462109069221,4190.672929990379,4677.6675208067945,5365.06037268288,5905.196279064077,5938.640008642252,6072.205949882346,6258.856338877444,6454.926793901681,6606.488610417883,8052.515694957151,10325.169648828803,11923.140679392105,18593.267610255185,23970.90190831987,29728.026481213292,40854.08704683244,58522.45503876095,79126.54751284955,106709.85205680567,133835.34119579487,206616.36655550372,244860.29045459992,344040.6058745201,414193.46819647285,514466.3360453762,785989.479199287,1236798.9209846016,1646284.3383288865,2089804.526165444,,,,,,,76218.76897478041,60884.407168182355,66299.96945866721,62543.49070553157,64533.42796501436,65826.75108890304,70115.87691410226,74137.1609845942,75962.2894152577,59937.86566195603,65149.29198927437,66803.85335346541,75873.13061852072,
Philippines,,,,,,,,,,6011.5,6552.0,6962.282878411912,7558.415841584158,4582.534168488539,5077.715437216462,5490.267288318956,6010.483043715162,6636.410256410257,7442.05128205128,8238.205128205129,9050.256410256412,7189.275703506738,7792.795384120242,8400.950434766977,10704.411303261557,14657.469869045812,,18181.08506960778,20833.41213213343,24120.93253106265,29487.160371668102,32450.41223841532,35646.64257277221,37140.16393442623,33212.180658165875,31408.492876691005,30734.335448990452,29868.339080826263,33195.93342960079,37885.44041868337,42575.18390556065,44311.71715925218,45417.524910293825,52976.38412542871,54368.39504716112,64084.384416213674,74119.6601139435,82846.80024870213,82344.15877464737,72206.80261462204,82995.21604543478,81025.75026247671,76262.07246790278,81357.60564221915,83908.20664801294,91371.24249585616,107419.96171711865,127652.85920148883,155980.3782528634,181624.5771539698,175974.71159152975,208368.7268608284,234216.93036937324,261920.5099497854,283902.72825978766,297483.55329941004,306445.87163119286,318627.0039654263,328480.7381476142,346841.8968897626,376823.40477249044,361751.14543266,394087.36201731773,404353.37081215176,437055.6254916392,461617.50921787426,492440.0727076648
Singapore,,,,,,,,,,,,,,,,,,,,,,1919.4961485943513,2270.3313993509682,2950.2577777777774,4227.56849802838,5260.723797330182,5789.229536541138,6071.578896245812,6702.713782077561,8062.418096586663,9719.667426973732,12078.87129240009,14363.063203782855,15873.589966448915,18001.987648186274,19550.134078421812,18555.05306456378,18762.709996234073,21606.330544449615,26515.439123045886,31392.94247946428,38899.93544934428,45473.12668229574,52157.375519500056,60644.94767265549,73775.86026292357,87812.23101779338,96293.15480411904,100123.51748708589,85728.31022944552,86286.69703119838,96076.70711617438,89793.94101756973,92538.2695089328,97646.5692408362,115033.45698514403,127807.61836097093,148627.5669790362,180941.94147700878,193617.460384773,194150.951179435,239807.62884027255,279355.6106791331,295091.94353754557,307576.3605849915,314863.5807584546,307998.5452693979,319646.384387456,343673.33490233,377123.8037575469,376161.90691452083,349165.94289994065,436591.2739272301,509017.96421663696,505439.63955018495,547386.5093421821,572458.1685194678
Thailand,,,,,,,,,2115.170529298654,2160.3673815489856,2255.067288298119,2548.414204647386,2800.307715685902,3055.0619968295173,3268.3472474928108,3589.9038461538466,4052.8846153846152,4874.038461538462,5206.249999999999,5613.942307692308,6181.25,7086.538461538462,7375.961538461538,8176.923076923077,10839.075523629197,13703.491025810916,14883.73005942304,16986.19124416057,19780.78538830692,24008.044807018065,27369.789753610632,32353.44103455685,34846.10731242324,36589.79743566333,40042.82590075695,41797.59215546926,38900.69185423563,43096.85956446848,50535.32274868988,61667.04225129379,72250.79760329936,85343.26083133025,98234.88838725859,111452.71081609916,125010.66367557149,144307.75347912524,169278.55285127152,183035.15410749448,150180.268649388,113675.70612726487,126668.93215950835,126392.30849774877,120296.74625663094,134300.85125500176,152280.65354372465,172895.4761525916,189318.54968038367,221758.2756982208,262942.53466287354,291382.9911776978,281710.3290575107,341104.72547553,370819.1737423626,389102.4383024858,412989.3250016272,404546.22611979774,406333.3370643198,419759.7487561288,459176.18616000045,502276.52784019173,539135.7104413603,499378.1935917493,501181.9485464798,485877.3520069875,508804.4954089634,525630.7814060702,576671.1996291743
Timor Leste,,,,,,,,,,,,,,,,,,,,,,,,,,,,,,,,,,,,,,,,,,,,,,,,,,,,,,,,,462.3,453.8,542.8,648.5,726.9,881.7999999999998,1042.4,1160.3999999999999,1395.5,1447.3000000000002,1590.0000000000002,1639.9999999999995,1585.0,1556.0,2032.9999999999998,2163.0000000000005,3625.0,3208.9999999999995,2080.0,2015.0000000000002,2125.0
Viet Nam,,,,,,,,,,,,,,,,,,,,,,,,,,,,,,,,,,,,,,,33274.53590049482,18387.582891192014,6293.3052565552925,6471.740605911026,7642.4230347713465,9866.990412597524,13180.904050371204,16281.131163537211,,,,,,,,,39552.47072780729,45427.85469325543,57633.31630819287,66371.87230371009,77414.54570291398,99130.60813877881,106014.55602369751,147201.30511434108,172594.62853346742,195590.66098717158,213708.9817536898,233451.4695290798,239253.55930731632,257096.00132280015,281353.6061658908,310106.47846803674,334365.2703735863,346615.73849380633,366474.7528028762,413445.23076649103,433857.6812122928,476388.23030060035,486920.4538462722
Kazakhstan,,,,,,,,,,,,,,,,,,,,,,,,,,,,,,,,,,,,,,,,,,,,,,12748.640199446792,17210.664479081213,20114.16973610507,21272.709196354597,21104.474524062207,17557.84744358826,18292.033517902244,22152.66396794243,24636.625369424382,30833.658474621603,43151.64700260962,57123.720650210715,81003.89407482016,104850.0579336456,133441.83243418482,115308.42661206667,148047.3482406434,192626.2268024362,207997.89421445483,236634.89538483784,221415.5978235591,184388.3881927587,137278.32008417114,166805.79571522574,179339.9879607493,181667.19418589456,171082.3579742668,197112.26029126043,225496.3328371345,261840.10171758026,291480.2740091158,304075.1300305322
Kyrgyz Republic,,,,,,,,,,,,,,,,,,,,,,,,,,,,,,,,,,,,,,,,,,,,,,1108.6084285674756,1491.8914423530066,1826.7002872845367,1767.3549316054716,1640.3712519675971,1249.5994380596653,1370.0774361790886,1527.2086485592624,1605.6953667780924,1921.5275932222028,2212.214589014276,2460.2480261778314,2834.1688894201907,3802.566170815435,5139.957784910842,4690.062255122471,4794.357795071392,6197.766118598557,6605.13993341063,7335.0275919162805,7468.102369136538,6678.177483429494,6813.127275273793,7710.339491038325,8271.108388980478,9371.456410844272,8270.468645898665,9249.133945551923,12134.931512713212,15180.842440977378,17478.262026229233,20606.78108512472
Tajikistan,,,,,,,,,,,,,,,,,,,,,,,,,,,,,,,,,,,,,,,,,,,,283570.722538201,675845.2893583332,824681.660631249,528.2478288118901,1043.993231810491,1123.8892257790314,1320.0708192499596,1086.6140460013412,1730.812763395545,2146.792626223026,2438.669671831643,3109.457530452053,3987.3287751934854,,,,5132.8292603301925,4978.094049547277,5641.6691596425635,6522.370059303543,7632.590428709228,,9241.587311773124,7853.494038459974,6992.377810463042,7536.368057904288,7764.978427276526,8300.834875188439,8133.934749033867,8937.778819243336,10492.087126594644,11893.928042030426,13798.26061062888,16757.23786235496
Turkmenistan,,,,,,,,,,,,,,,,,,,,,,,,,,,,,,,,,,,,,,,,,,,,,,4427.083333333333,5855.855855855855,2216.2576687116566,2496.984318455971,2618.4738955823286,3594.2307692307686,,,,,,,,,,,,,,,,,,,,,,,,,,
Uzbekistan,,,,,,,,,,,,,,,,,,,,,,,,,,,,,,,,,,,,,,,,,,,,,,5691.052631578947,12747.76904519009,17491.462432240245,19462.355958649958,,19142.025621311546,12557.051211362183,8974.126529192268,9628.156318029447,12591.769140690227,,,,,,,,,,,,,,,57844.279767188,,,,,,,
Albania,,,,,,,,,,,,,,,,,,,,,,,,,,,,,,,,,,,,,,,,,,,,675.6672108752874,1228.0182634085163,1948.7060797921863,2905.0971861161306,3234.4836630015607,2259.276362995441,2609.454528290614,3293.6961933604953,3592.0281978164203,4064.0146284977523,4523.082477185973,5749.9949497386415,7398.762089803464,8256.65444731817,9150.525986663051,11116.937132234634,13258.507008079187,12335.543253760603,12086.623205241687,12973.862986867536,12246.405452511903,12797.045669508429,13296.419132980647,11470.248005026753,11988.668784743339,13258.23503979849,15379.508377692304,15585.10508377274,15241.458744868845,18031.991218508505,19017.251488153448,23491.2427273486,27037.474166345717,30682.069376050476
Bosnia and Herzegovina,,,,,,,,,,,,,,,,,,,,,,,,,,,,,,,,,,,,,,,,,,,,,,,,,,,,,,6173.219707723622,8370.216915859266,10589.543284491734,11222.810614731168,12864.858591339711,15778.766991602519,19112.73845416417,17613.96095788733,17176.315783414822,18644.19377514322,17226.73597466841,18179.1209972506,18558.73120404808,16404.351666811006,17112.782395038917,18327.408159031376,20483.763975158046,20483.617269605038,20249.27034169096,23667.073025997586,24531.61585366838,27592.36466232527,28343.401055386137,31770.63633382075
Bulgaria,,,,,,,,,,,,,,,,,,,,,,,,,,,,,,,,,,,,,,,,,47117.85714285713,20726.027397260274,7629.271089823591,8604.184874813634,10833.454134292011,9708.407147488533,18991.540967205987,12294.964837623462,11316.120650700406,15031.037969506238,13637.120857338894,13245.959082174748,14183.4330414563,16403.004362102667,21144.98239741444,26157.726761940437,29868.714782133626,34380.47034830402,44431.25712886183,54480.56195405049,52023.875196383,50689.12000216599,57681.21098360422,54297.05200223383,55819.148734026894,57080.88410532397,50765.91815914758,53912.860743681376,58912.85673304612,66093.49023324787,68509.37836290782,70486.86385705977,84374.61323336004,90506.16951217905,102199.2502165144,113343.37667845217,129046.46287701406
Croatia,,,,,,,,,,,,,,,,,,,,,,,,,,,,,,,,,,,,,,,,,,,,476.8126102338484,5388.191979206638,13210.038604336552,21399.330343222755,22412.756879546454,22505.51758773251,24183.554856604365,23767.780737183137,22079.758402432286,23047.4809979329,26631.306046774265,35165.08324736974,41761.384589596026,44994.870366679104,49539.44378587226,59211.33869695253,68194.72041585381,62065.46632840076,58918.42070193962,62804.73082178478,57550.85172876445,59830.0552591405,59527.717498781734,50976.66584463681,52602.98091932349,55800.08892924442,61632.2592576455,61470.57486870802,57841.12265244386,68996.08178589404,71113.528891516,85550.98156692063,92924.56785307129,104114.78453774752
Czechia,,,,,,,,,,,,,,,,,,,,,,,,,,,,,,,,,,,,,,,,,,,,,34997.558842193765,41090.17112451187,60570.859812614755,67804.81305585163,62540.126872793466,67187.28670483836,65586.46774228541,62170.943972226945,68135.97025607384,82608.07567599662,100435.92470488141,120148.1337367095,137264.0901043174,156236.37362758972,190041.0144380026,236506.72654495842,206971.88270471594,211168.66728626966,231429.3787173132,210363.2230877283,213024.36054111866,210911.28507768278,189107.69856191878,198160.65930393978,221563.5756962173,251992.36076223716,256794.2090287695,251109.66060253553,290972.7144823142,301831.2283255555,345059.2956599111,347034.0629284791,384141.46350374975
Czechoslovakia,,,,,,,,,,,,,,,,,,,,,,,,,,,,,,,,,,,,,,,,,,,,,,,,,,,,,,,,,,,,,,,,,,,,,,,,,,,,,
Estonia,,,,,,,,,,,,,,,,,,,,,,,,,,,,,,,,,,,,,,,,,,,,,1725.832102692264,2413.1149041542008,3905.4410076822187,4783.107697486767,5154.386260913474,5670.075234426676,5762.537778921121,5700.208662955021,6253.391949392111,7398.978095617192,9893.934878454065,12164.891310490264,14114.753527853458,17039.935745517843,22478.804676396965,24442.370157376754,19711.82158481359,19543.40428705372,23303.91534933134,23237.406524961632,25451.03312739634,27055.689454693696,23311.847484656373,24561.028047912467,27469.46217894579,31222.63290369589,31873.74898385042,31820.77093650512,37201.10078028037,38226.64209727355,41470.344428627955,43130.41999711901,46702.31503998864
German Democratic Republic,,,,,,,,,,,,,,,,,,,,,,,,,,,,,,,,,,,,,,,,,,,,,,,,,,,,,,,,,,,,,,,,,,,,,,,,,,,,,
Hungary,,,,,,,,,,,,,,,,,,,,,,5541.666666666667,6031.266298460758,7075.642417661963,8761.145443183255,9601.646118701927,10977.589978940858,12721.495695761667,14208.74154982703,16609.82345633096,19177.581651582437,22162.589180598974,22728.13375181775,23147.377185678608,21004.848714938213,20367.510230588934,20624.748101533536,23756.275623416772,26110.00521603986,28571.88196742123,29167.22395003581,33055.458430304774,33428.60277726487,37254.45761656142,38596.067579503375,41506.371243818954,46590.84507602581,46833.675080414294,47398.615550166236,48784.34436245931,49160.162937599634,47275.9879367352,53799.598589828616,67630.25278513458,85190.35518285209,104015.26047369615,113097.95423457908,115604.11141213939,140123.17427815232,158228.54171387403,130807.24713603701,131898.8429577194,141712.80495386836,128470.36480915485,135646.05377858246,141128.6964123213,125243.90243902437,128983.56086529253,143335.09899186218,161184.69101383523,164936.6820339916,158468.4877541968,183282.6854404858,177002.58054415544,213240.31663464778,222722.73892564097,245580.3771224994
Kosovo,,,,,,,,,,,,,,,,,,,,,,,,,,,,,,,,,,,,,,,,,,,,,,,,,,,,,,,,,,,,5687.581938697037,5653.496665245061,5338.741399519234,6333.312481320071,6163.840399643322,6733.412201142123,7064.990188140141,6293.013197294,6676.929882769299,7131.966451783838,7874.496889864616,7899.87684729064,7718.670922147497,9410.915326395458,9356.283709306925,10458.111676267603,11203.038332335947,12656.409838797557
Latvia,,,,,,,,,,,,,,,,,,,,,,,,,,,,,,,,,,,,,,,,,,,,,2406.040867030713,4041.7354335268205,5238.530777971528,5799.117459774618,6349.711458194708,6974.470275493681,7324.043347661648,7761.504428880658,8190.476190476191,9248.956636315992,11243.83989886071,13827.376174573914,16306.5503118159,20435.204147536522,29422.10899242196,34133.20519191979,25693.923398481653,23476.002851093937,26805.24571958984,27121.74653947333,29148.381161251953,30236.933429937242,26332.77475878895,26938.832197052998,29191.33857227949,33229.98831486137,33102.329825347064,33311.68357460391,38180.34531693471,37972.830614150975,42744.21999040626,43684.25443236097,47997.24299446187
Lithuania,,,,,,,,,,,,,,,,,,,,,,,,,,,,,,,,,,,,,,,,,,,,,2557.0319010326753,4268.996291873546,6745.281616330399,8430.3520267512,10168.446905499999,11289.3562098408,11022.2854764672,11550.8942334656,12260.972266191999,14279.325599402982,18809.426487553148,22739.92960922394,26121.07271880548,30108.602301382074,39722.48044149002,47876.26814422999,37493.08678263756,36647.81642071357,43233.32152518802,42725.305404108716,46294.724188011256,48308.06796938332,41522.36166685151,42931.669870795326,47432.24318930159,54232.50447812283,55126.77250447828,57294.662074546904,67028.92821901607,70947.79834997938,79723.98008111461,85503.93820230998,95858.05183351692
North Macedonia,,,,,,,,,,,,,,,,,,,,,,,,,,,,,,,,,,,,,,,,,,,,,,,,4642.918779123136,3911.8661693681433,3764.645613339282,3864.8689496641578,3772.8624523403314,3709.6446877380286,4018.357893286707,4946.284511631135,5682.789102454082,6258.608924275674,6861.219216416772,8336.483434153517,9909.551109805412,9401.729250849194,9407.15807543874,10494.640202483337,9745.244955659078,10817.712138945108,11362.265293558108,10064.513038488252,10672.464611852585,11307.057524899566,12683.071837748312,12606.336156018868,12361.04019743528,14000.274732348747,13932.432651595345,15855.13105647149,16951.680820113255,19057.62297311759
Montenegro,,,,,,,,,,,,,,,,,,,,,,,,,,,,,,,,,,,,,,,,,,,,,,,,,,,,,,,,,2257.001442570761,2721.764405544314,3680.523049718191,4545.8380635002,4159.073575765827,4132.903580581291,4501.2310639392235,4072.0596831017583,4420.841324341871,4573.5442167872425,4009.088895419763,4353.504436281112,4771.320266579212,5430.536307732256,5484.090789296912,4724.513752422205,5822.179999999999,6252.135652351342,7637.00572923194,8274.290502716536,9341.077361957492
Poland,,,,,,,,,,,,,,,,,,,,,,,,,,,,,,,,56788.49846325031,53819.461414398116,65382.28477250597,75630.80283997816,75732.95655245495,70985.85040301207,73895.95349341366,63904.51292614012,68817.26923487852,82212.78783751858,58975.89473684211,76477.05676005332,84353.90125051369,85995.03174165056,99062.6155227349,142838.70382436144,160813.02622306295,159894.06243424644,175282.26966680092,170704.36665481929,172953.7260099354,191823.20037128413,199694.6100886513,218560.94500498832,256268.79627300665,307000.1978068169,345897.40780365816,429715.1321375025,535612.4753034152,440891.7548571538,478111.63068351406,527848.1867121183,498148.95564003504,518179.3445589789,542134.2244647263,480054.11858336657,473259.58396564214,528356.6766625512,594616.6873555061,602683.7701448803,605914.2379089223,689170.2306713,695607.4708700753,812451.1934025864,917767.1061390772,1039821.7257130457
Romania,,,,,,,,,,,,,,,,,,,,,,,,,,,,,,,,34272.666666666664,41582.93333333334,48491.6,44749.658002735974,38348.22980987021,47682.569685089904,51912.35281736353,58059.009411279796,60025.56577408261,53615.832082350425,38242.072743969584,28851.823342130618,19578.214857462015,26360.994196442076,30072.805708450906,37618.52769908718,36911.115290089554,35616.6485768575,41749.49693428485,36183.47594698946,37439.04517543658,40717.11721631888,46173.99880201117,59867.62088066,76217.3755844665,98454.48149228632,122023.86631446288,174588.78293858297,214317.03230826644,174101.9830585735,170029.35901066742,192613.45334431104,179132.89314341734,189789.08747806438,199713.78025931763,177883.89781143368,185287.61532492185,210147.181055277,241791.44767164104,250080.42851159474,250625.06798827398,285071.3029544321,295319.43755698815,347758.62929597526,382566.29787696747,426332.34462303616
Serbia,,,,,,,,,,,,,,,,,,,,,,,,,,,,,,,,,,,,,,,,,,,,,,,,,27153.413478003484,21004.077474677993,20878.698267204047,7326.37389091266,13599.370303704622,17930.58392056933,23593.045070990214,26845.63290599403,28334.256685423403,33298.0572080011,44888.02956156602,54220.641699749656,46955.984140537366,43536.62918134697,51251.098860955586,45103.26968014159,50455.5295578266,49114.321140350046,41297.4106533666,42225.496303343396,45972.83445565724,52787.51997090095,53864.69307162431,55874.0174689337,66159.88424806416,66809.89574427411,81343.99913359828,90088.36672627839,100940.1357121701
Slovakia,,,,,,,,,,,,,,,,,,,,,,,,,,,,,,,,,,,,,,,,,,,,,13369.281772878809,15467.413152337702,20305.804999467713,21864.98250648636,22026.66487431106,22911.342921148487,20840.74610885731,20700.361235267555,21374.08618831343,24772.691200808204,33761.723358238305,42958.31722282929,48829.56430527768,57162.59809610373,77077.6343110057,96685.43540896584,88984.87725795765,91023.34562840624,99574.66480388682,94729.76407373048,99106.1263292346,101577.7916436202,89138.63480093158,90265.00814263163,95325.93012941847,106554.12461787235,105852.53470667264,107512.34811353017,120577.11920529802,115788.12149233889,132798.5693665974,140932.48187033227,153462.68010512818
Slovenia,,,,,,,,,,,,,,,,,,,,,,,,,,,,,,,,,,,,,,,,,,,,12523.076015978537,12672.838853031426,14385.656798304773,21368.761899755144,21468.22867233764,20727.873446804173,22056.535981859775,22609.401355817794,20160.774561496975,20669.481144555124,23213.66772896842,29361.59373922501,34156.894073433716,35945.88026179326,39258.05455204623,47816.98918342598,55285.53640604972,49775.227651029454,47746.52967306583,51132.21317291185,46169.67146348295,47853.46360463064,49448.60932027845,42690.35219807031,44250.40660658517,47825.98437511274,53660.08695159521,53914.525173533366,53275.617549298986,61533.10849456007,59826.526027160966,69198.06788756314,72971.18899015045,79114.49520586577
Yugoslavia,,,,,,,,,,,,,,,,,,,,,,,,,,,,,,,,,,,,,,,,,,,,,,,,,,,,,,,,,,,,,,,,,,,,,,,,,,,,,
Armenia,,,,,,,,,,,,,,,,,,,,,,,,,,,,,,,,,,,,,,,,,,,,,428.00549148819323,,1286.6363806576858,1596.965034863697,1638.669483566162,1892.169969202737,1845.4758513966606,1911.563668850065,2118.3992159660443,2376.3226145149674,2807.094959422077,3576.608535741802,4900.4688793870055,6384.457744447647,9206.304391675605,11662.055959917509,8647.943889474596,9260.297329122734,10142.10861178896,10619.32004858574,11121.457622318896,11609.51324107536,10553.33756962269,10546.684297991806,11523.154790195947,12457.917706350428,13618.217085724154,12723.629440579587,13872.6851006754,19481.897893387366,24085.97652393043,25955.27538003208,28312.136264655965
Azerbaijan,,,,,,,,,,,,,,,,,,,,,,,,,,,,,,,,,,,,,,,,,,,,461.21125461254604,1550.2425606401598,2257.4280755942623,2417.3311929526044,3176.5538742672215,3962.337295737541,4446.394417162057,4581.2242956289365,5272.615722968917,5707.616203720108,6236.046592961682,7276.41307911451,8680.405740941249,13245.421880834041,20981.929497618767,33049.41943122439,48851.293785448266,44292.42718494917,52905.99887871426,65952.79642794732,69679.94450419719,74160.56012369014,75239.73748880439,53076.24475450366,37873.35683958886,40701.19232082303,47112.94117647059,48174.23529411764,42692.99999999999,54825.41176470589,78807.4705882353,72428.4705882353,74315.88235294117,76390.00000000001
Belarus,,,,,,,,,,,,,,,,,,,,,,,,,,,,,,,,,,,,,,,,,,,,,,15565.781053287563,19373.330410408453,29696.41594955864,33692.02638850161,22746.475056670846,15526.936677002352,10214.1668425097,5321.6174242264,3916.3012001172656,2528.23256406167,3689.084669012375,8074.132386463394,17287.44058551594,24658.291984403055,30322.48884553489,26776.07828666843,33183.924801848974,38440.4520670442,39564.20644586467,49418.317212722715,44054.59287144862,36512.880716142674,40690.79384680312,47150.9784932589,57421.91178994085,54657.43944037049,54058.548528596795,54486.93268135262,73775.17992460303,72478.76037042579,75961.87327201376,80862.5882689958
Georgia,,,,,,,,,,,,,,,,,,,,,,,,,,,,,,,,,,,,,,,,,,,,,,,,3063.4109968898642,3510.54084358306,3613.49147511808,2800.0197319485706,3057.9640771486565,3219.456691109357,3395.7707680682934,3991.374539820552,5125.763952156445,6410.917778367279,7745.271208761535,10172.930571103389,12795.13030247694,10766.87354916875,12426.726776067191,15475.467140481174,16894.283489578746,17517.49648540091,17966.244475011652,15223.869962733941,15444.706916113904,16534.704199868753,17906.937964630935,17652.213016908197,16112.795598888253,18870.1491947505,24963.462451490475,30777.79454647714,33776.08329872704,37682.9036519846
Moldova,,,,,,,,,,,,,,,,,,,,,,,,,,,,,,,,,,,,,,,,,,,,,,,1441.2818630722008,1693.4728785878103,1928.586722842473,1698.4960992049453,1171.7181764582817,1288.346576378054,1480.8693286488253,1662.1242400795843,1980.57483381021,2597.9364461422424,2988.338518683133,3408.272421960079,4401.154210495967,6054.80590839107,5439.42203139627,6974.960378956535,8414.360622484613,8709.165238559126,9496.684679119317,9402.090134185968,7797.667147779158,7980.917248715016,9514.40406712366,11252.35360481117,11736.797136879082,11530.746096307692,13691.869129729279,14525.337829651333,16711.90696563375,18200.230690973196,20219.021787042417
Russia,,,,,,,,,,,,,,,,,,,,,,,,,,,,,,,,,,,,,,,,,,,,,185747.83672341626,299486.477233824,336685.56638847163,421298.8910000918,435103.53804692626,291136.1884703681,210492.3253140752,279048.1065938598,329444.4349212335,371213.93368103734,462394.10921412753,634944.4882122047,820625.3517840223,1063277.3638336216,1396004.7340192643,1783903.3110824088,1313233.5414802583,1637903.029185423,2045925.635501645,2208297.381954487,2292473.2811719654,2059242.627009927,1363473.6962158254,1276786.101453613,1574198.5717912763,1657327.9827493408,1693115.0820381602,1493076.3173889348,1829185.4778434674,2291612.1322534066,2071505.7166042647,2173386.0191632006,2538386.054018076
Ukraine,,,,,,,,,,,,,,,,,,,,,,,,,,,,,,,,,,,,,,,,,,,,,35024.80866443706,38012.05242110933,38274.71605473283,46083.08925062795,51867.07628255733,43315.290116109965,32660.97647777089,32375.101787975873,39309.14194662854,43956.20487288374,52010.336246809755,67217.87944758403,86141.51379682442,107753.0693069307,142719.00990099012,179991.72238866042,121552.15344412443,136012.4703237546,163160.4907901541,175780.719131326,183310.14637808086,133503.86718197132,91030.96876141553,93355.86897766232,112154.15855518379,130891.08668952172,153883.04552493102,155498.84849929516,199765.8567645007,161989.52272462889,181221.5172906661,190741.26376858857,212605.86616023554
USSR,,,,,,,,,,,,,,,,,,,,,,,,,,,,,,,,,,,,,,,,,,,,,,,,,,,,,,,,,,,,,,,,,,,,,,,,,,,,,
Austria,,,,,,,,,5074.97144500099,5285.471855905889,5627.895601253287,6278.973795259885,6952.359725119736,7398.052902822268,7973.823257517375,8721.170870214813,9480.787737631541,10328.097083919665,10985.021443184358,11801.561498640414,12884.640535929271,14456.951297448046,16794.51399324655,20745.929794862146,27755.442452210133,33091.807537479,37671.91792356612,42587.90547122487,51034.01162306629,61393.99050533955,73227.71845089937,81175.78365546705,70241.7383040304,70443.89952732025,71306.23156765866,67157.63485819602,68547.95285854905,97790.73645122621,122618.74078927605,131925.75835246395,131546.53617747084,164988.4784539828,172762.60368028173,194677.7590511704,189597.03978498693,203531.84604412236,238330.05073356887,234156.7026925152,206874.23964136443,212145.52334202584,216718.9948722975,195694.50407223144,196305.44855258564,211837.48613241734,260195.2886988535,298674.17495048826,313827.45429040445,333609.29978008906,386249.0414733425,427503.8673600175,397689.67058789206,389447.78906952566,428393.55426180403,406773.5463655123,426459.36502119753,437972.71769744816,379376.2229133858,393329.3262529859,414044.688841042,452337.99164099485,443021.46219211817,433509.49374216347,480406.8877743613,472647.8009899283,516243.7997880302,534510.4428856719,577245.7841778267
Belgium,,,,,8150.015732530838,8485.965775694449,9022.001339282113,9592.003033554663,10173.945315336392,10255.996514639322,10621.959385866541,11279.982573196608,12004.001710408482,12853.961773984041,13821.956158680727,15467.982282749885,16841.956642758596,18099.994352424827,19393.934504263914,20749.997983008867,23025.970777832463,25619.982734555895,28587.193382068766,35636.015360786005,45727.60147463987,53679.64605802511,62892.031158484024,68198.12392306348,79424.63807752001,97091.08097168067,111352.23193462772,121794.99559928372,100568.22503014961,88434.9837547676,83719.38904317093,80037.4189314661,82839.653790236,115252.98223751342,143462.69211486264,155859.3162860149,157698.6076986077,197174.34262544228,202146.92509152254,225466.61396673633,215790.11805859208,235167.8693940545,288029.13555311994,279195.6128601879,252704.63187236976,258522.59340757044,258245.73322145565,236792.4603124689,236746.14160438307,258383.59937517942,318082.5285065987,369214.7124432002,385714.7622300262,408259.84086881985,470922.15630945575,517328.0879200787,485014.5259924614,481556.50372001244,527196.6490486427,498414.364944961,524097.0265985547,537987.4191643432,461044.76754453155,474271.56673974183,500908.76735153474,542638.913427912,536726.3444054804,529694.4735017823,598522.4222418509,591085.7833262675,651330.5951100121,671370.0816364068,723381.0996730771
Cyprus,,,,,,,,,,,,,,,,,,,,,,,,,,,,,,,,,,,,,2419.7066720172747,3089.687111713543,3700.2978094943805,4277.279181017507,4562.850824205407,5579.157531341193,5759.122671932635,6902.260515897039,6583.567899447796,7417.244737549319,9826.702509424247,9902.854130582124,9582.880148511753,10344.648304562723,10482.971403976235,9761.363552607336,10216.367638768335,11177.862688814643,14497.515896681167,17205.16908482489,18432.952793115455,20071.753930609513,23967.517429972162,27845.718680191887,25943.84192108557,25774.79090650227,27605.389550361087,25048.853004134682,23952.905030677455,23195.02044961151,19900.35821226572,21027.311689551727,22790.65435861291,25740.109533420673,26198.896103896106,25502.83597401117,30368.835146641446,31180.21384637391,35046.47235750926,37611.24740659972,41319.876166613656
Denmark,,3122.5659245360594,3349.7221715500186,3572.5350868811115,3826.76476805161,4011.0668091279454,4186.971742284071,4477.830187313417,4758.843747194932,4971.666999655429,5513.714793677267,5904.904200580848,6604.180601522484,7439.6928395833875,7858.824346980081,8983.312919674423,10091.007276528346,11420.79066009955,12490.97971117826,12910.133333333335,14718.133333333333,16285.733333333335,18212.74005768656,22350.916424555602,29449.541284403673,32757.87953863065,38874.89884531382,42883.56366066614,47967.330702509826,58220.51202077387,67917.8324868465,68454.95161410519,59298.1973419884,57871.5238273543,58144.18605159765,56345.325686035954,59833.33962477824,84731.90548993387,105395.94638847305,111159.57293512768,107876.96062203667,135839.03202037307,139181.37813728218,152965.7340050662,143110.4231377835,156019.14567136494,184849.4708489443,187482.127798271,173242.4149741235,176876.28562431823,177886.70057222806,164043.0054409549,164881.1981996487,178787.98309247583,218422.18811810552,251987.83804535423,265149.64556746726,283387.1046179613,320213.1575950181,354977.3830796782,322620.9576057617,322345.3074991821,344315.6937141325,326792.3224594647,344631.1204331669,352832.6020644515,301758.92233763734,312120.32015482266,330182.5888646333,355285.854803778,345424.6041385516,355748.0541284404,406052.8805661578,399896.8353107344,404634.23889695207,424800.8428156749,459559.48674012104
Finland,,,,,,,,,,4046.870964565283,4400.010405034549,5062.495238767672,5737.50327479882,6143.74555231224,6671.875377414757,7525.013888863083,8321.87231164565,8921.889777239357,9078.289073446309,8550.066252916262,9759.592516251783,11112.468572334594,12257.374223644407,14425.48572264373,19052.583424877932,24312.15426525014,28721.18789669423,31113.25829143255,32864.147652571424,35459.20061921829,43448.19796442941,52276.62168947406,51170.269491976134,51401.442639774235,49646.624061587,51499.29264649142,54357.69035216469,70959.1007609379,88860.66326606528,106011.07033100119,115138.46571645113,136968.6206880465,123565.75333603863,108852.27797628847,86478.31146472816,100041.88805871613,134195.50911534394,132102.82430298478,126827.74868090574,133935.31648062376,135271.54409381637,125967.82111058732,129519.67286890474,140360.9638117663,171612.86773569195,197458.2976397659,204859.36879065473,217044.0682341157,256360.2515376496,285698.6620710941,253480.7834394533,249429.61368333976,275126.91551556665,257443.3844929688,270268.0366262774,273478.52895489696,233210.7335062501,238777.81879261418,253846.13844000272,273869.25559607364,267014.82112940686,270000.31160622183,294223.21049611934,280253.0993093399,295021.98246275063,298696.9612976565,314315.366739616
France,,28854.927178455928,35318.29709228114,41603.595701053004,43376.42522834582,45918.28701881446,49118.50593972928,54604.30453951328,58815.23911789567,58297.71539929331,54121.30472331097,60055.93569388161,65524.878761708635,73160.96459177572,82012.35634092872,90985.31854115457,97932.7708762373,106014.48216302397,114521.62359662526,124466.75081379128,134900.54934646716,142864.73508115328,159585.11067780014,195834.7853676551,253729.25450265312,270915.2207653344,342343.4724808046,354079.6564844836,390975.2617382711,503028.9905205969,606501.5680361157,703541.6844540001,617588.8743646657,586831.1524987274,561871.4819341402,532660.796985596,555201.1622219464,774570.9739743153,938340.788823204,1010794.2695429065,1016694.151829134,1257608.5345977182,1258910.5198602546,1389599.3616153905,1314453.3991850389,1385816.2296019394,1595120.8165614682,1598979.426971133,1449395.4807720406,1496947.9916608757,1486915.8797018642,1360959.0694774806,1370376.6772989335,1492427.7563824484,1835095.9830491587,2109792.2972370014,2192146.4030280984,2317861.5446908027,2655816.911866576,2926802.941585863,2700075.882518986,2646230.0279884017,2870408.553990298,2683007.095787227,2816077.6078752847,2861236.1125523797,2442483.452642502,2470407.6197771956,2588868.323334734,2781576.3208843437,2722793.5151717146,2647926.0551100015,2966433.692008092,2794788.13706694,3056250.648138292,3160442.622465081,3355698.427783032
Germany,,,,,34999.930149061904,37666.60612918699,43047.549861927975,47380.822657781624,51523.91463284019,55047.66162342894,59618.707012568506,72023.76794587019,82214.7114018456,90199.83668839265,95700.1129490458,104949.71078198879,114549.890718131,121924.82776492907,123549.63157096964,133399.66848721623,151547.2252119096,192697.17259916742,223186.30457815202,267657.4681199512,355672.96996662964,397566.32151764794,438029.1431160716,464025.2285561156,536119.4633246581,661096.9921810337,786831.8219941992,848456.6765444534,714647.9507061754,693326.3480293384,688086.9578539366,647373.7380679124,653993.0774698881,934132.545529876,1159019.8826540385,1250957.7434672988,1249061.1183355004,1581724.48980827,1875770.4682325488,2141487.5403746464,2078880.4372256985,2215226.5641101045,2592879.6900439304,2506644.969514375,2218768.3635063483,2247750.371233206,2213873.468586773,1966980.7011450836,1966381.4966418403,2102350.7983059064,2534715.5183491027,2852317.768061741,2893393.187361772,3046308.7536705607,3484056.680854937,3808197.7201250046,3478545.5166835957,3467093.769666756,3823575.8037938084,3596483.233406251,3807023.797051021,3964870.735760712,3425099.578746096,3536787.8951790947,3765351.6261059227,4055433.215301891,3959894.7940391437,3941398.9570738734,4355251.953410783,4201021.706478619,4562207.532490281,4685592.577804692,5007070.821018432
Greece,5498.0111592294425,2186.679781827929,2626.674511532179,2753.343343866353,2053.9041993477376,2079.9731946116626,2403.307512323664,2769.97342177597,2983.3034233661206,3126.632743463347,3249.971604461507,3506.633197791963,3953.330940514214,4200.004316165972,4693.330728489308,5266.665227944675,5993.3372027382675,6666.67045277717,7203.328899797936,7819.995433950734,8883.328354598023,11283.366518591885,12526.64948529721,14499.897776061425,19183.009167136333,21763.135776106858,24510.66381320227,26759.760376231716,31068.078808620852,38004.67372052264,46789.147814567106,48823.750469748215,44953.53828555966,46896.10144506165,42445.11341035899,41243.0847365398,41066.71469242954,48420.77589501537,56379.121639472134,65493.20471370443,67985.75037134634,84074.71339729273,90301.88933217173,99814.09516182658,93452.68884330687,100147.19783360747,134982.35615221347,142499.55497248794,138758.44821075592,139614.42152567193,143445.51484422208,126975.74522819258,132050.47444239203,150253.79994497553,196930.5093496155,234979.616026343,242315.66865423202,269073.4148126006,314226.9971263838,351121.40024656523,326829.0544240874,296417.64504171064,283228.07943083846,238841.14009018108,236556.27940297412,233911.58210294228,194567.3741973514,193097.23885312286,200381.10366460003,213298.8738888288,207305.64948064653,191362.9856439492,218303.8015322247,217990.18927529771,242946.18754580346,256238.37132351843,280660.511243813
Iceland,,,,,,,,,,,,,,,,,,,,,,,,,,,,,,,,,,,,,,,,,,,,,,,,,,,,,,,,,,,,,,,,,,,,,,,,,,,,,
Ireland,,,,,,,,,,1590.3990932305426,1702.4001164334322,1939.330066728706,2088.0125959804004,2260.3500235954116,2430.84413356326,2766.6093614243687,2945.704585448467,3104.0348594639654,3343.6394766146996,3278.5843518101983,3787.0771975851417,4400.693874773654,5103.675437604574,6324.424311209285,7489.008431898431,7904.105578866552,9493.621662305262,9462.815621364747,11259.391953620321,14663.064692965896,18337.814722399533,21768.95140408343,20691.008586792006,21495.78497421779,20785.98416411381,20126.542854703774,21291.412949328715,28743.652671003354,33952.96783345115,37808.36538530752,39279.189154494874,49356.40959840764,49837.7110732236,55977.46538702744,52467.57115994461,57155.29462898551,69141.74408506296,75788.68462441817,82859.22060976105,90199.40994841313,98857.72174143724,99958.80662889259,109251.079474904,127991.99440026352,164301.65698607502,194023.76663997068,211792.72405984183,231974.321712219,269722.34672710695,274336.95829787233,235495.3976117014,221516.6815633506,240660.61246255322,226934.69161268105,242855.26136712162,266135.9958284836,301966.17593434633,305153.4820055877,345988.03248120955,395566.67905645457,407246.55962606356,435117.6260173258,530327.7237594606,547677.2578977593,566904.1532275142,609157.4593564667,707851.4540983236
Italy,,,17171.190819924035,18511.98626954081,20471.984534645246,21814.359978437726,24051.167027070565,26175.94939061793,28103.97600887275,30191.786171436008,32248.31963686698,37191.362334490776,41296.090908527636,46396.683871047695,53143.87860687887,58176.00515511824,62598.43983320219,63726.43175354569,69687.9666404367,75167.7582051266,82719.82056223007,107703.86571908323,118272.1629019723,137562.54004721006,165689.55668035016,187865.9854588328,213497.42561571678,210278.11056959743,240981.22514899625,294772.0500663932,368423.5057235541,448826.4099584462,405670.3401522765,402049.78289595176,417035.5166874889,413029.60673135734,426230.2728914569,603993.3033655913,759727.1439754753,839597.7597120055,872248.7288799327,1102437.4240426137,1161238.1637618751,1265832.2911495024,1020950.3513462634,1053977.2659043805,1177405.8154655918,1314832.6067368917,1245022.1470344805,1272763.8522721697,1254544.8831111828,1146806.891468583,1171016.9036518692,1275725.6599689424,1579381.8295911895,1809559.8889944311,1864240.5362383726,1956823.447796563,2219586.85422877,2407761.819313729,2200628.192536428,2142845.393320928,2303955.904942622,2098048.423860392,2152614.122648737,2170364.959261975,1844602.0849506485,1885394.978941659,1957329.256325739,2098301.9959161025,2019779.2207792206,1903581.3290778527,2178934.957426679,2101517.7076409166,2314814.6507577756,2380825.077243596,2548998.471281049
Luxembourg,,254.19977893777175,338.7996482367463,367.5990544345567,338.1993916754742,346.79903507144184,380.39888016652276,416.79911575108713,450.79913188701624,445.39924322492686,457.7988979160448,523.9989673005398,523.9989673005397,551.798752692683,589.4188645146716,672.8190274875552,704.818995215697,739.7984622459599,746.3988640305937,818.9952156970318,957.5947784133541,1100.841488700816,1146.923108671427,1436.0501883437662,1970.799066861795,2404.011259530522,2358.4717338323135,2585.2745619892225,2861.390696203458,3563.2817023369735,4166.122035082988,4545.87091416258,3816.158016536109,3475.2436784856613,3416.340570562989,3351.542483751387,3968.9865076022124,5797.415544659063,7215.490638452363,8167.2212695413855,8704.084766584767,11080.9032736245,11996.035500931468,13457.554597755232,13809.298936015157,15350.659842168407,20853.3506843954,20894.879064410383,19563.57153489127,20149.605476650886,21891.293346558323,21177.470978441128,21368.83696790185,23538.74547080137,29600.76814208033,35002.00157692475,37657.297418295784,42872.02013194655,51519.22429438381,58607.03702347382,54248.97234535864,56159.18918739943,61615.56672296711,59779.77216835797,65184.760455627555,68713.29773352738,60044.69779305757,62160.30308190204,65265.785517133045,70962.03392231153,69896.4722346619,73548.69143964436,85573.39167455061,81542.866037847,85684.18243654954,93279.85186340631,100512.14944836765
Malta,,,,,,,,,,,,,,,,,,,,,,,,,,,,,,,,,,,,,1014.5897424166169,1302.569002563803,1589.6192289149444,1833.1189389358735,1922.8544503546536,2311.904168805555,2496.1912037940874,2742.8222506393868,2458.9484416145897,2721.5481734669647,3709.3554519312024,3822.501672133256,3786.9815853955597,4010.06293997644,4111.8091324309025,4036.7504874440297,4070.8088855608444,4455.056844012355,5418.2535633934085,6104.073092626592,6382.646460257198,6775.874983313982,7958.759242220557,9135.419464606144,8734.745697325667,9088.176576230557,9776.556080099534,9610.07535327267,10793.714875610596,11872.218033576184,11335.713882666076,12014.840337421176,14065.14374049538,16145.066083590053,16339.18366995074,16371.117158326684,19725.86014900662,18916.28361359563,22605.138828267813,25030.077966761964,27773.978880570627
Netherlands,,,,,,,,8421.095362917256,9131.61984736366,9236.876290333807,9842.144331810063,12276.76804379596,13493.814869286965,14647.096072272145,15891.283375946627,18699.430140989116,21000.642423356952,22867.26373974237,25087.628470548127,27817.67924611002,31503.952078311057,37678.08027126404,44010.711976340564,54007.96808590987,70925.68356495898,86127.10395593227,98969.17864082746,107778.09796877734,125397.00194847758,153871.87293425994,177380.3811798361,189250.78255934594,158117.7634309838,153734.86617864305,149429.795776551,138982.44553721053,140313.43095429242,196358.95913723164,241127.5609944486,257719.0740901783,254199.87966943387,313245.5612744416,322263.31831715023,357187.16672702914,347902.4878738692,373086.5817953741,452952.4144140187,451356.6187860037,417483.5789340537,438622.76280606416,447614.4410932138,416612.3088262392,432158.10149349895,473296.31546750735,581130.0695007188,660039.8577042707,687860.0208924043,736938.6344448472,852371.489027398,954039.6235397517,875431.1704079917,851634.0085690258,911946.1183977313,845736.9580132957,883700.5200761061,900357.3822852116,775396.473328158,796438.9786891234,842469.5328293095,929231.7316431194,928982.3107926556,930654.2801778183,1054340.1135288551,1045272.49320555,1153407.9368714914,1214927.698572657,1318922.4556099544
Norway,2479.574421729184,2110.2191559123376,2627.09894916042,2902.478839008464,2941.8188232724706,3191.858723256511,3398.9186404325433,3844.678462128615,4094.7183621126546,4088.9783644086538,4334.118266352694,4628.11814875274,5494.297802280879,5921.297631480947,6392.5374429850235,7046.757181297127,7815.91687363325,7639.656944137223,8357.996656801337,8924.996430001427,9718.516112593556,11182.775526889789,12628.42071398303,14936.591659393616,19399.11513173299,23418.193371133148,28449.14998067703,31285.32471245409,35978.58551704705,46015.73751728742,52548.24676594123,63714.108705423125,62867.21340323477,61850.502709160006,60780.2235906348,61098.9945426431,64256.975793366015,77202.30866805324,92448.47828184254,101900.57357855939,102633.93439061483,119791.07758469203,121871.71252548997,130838.04006758388,120578.7038015937,127131.6796975734,152030.57223495538,163519.85562365403,161356.63188848362,154230.29515844723,162384.33064031173,171456.42274797088,174240.32296630763,195915.34335865968,229384.82137560702,265267.48189762986,309978.57974388835,346913.5378968492,402645.32121392025,464917.55319148937,387974.549681712,431051.9062170654,501360.308745836,512777.30984099704,526014.4680851063,501736.2064341675,388167.5347222222,370816.9477658258,401914.6014293568,439635.4404803967,409068.23609689524,367509.8205754326,503192.2495054113,596535.2723843086,482949.73177658714,483592.64831330127,519558.9537300793
Portugal,,1699.975629657553,,,2085.755635390314,2140.867064780709,2263.807945728512,2433.381574622033,2547.84377412516,2675.0239957953017,2853.076306133499,3107.436749473781,3325.728251378048,3569.7004622116956,3800.833413781559,4121.847313322986,4601.232958948362,5040.9166955625815,5634.6430681186475,6237.368925561297,6840.8228725664,7959.372585945047,9036.060176095756,11029.93795678939,14817.01556743872,17186.831147977606,19000.19850874439,19963.125943059833,21044.336781458685,22454.25674627438,26132.877649787522,32336.800035241027,31809.916870797937,29798.365837476762,27409.345834984713,25499.183776321843,26774.24478630467,36886.975028681096,45922.908018710186,53987.73604219269,58277.45932635429,76926.41971141675,87300.34287395253,105951.2954322018,92671.07028331763,97640.73007652469,118120.28350388943,122635.82777462942,117022.55690687342,123952.26062690002,127423.6784153876,118310.7103372029,121497.80225680306,134162.40459272504,164855.8159167707,189042.71727725936,197175.42655325073,208570.96674239563,240178.31128411062,262354.38678727066,243687.0775988653,238211.43243117962,245105.68634401652,216548.95193847053,226613.03788443073,229772.59915245592,198949.43883775093,206117.8093947636,219362.15953389765,241962.21333050056,240136.4699955217,229149.3274820472,256023.823320719,256587.33918399285,292082.3754002792,313271.18508510257,342523.5421209302
Spain,,,,,,8646.996505677207,9648.260955000984,11080.890582415612,12251.317337286688,13850.289200538784,11833.423595659577,10345.001622264683,11783.354177816847,13616.67965402779,16070.015279792127,20036.688139719972,23313.35775511845,26973.35326269318,29477.853565878093,29105.698013824316,33100.15497684855,37572.853380491935,42724.21350131133,54196.83700123487,72075.11066685706,89156.136520307,105187.48025493952,108615.37696315548,121372.71651991064,147190.76007578406,196669.05453004123,221228.39301336388,192778.42358051057,186303.41967719115,162483.71578284306,163585.32922511344,171846.10416931676,238877.37790302577,302960.4376650677,357536.0662762462,394246.23030820955,509964.33439160354,548577.2295887568,599675.6111949892,499112.89911368355,504296.33935491554,596753.9191562271,622468.8046386802,572660.9270379243,588021.3925184099,633175.9048056363,595402.6165468951,627281.187640379,705427.5092936803,905457.3526523814,1067139.7440911885,1153256.9765706612,1259279.0986789037,1472054.5605347652,1625284.3593217859,1485494.7537171303,1426597.0902396548,1485622.5368559337,1331070.2639362502,1361800.0979872774,1378408.7605825264,1205624.9306864813,1241885.2231493578,1312772.3675608137,1430870.0116851386,1403616.211374832,1287146.928074775,1461061.967833491,1447094.794147097,1618144.4764715796,1725652.1268535554,1888832.4873096445
Sweden,,,,,,,,,,,,13948.979453762751,15178.58351004502,16468.691586075183,17591.978674749338,19621.85954175454,21585.050674532835,23509.00118108486,25528.830262061656,27067.140131562413,29406.69332967345,33291.901933229085,36328.18367860536,42784.55071161301,51919.17110309691,57693.79783845637,72440.08583422242,78100.45708224956,82562.63332173046,91280.89818013621,107837.26919021808,129701.36444130255,118383.15453525668,104428.41430551953,96026.01240884766,99871.3701975386,104574.89144482979,138310.09127433118,168453.60889780516,190215.67939417184,200610.21765567217,240153.81522236802,253410.10372932814,262607.2533023801,212646.22409400487,228702.54809181474,267053.9598248769,291954.17210958607,268252.3258357357,270890.59317951114,274319.41934757686,262904.04966471076,242499.24969261597,267372.79606290156,334074.0511729715,384547.7344197559,391690.85344884114,422527.56412428425,490052.33200715523,514616.528348834,434312.6700131438,492753.54074633156,570541.6460051066,549741.8457805292,584125.5025736995,577727.7673035957,501602.3519116001,513058.31295093964,535172.3567847685,549649.3440431822,530894.1244944176,544265.668451678,631693.3313007758,575071.2376409271,578990.9152460758,604395.0356923683,666622.6207061321
Switzerland,,,,,,,,,7115.334042236933,7315.42780045507,7769.354783384214,8545.718565270585,9613.64753770338,10660.995437862312,11723.20744577459,12994.660355137834,13917.37842874947,14945.288649538641,16087.538160738175,17178.334991253043,18613.293085903108,20733.14353011125,24915.030782442518,30558.355698108273,41095.414287655265,47360.91298145506,54296.70551044443,56792.17807364261,60656.8699241113,84828.46948020716,95352.79541955351,118953.75691497934,108905.22543070094,111579.74062563108,111277.95192316856,106269.3643389738,107778.58721353777,154448.78037933874,193384.47816844264,209365.13360213218,202211.58607030864,258017.07506694697,261197.77683247442,271576.99364253104,264177.52872863115,292675.9718942158,342626.02856732096,330237.61943673587,286536.3016860629,294822.7698801912,289706.0879406184,272049.0563120248,278627.9693070715,301414.87634879793,352927.9241978242,394163.68863691186,418291.5846263192,441620.58287261537,490752.9806659614,567273.005329197,554192.5428988916,598848.5282008993,715888.1496990008,686420.5735279687,706234.592762573,726537.8088477417,694118.186066862,687678.8232210472,695284.4949664852,725534.5323499136,721205.8247806843,741901.9438104721,815309.3306288901,828508.9265897423,894424.8215283421,936564.1981723174,1002927.7050760646
United Kingdom,,36114.38555424579,40535.583785766496,44001.98239920704,47160.381135847536,49716.780113287954,54017.578392968644,58612.376555049384,62103.975158409936,65155.97393761041,68258.37269665093,72328.05001918,76694.3637926545,80601.94295282282,85443.77018729193,93387.60265775894,100595.78644968542,107090.72585490966,111185.4795790148,104702.73986660811,112676.87871609701,130682.29545416366,148106.687433077,169969.27995204675,192551.6511462108,206152.572962156,241734.70990463253,232610.3753751056,263079.30615833314,335879.8093978006,439011.73490674124,564954.2755551424,540721.1222547981,515006.62943468994,489599.454318087,461482.8007720067,489256.2810717026,601455.2981030407,745129.7295265611,910171.3004962911,926925.7640635305,1093214.0339538015,1142766.9462007177,1179713.3600339785,1061457.172553119,1140442.6202161834,1349162.3373754076,1425380.446144677,1569224.800110013,1660755.4519197647,1693576.8060227456,1671519.417306799,1656278.2964205248,1790474.8487387274,2061321.986964302,2429863.781171043,2551371.095894894,2719623.468454627,3104873.8224630435,2945435.9279807927,2429286.249511231,2496742.0141877285,2675589.3299751175,2719715.913668337,2796906.4864045177,3087544.870739338,2945579.890258459,2704894.819322985,2689375.589989652,2896929.6429999624,2873674.744897959,2723999.9999999995,3194844.566712517,3182066.892535002,3420796.653789085,3685880.9512020582,3781024.615720193
Bahrain,,,,,,,,,,,,,,,,,,,,,,,,,,,1076.8647281921617,1500.2818510663576,1946.164539365601,2342.477668259118,2668.1201309165995,3071.936339522546,3467.7127659574467,3645.744680851065,3830.851063829787,3945.4787234042547,3651.861702127659,3052.393617021276,3392.0212765957444,3702.3936170212764,3863.563829787234,4529.255319148936,4616.223404255318,4750.797872340425,5200.425531914894,5567.553191489361,5849.468085106384,6101.861702127659,6349.202127659573,6183.77659574468,6620.3989361702115,9062.90694039758,8976.20776458274,9632.155013690637,11074.822141574945,13150.166878343694,15968.7932798683,18505.053191489365,21729.97340425532,25710.904255319147,22938.191489361703,25712.76595744681,28776.595744680842,30750.000000000004,32539.893617021276,33388.29787234043,31050.531914893618,32234.04255319149,35473.40425531915,37803.19148936171,38654.255319148935,34622.25724564282,40840.425531914894,46680.85106382978,46079.78723404255,46995.12156129641,47276.35471691641
Egypt,,,,,,,,,,,,,,3740.5219919453925,3875.496512053139,4342.396091843518,5092.195417024125,5526.895025794476,5706.294864334623,5825.894756694719,6200.794419285024,6833.293850035535,7366.893369795967,7859.092926816368,9204.535174742938,10725.676200601069,12486.45554351604,16038.68092327193,20981.12976100423,25001.02222313087,17821.403112281267,22099.968428616532,24499.965000050004,32092.811295983865,37748.517502117866,45275.64960621484,53501.35214092551,63044.19565114907,73608.4662736196,87999.87428589388,88615.3505325575,65191.4947635671,37260.5888080739,44031.08991622758,49267.10678469599,54357.80940429997,63233.42224879238,71121.90861370198,79805.10680829335,89195.43167083617,95260.71190193712,102995.89379468182,94931.8755295482,88540.74878005609,75029.92950326874,82353.3575011962,97981.71538066355,113287.50995960122,138967.0562389028,173326.55481725687,197644.17264901925,225671.3163071822,243000.11967307338,276532.9273488043,270787.5749782034,300949.1103895701,317761.0193732935,270791.3461223812,194481.48964974558,249573.73829579647,316999.22568348324,401378.4381915903,460374.5938714405,457836.38677933044,391528.851804486,359708.35113229445,413115.8427241461
Iran,,,,,,,,,,,,4299.947194719471,4514.561056105611,4762.957095709571,4968.924092409241,5393.993399339935,6154.745874587459,6706.0990099009905,7425.3861386138615,8447.894389438945,9482.3498349835,10588.05280528053,13203.432343234323,16346.666666666666,25787.299273887533,44316.656515903196,49307.71913852121,63889.802362313465,74753.04150375004,73009.89961374625,86140.54075523032,91236.24137320826,99159.82903037661,122722.39188610706,148657.70607866812,156200.34488616866,164400.00043917002,193136.77332388994,259179.77930478775,301270.78988083894,357654.2935672839,559849.1494563433,808845.9414966531,1102805.453225126,85168.82777555553,82159.34954457986,116125.88459410233,158182.6852960544,185779.00561685723,208413.76107464317,276570.6821546433,362827.9142867734,429198.60324178595,149173.47046356046,154553.2731125534,184989.03511570243,223823.45340121552,263980.7894836527,351581.09567930805,412990.6115830124,412921.2332243241,486669.24665257835,599490.270474298,613932.5279555623,550134.8827012175,467793.6180242659,414094.39361416706,437499.0244494981,489786.87792778516,500609.770711546,229211.83718248433,153867.07379507562,245923.77114505816,333292.5161881709,296368.14149152563,355686.58727273066,353611.13778898196
Iraq,,,,,,,,,1272.3194910722034,1426.8794292482285,1492.1194031522389,1683.9193264322696,1831.4792674082933,1954.3992182403126,1978.1992087203164,2327.6390689443724,2544.078982368407,2757.998896800441,2783.1988867204454,3160.6387357445055,3303.9986784005296,3590.998563600575,4053.431337903738,4380.314273641203,5426.37986660928,11424.397073893328,13620.75621203194,15776.766424890118,20459.917240632003,24465.14557386375,38572.16386625761,54004.889710613104,37734.750130369706,,,,,,,,,,,,,,,,,,,,,,,36627.64975024425,49954.89035326087,65140.147197121485,88839.85222028266,131614.0255473229,111659.9888888889,138516.72264957265,185749.6644444444,218000.36932865702,234637.67512864494,234650.96086725994,177431.4338894183,168167.8252115059,189726.62432432428,230043.4487423378,236681.59272419626,182393.9547818792,210753.3898510345,288059.4033793104,253085.4892952381,278770.6638461539,263467.00742855837
Israel,,,,,,,,,,,,2550.555555555555,3074.4444444444443,2298.9734447360165,2658.0088600295335,3100.6770022566743,3663.3455444851484,3980.013266710889,3921.085320092238,3959.154169011911,4568.013051465861,5372.301063717325,5573.108507401207,7173.788219532036,9242.160922499637,12567.589121043777,12336.986971583692,12475.948102155427,13776.267292135368,13618.844419973158,17511.335726431138,21780.968680539158,23196.33265095446,24572.711913297895,27435.448149498792,26042.767981992427,24122.661916274334,29701.446392085167,35476.34575829026,43892.478094725855,44599.30495402887,52810.2649565019,59906.71797324393,66941.2951184996,67279.723541384,76800.52871746162,105432.02414911882,115053.56163739756,119391.50854508822,120469.27959411379,121329.02708395736,136408.7773126041,134890.77788213475,125215.30999489214,131277.89500958472,139925.90328381653,147346.14613276286,158706.1611693497,184449.84031469686,220951.10952558788,213110.41262963018,239373.22310689843,267739.210146082,263172.2649847508,298045.0099148102,314376.79660697194,302839.43227134366,320961.05155150144,355598.32485184504,375467.6032636012,399268.2659932659,411196.8604651163,490372.78363298194,525159.1965938893,513394.306770479,542285.5486247041,618272.0008240795
Jordan,,,,,,,,,,,261.79989528004194,275.23988990404405,336.2798654880538,332.9198668320533,361.47985540805786,416.91983323206676,469.27981228807516,390.3198438720624,445.75982169607136,530.879787648085,623.8397504640998,593.0397627840949,633.3597466561014,704.7597180961128,807.1314875628098,932.6527824348323,1185.458047731025,1708.6778539864995,2096.723935286561,2602.5096114519433,3271.3521324662956,3909.6081228497105,4384.247336071156,4680.815451130805,4920.829902032339,4967.058119724812,4993.398796325625,6402.0790591086,6755.884760044792,6277.238092184712,4221.147420010581,4159.801239091655,4344.408444539748,5310.980291783977,5606.010527516018,6236.955538636793,6731.51745417111,6927.080394922426,7245.980253878703,7912.411847672779,8149.788434414669,8460.518190634699,8975.38769383751,9582.45300944993,10195.66086022567,11411.39040870945,12588.665315416081,15056.937007856135,17644.679516486747,22658.715991725418,24537.876123688035,27133.8042443669,29524.149164899438,31634.56167043564,34454.44018065817,36847.643587238315,38587.017944335224,39892.55114883014,41408.450704225346,42932.18126967493,44503.00000000001,43700.380281690144,46296.112676056335,48653.39436619718,51088.4763027069,53352.289631924796,56077.65078392517
Kuwait,,,,,,,,,,,,,,,,,,,,,,2872.79885088046,3880.9541193716336,4450.537925331891,5408.467421064699,13003.537426104636,,,14139.849109803677,15502.466797308154,24829.392906508037,28690.662493479394,25248.847678318416,21583.058653542244,20869.571184004228,21701.535489188074,21446.170113016324,17904.643920232626,22367.519189845803,20689.605739905168,24314.195364542735,18470.818671889894,11013.547027639313,19870.405800363544,23955.088639970312,24858.557617812505,27187.081166568376,31492.239712233106,30350.289600427233,25943.70578429957,30122.33299935943,37720.55275923222,34876.84311436601,38132.82704975749,47842.0332067165,59439.09060061078,80805.82191780822,101557.33072342303,114634.04336169224,147379.73722975285,105968.69190541552,115416.23198316857,154039.2566101044,174047.6394604481,174167.27403432634,162652.65107177233,114531.56146179403,109386.96637624837,120636.69771809259,138036.59362813018,140676.31578947368,110768.07817589577,148776.4119601329,183896.40999859627,181200.17641871952,175634.63992096696,172532.6982736623
Lebanon,,,,,,,,,,,,,,,,1041.1040908883872,1146.8658951446196,1235.1672921823842,1192.0662064833423,1353.577334152723,1402.6387429407175,1488.5377090101501,1672.6925734184706,2086.392720406986,2721.0389212381247,,,1427.432189135636,2671.5890725196805,2977.292183381438,3438.4395960218944,4074.3748017380117,3894.4149916432348,2656.0388571380386,3659.977430175987,4326.61812384716,3613.8758603886217,2817.208280448998,3298.113056332258,3313.5400630452314,,2838.4854313620267,4451.497316927864,5545.922150409566,7535.48950245785,9109.739475140916,11118.475277690404,12992.762052639617,15752.37909643054,17246.54218305818,17391.765704584042,17247.761194029852,17594.69320066335,19091.210613598672,19748.590381426202,21159.8279920601,21497.3364989462,22022.70985155257,24827.355014644847,29118.91610561824,35399.582928622156,38443.907042300234,39927.125961207166,44016.7995158274,46880.10308067761,48095.21374648842,49929.33783707355,51147.308773912766,53027.68068585413,54901.51915560131,49079.35158515408,14272.871244756183,14600.00615300428,21614.79481292429,23809.074882471457,28232.988673355634,33005.04765677277
Oman,,,,,,,,,,,,,,,,,,,,,,,301.1214426870335,366.8835483475909,483.0669906124172,1645.9177764910248,2096.699478865084,2560.2200347423277,2741.169658367111,2741.45917776491,3734.510712217719,5927.330631152287,7213.375796178345,7569.774174869716,8491.02489866821,9357.637732811807,10395.633984278871,8229.183574095114,8628.348504551366,8386.215864759426,9372.171651495448,11685.305591677503,11341.48244473342,12452.015604681406,12493.107932379715,12918.85565669701,13802.860858257476,15277.763328998697,15837.45123537061,16044.190289256047,17832.644655242653,22259.497550226293,22205.659184224343,23065.580278651287,24733.762117010087,28378.899252687646,35506.86534405175,42577.64371613238,48300.29498687178,69804.64664029363,55454.11553199948,64993.54843116723,77497.41392554772,87408.79355157606,89936.13141590066,92699.12312979375,78710.88056825669,75128.85498796593,80856.57550236593,91505.918084007,88060.94507605411,75909.39761180963,87323.90296809388,109852.79583875163,106174.70803651029,107137.19876938645,105383.6703574164
Qatar,,,,,,,,,,,,,,,,,,,,,,,,,,,,,,,,7837.90952619245,8672.527472527472,7611.263736263736,6484.89010989011,6870.329670329671,6153.296703296702,,5446.428571428572,6038.186813186812,6487.912087912087,7360.43956043956,6883.516483516483,,,,,,,,,,,19363.73626373626,23533.791208791205,31734.06593406593,44530.494505494506,60881.86813186812,79711.81318681319,115269.7802197802,97798.35164835164,127332.02224804205,,,,,,,,,,,179677.1317072948,237101.5431739695,,,
Saudi Arabia,,,,,,,,,,,,,,,1927.5555555555554,2070.8888888888887,2311.7777777777783,2653.111111111111,2920.6666666666665,4187.555555555556,4485.999999999999,5014.666666666667,6797.003675200531,9230.47228421497,14442.11525957821,,,,74029.661906464,80088.59970113779,111718.79649135334,164305.89706439333,183938.85014382814,152908.6947263409,128868.28607486484,119299.2811757728,103893.83071885681,,85581.86666666665,88138.66666666667,95217.06666666667,116622.4,131160.53333333333,136122.40000000002,131975.2,134147.73333333334,142267.7333333333,157532.80000000002,164773.86666666667,145772.8,160956.8,189514.92622266666,184137.46972486272,189605.92024051573,215807.655244424,258742.263029008,328461.4686635993,376900.2403204272,415964.64309539687,519796.87999999995,429097.8666666666,528207.3066666666,680660.8,751921.3333333331,769755.7333333334,787153.0666666665,693414.4,689279.4666666667,741266.1333333333,886564.8000000002,888890.1333333333,767951.2,982661.0666666667,1239075.2,1218584.7999999998,1254140.8000000003,1283203.1430420445
Syria,,,,,,,,,,,,857.8212290502794,945.2513966480448,1110.5691056910568,,1296.3350785340315,1329.8429319371728,1321.2041884816754,1443.7172774869111,1562.3036649214662,1796.5968586387435,1780.1047120418846,2097.643979057592,2415.7068062827225,2579.219250637547,4244.666373777097,5566.756756756757,6417.6272559030485,6882.292993630574,8251.974522292994,9929.68152866242,13062.420382165606,16758.471337579616,17525.605095541403,18672.866242038217,19195.414012738853,21203.821656050957,25460.63694267516,32538.089171974523,47400.50955414014,18609.53229398664,23904.498886414254,27756.258351893095,33107.34966592428,19702.619047619053,22219.827018483556,13783.343391671699,16469.759458364122,17796.55797966296,18869.96586215952,19406.5439382093,16448.504257951816,18657.36998371804,20377.12531643047,22985.534537361982,25055.673120661348,28854.028998831618,32659.757872959923,38995.65175379264,48768.33137133622,54174.10378271435,57838.74025246651,,,,,,,,,,,,,,,
Türkiye,,,,,,,,,,,,13274.85380116959,8004.434589800442,8902.439024390245,10332.59423503326,11129.340415104487,11891.592920353982,14059.734513274336,15597.345132743363,17422.566371681416,19380.530973451325,17345.63269629695,16311.622619680224,20431.095406360422,25724.381625441696,35599.6582203043,44633.39819001392,51279.815113591765,58676.161802446375,65146.48590325424,89392.64741372374,68506.7091366039,73600.37403681024,64091.0964423911,62712.62369320979,60883.93631469573,67005.05572020546,76124.66494295135,86811.4613153775,90849.65022673745,107146.22374721919,150676.21442590773,151041.99126520322,159096.79559747514,180421.6812628589,130651.8016664021,234699.08452593622,250367.2751885943,263817.54848055844,276035.3745723447,256673.93853141126,274748.46253872645,202194.7502835369,240777.36908102944,315391.84950262844,410155.92196641274,508315.34556929977,559669.2939899892,685229.0069305336,775417.13611777,653894.4495341815,782545.1435605681,844195.0273142481,885328.1158129175,962166.6330491605,942343.2524172025,865462.9143382352,870818.0893821362,863874.6084629471,788356.9616550573,775853.1020639141,733628.2034891349,839938.7109130492,926097.4535124069,1141242.8588052762,1359123.750403649,1571422.8092255902
United Arab Emirates,,,,,,,,,,,,,,,,,,,,,,,,,,,,,,,,,,,,,,,,,,,,,,,,,49352.51367430102,46471.3410483322,55193.464479237584,70591.4220558203,103311.63179732935,109816.0910786034,124346.47618045993,147824.2499579853,180617.35315858622,222116.4089180724,257916.13342409802,315474.64458083047,253547.3337641977,289880.43022464257,350908.38992511906,374817.97413206263,390427.2893124575,403197.68277739966,,,,,,,,,,,
"Yemen, North",,,,,,,,,,,,,,,,,,,,,,,,,,,,,,,,,,,,,,,,,,,,,,,,,,,,,,,,,,,,,,,,,,,,,,,,,,,,,
Yemen,,,,,,,,,,,,,,,,,,,,,,,,,,,,,,,,,,,,,,,,,,12319.464450753949,14665.323352844689,17959.21765847079,21736.6216767554,28019.25046419264,12690.062488981172,7876.943435783113,6839.303532615,6322.4268114982115,7641.101221438756,9636.342274824077,9854.042164674636,10693.278291814946,11777.768086869302,13873.500887561155,16753.78702828588,19081.741089779698,21656.552049981656,26910.87983820909,25130.236089269252,30906.748941208618,32726.41721234799,35393.11689705203,40415.23570198706,43228.58671878636,,,,,,,,,,,
