Iso3,IndicatorId,IndicatorName,IndicatorScore,SurveyYear,Indicator_Type,INFORMYear,Data_reference_year
AFG,HA.HUM,Human Hazard,9.9,0,INFORM Index,2023,2022
AGO,HA.HUM,Human Hazard,7.4,0,INFORM Index,2023,2022
ALB,HA.HUM,Human Hazard,1.0,0,INFORM Index,2023,2022
ARE,HA.HUM,Human Hazard,2.6,0,INFORM Index,2023,2022
ARG,HA.HUM,Human Hazard,1.1,0,INFORM Index,2023,2022
ARM,HA.HUM,Human Hazard,4.8,0,INFORM Index,2023,2022
ATG,HA.HUM,Human Hazard,0.0,0,INFORM Index,2023,2022
AUS,HA.HUM,Human Hazard,0.6,0,INFORM Index,2023,2022
AUT,HA.HUM,Human Hazard,0.2,0,INFORM Index,2023,2022
AZE,HA.HUM,Human Hazard,7.0,0,INFORM Index,2023,2022
BDI,HA.HUM,Human Hazard,8.0,0,INFORM Index,2023,2022
BEL,HA.HUM,Human Hazard,0.3,0,INFORM Index,2023,2022
BEN,HA.HUM,Human Hazard,4.9,0,INFORM Index,2023,2022
BFA,HA.HUM,Human Hazard,8.1,0,INFORM Index,2023,2022
BGD,HA.HUM,Human Hazard,7.9,0,INFORM Index,2023,2022
BGR,HA.HUM,Human Hazard,0.1,0,INFORM Index,2023,2022
BHR,HA.HUM,Human Hazard,3.5,0,INFORM Index,2023,2022
BHS,HA.HUM,Human Hazard,0.1,0,INFORM Index,2023,2022
BIH,HA.HUM,Human Hazard,2.1,0,INFORM Index,2023,2022
BLR,HA.HUM,Human Hazard,3.9,0,INFORM Index,2023,2022
BLZ,HA.HUM,Human Hazard,0.1,0,INFORM Index,2023,2022
BOL,HA.HUM,Human Hazard,3.9,0,INFORM Index,2023,2022
BRA,HA.HUM,Human Hazard,8.3,0,INFORM Index,2023,2022
BRB,HA.HUM,Human Hazard,0.0,0,INFORM Index,2023,2022
BRN,HA.HUM,Human Hazard,0.1,0,INFORM Index,2023,2022
BTN,HA.HUM,Human Hazard,1.3,0,INFORM Index,2023,2022
BWA,HA.HUM,Human Hazard,0.5,0,INFORM Index,2023,2022
CAF,HA.HUM,Human Hazard,8.3,0,INFORM Index,2023,2022
CAN,HA.HUM,Human Hazard,0.2,0,INFORM Index,2023,2022
CHE,HA.HUM,Human Hazard,0.1,0,INFORM Index,2023,2022
CHL,HA.HUM,Human Hazard,1.2,0,INFORM Index,2023,2022
CHN,HA.HUM,Human Hazard,4.4,0,INFORM Index,2023,2022
CIV,HA.HUM,Human Hazard,4.2,0,INFORM Index,2023,2022
CMR,HA.HUM,Human Hazard,9.2,0,INFORM Index,2023,2022
COD,HA.HUM,Human Hazard,9.3,0,INFORM Index,2023,2022
COG,HA.HUM,Human Hazard,5.5,0,INFORM Index,2023,2022
COL,HA.HUM,Human Hazard,8.4,0,INFORM Index,2023,2022
COM,HA.HUM,Human Hazard,0.8,0,INFORM Index,2023,2022
CPV,HA.HUM,Human Hazard,0.0,0,INFORM Index,2023,2022
CRI,HA.HUM,Human Hazard,0.4,0,INFORM Index,2023,2022
CUB,HA.HUM,Human Hazard,2.0,0,INFORM Index,2023,2022
CYP,HA.HUM,Human Hazard,1.3,0,INFORM Index,2023,2022
CZE,HA.HUM,Human Hazard,0.2,0,INFORM Index,2023,2022
DEU,HA.HUM,Human Hazard,0.2,0,INFORM Index,2023,2022
DJI,HA.HUM,Human Hazard,4.2,0,INFORM Index,2023,2022
DMA,HA.HUM,Human Hazard,0.0,0,INFORM Index,2023,2022
DNK,HA.HUM,Human Hazard,0.6,0,INFORM Index,2023,2022
DOM,HA.HUM,Human Hazard,1.3,0,INFORM Index,2023,2022
DZA,HA.HUM,Human Hazard,6.5,0,INFORM Index,2023,2022
ECU,HA.HUM,Human Hazard,5.3,0,INFORM Index,2023,2022
EGY,HA.HUM,Human Hazard,8.6,0,INFORM Index,2023,2022
ERI,HA.HUM,Human Hazard,3.3,0,INFORM Index,2023,2022
ESP,HA.HUM,Human Hazard,0.7,0,INFORM Index,2023,2022
EST,HA.HUM,Human Hazard,0.9,0,INFORM Index,2023,2022
ETH,HA.HUM,Human Hazard,9.8,0,INFORM Index,2023,2022
FIN,HA.HUM,Human Hazard,0.9,0,INFORM Index,2023,2022
FJI,HA.HUM,Human Hazard,0.1,0,INFORM Index,2023,2022
FRA,HA.HUM,Human Hazard,0.8,0,INFORM Index,2023,2022
FSM,HA.HUM,Human Hazard,0.0,0,INFORM Index,2023,2022
GAB,HA.HUM,Human Hazard,1.7,0,INFORM Index,2023,2022
GBR,HA.HUM,Human Hazard,0.3,0,INFORM Index,2023,2022
GEO,HA.HUM,Human Hazard,2.2,0,INFORM Index,2023,2022
GHA,HA.HUM,Human Hazard,4.4,0,INFORM Index,2023,2022
GIN,HA.HUM,Human Hazard,5.0,0,INFORM Index,2023,2022
GMB,HA.HUM,Human Hazard,1.9,0,INFORM Index,2023,2022
GNB,HA.HUM,Human Hazard,2.2,0,INFORM Index,2023,2022
GNQ,HA.HUM,Human Hazard,1.5,0,INFORM Index,2023,2022
GRC,HA.HUM,Human Hazard,1.8,0,INFORM Index,2023,2022
GRD,HA.HUM,Human Hazard,0.0,0,INFORM Index,2023,2022
GTM,HA.HUM,Human Hazard,5.9,0,INFORM Index,2023,2022
GUY,HA.HUM,Human Hazard,1.6,0,INFORM Index,2023,2022
HND,HA.HUM,Human Hazard,5.0,0,INFORM Index,2023,2022
HRV,HA.HUM,Human Hazard,0.5,0,INFORM Index,2023,2022
HTI,HA.HUM,Human Hazard,6.0,0,INFORM Index,2023,2022
HUN,HA.HUM,Human Hazard,1.0,0,INFORM Index,2023,2022
IDN,HA.HUM,Human Hazard,7.3,0,INFORM Index,2023,2022
IND,HA.HUM,Human Hazard,8.7,0,INFORM Index,2023,2022
IRL,HA.HUM,Human Hazard,0.1,0,INFORM Index,2023,2022
IRN,HA.HUM,Human Hazard,9.3,0,INFORM Index,2023,2022
IRQ,HA.HUM,Human Hazard,9.2,0,INFORM Index,2023,2022
ISL,HA.HUM,Human Hazard,0.0,0,INFORM Index,2023,2022
ISR,HA.HUM,Human Hazard,7.6,0,INFORM Index,2023,2022
ITA,HA.HUM,Human Hazard,0.2,0,INFORM Index,2023,2022
JAM,HA.HUM,Human Hazard,0.7,0,INFORM Index,2023,2022
JOR,HA.HUM,Human Hazard,3.5,0,INFORM Index,2023,2022
JPN,HA.HUM,Human Hazard,0.9,0,INFORM Index,2023,2022
KAZ,HA.HUM,Human Hazard,2.1,0,INFORM Index,2023,2022
KEN,HA.HUM,Human Hazard,7.6,0,INFORM Index,2023,2022
KGZ,HA.HUM,Human Hazard,5.0,0,INFORM Index,2023,2022
KHM,HA.HUM,Human Hazard,2.6,0,INFORM Index,2023,2022
KIR,HA.HUM,Human Hazard,0.0,0,INFORM Index,2023,2022
KNA,HA.HUM,Human Hazard,0.0,0,INFORM Index,2023,2022
KOR,HA.HUM,Human Hazard,1.9,0,INFORM Index,2023,2022
KWT,HA.HUM,Human Hazard,1.8,0,INFORM Index,2023,2022
LAO,HA.HUM,Human Hazard,1.9,0,INFORM Index,2023,2022
LBN,HA.HUM,Human Hazard,6.1,0,INFORM Index,2023,2022
LBR,HA.HUM,Human Hazard,2.6,0,INFORM Index,2023,2022
LBY,HA.HUM,Human Hazard,7.4,0,INFORM Index,2023,2022
LCA,HA.HUM,Human Hazard,0.0,0,INFORM Index,2023,2022
LIE,HA.HUM,Human Hazard,0.0,0,INFORM Index,2023,2022
LKA,HA.HUM,Human Hazard,3.7,0,INFORM Index,2023,2022
LSO,HA.HUM,Human Hazard,2.3,0,INFORM Index,2023,2022
LTU,HA.HUM,Human Hazard,1.0,0,INFORM Index,2023,2022
LUX,HA.HUM,Human Hazard,0.1,0,INFORM Index,2023,2022
LVA,HA.HUM,Human Hazard,0.9,0,INFORM Index,2023,2022
MAR,HA.HUM,Human Hazard,4.7,0,INFORM Index,2023,2022
MDA,HA.HUM,Human Hazard,4.2,0,INFORM Index,2023,2022
MDG,HA.HUM,Human Hazard,4.0,0,INFORM Index,2023,2022
MDV,HA.HUM,Human Hazard,0.2,0,INFORM Index,2023,2022
MEX,HA.HUM,Human Hazard,8.7,0,INFORM Index,2023,2022
MHL,HA.HUM,Human Hazard,0.0,0,INFORM Index,2023,2022
MKD,HA.HUM,Human Hazard,1.0,0,INFORM Index,2023,2022
MLI,HA.HUM,Human Hazard,8.8,0,INFORM Index,2023,2022
MLT,HA.HUM,Human Hazard,0.0,0,INFORM Index,2023,2022
MMR,HA.HUM,Human Hazard,9.0,0,INFORM Index,2023,2022
MNE,HA.HUM,Human Hazard,1.0,0,INFORM Index,2023,2022
MNG,HA.HUM,Human Hazard,0.7,0,INFORM Index,2023,2022
MOZ,HA.HUM,Human Hazard,8.4,0,INFORM Index,2023,2022
MRT,HA.HUM,Human Hazard,3.8,0,INFORM Index,2023,2022
MUS,HA.HUM,Human Hazard,0.3,0,INFORM Index,2023,2022
MWI,HA.HUM,Human Hazard,2.7,0,INFORM Index,2023,2022
MYS,HA.HUM,Human Hazard,0.8,0,INFORM Index,2023,2022
NAM,HA.HUM,Human Hazard,1.7,0,INFORM Index,2023,2022
NER,HA.HUM,Human Hazard,8.6,0,INFORM Index,2023,2022
NGA,HA.HUM,Human Hazard,9.1,0,INFORM Index,2023,2022
NIC,HA.HUM,Human Hazard,3.4,0,INFORM Index,2023,2022
NLD,HA.HUM,Human Hazard,0.2,0,INFORM Index,2023,2022
NOR,HA.HUM,Human Hazard,0.5,0,INFORM Index,2023,2022
NPL,HA.HUM,Human Hazard,3.9,0,INFORM Index,2023,2022
NRU,HA.HUM,Human Hazard,0.0,0,INFORM Index,2023,2022
NZL,HA.HUM,Human Hazard,0.0,0,INFORM Index,2023,2022
OMN,HA.HUM,Human Hazard,1.0,0,INFORM Index,2023,2022
PAK,HA.HUM,Human Hazard,9.2,0,INFORM Index,2023,2022
PAN,HA.HUM,Human Hazard,1.1,0,INFORM Index,2023,2022
PER,HA.HUM,Human Hazard,6.7,0,INFORM Index,2023,2022
PHL,HA.HUM,Human Hazard,8.5,0,INFORM Index,2023,2022
PLW,HA.HUM,Human Hazard,0.0,0,INFORM Index,2023,2022
PNG,HA.HUM,Human Hazard,4.0,0,INFORM Index,2023,2022
POL,HA.HUM,Human Hazard,0.9,0,INFORM Index,2023,2022
PRK,HA.HUM,Human Hazard,4.1,0,INFORM Index,2023,2022
PRT,HA.HUM,Human Hazard,0.3,0,INFORM Index,2023,2022
PRY,HA.HUM,Human Hazard,3.5,0,INFORM Index,2023,2022
PSE,HA.HUM,Human Hazard,8.6,0,INFORM Index,2023,2022
QAT,HA.HUM,Human Hazard,1.8,0,INFORM Index,2023,2022
ROU,HA.HUM,Human Hazard,1.2,0,INFORM Index,2023,2022
RUS,HA.HUM,Human Hazard,8.4,0,INFORM Index,2023,2022
RWA,HA.HUM,Human Hazard,5.8,0,INFORM Index,2023,2022
SAU,HA.HUM,Human Hazard,5.7,0,INFORM Index,2023,2022
SDN,HA.HUM,Human Hazard,9.6,0,INFORM Index,2023,2022
SEN,HA.HUM,Human Hazard,3.9,0,INFORM Index,2023,2022
SGP,HA.HUM,Human Hazard,0.4,0,INFORM Index,2023,2022
SLB,HA.HUM,Human Hazard,0.4,0,INFORM Index,2023,2022
SLE,HA.HUM,Human Hazard,3.1,0,INFORM Index,2023,2022
SLV,HA.HUM,Human Hazard,3.4,0,INFORM Index,2023,2022
SOM,HA.HUM,Human Hazard,9.6,0,INFORM Index,2023,2022
SRB,HA.HUM,Human Hazard,1.8,0,INFORM Index,2023,2022
SSD,HA.HUM,Human Hazard,8.9,0,INFORM Index,2023,2022
STP,HA.HUM,Human Hazard,0.0,0,INFORM Index,2023,2022
SUR,HA.HUM,Human Hazard,0.2,0,INFORM Index,2023,2022
SVK,HA.HUM,Human Hazard,0.9,0,INFORM Index,2023,2022
SVN,HA.HUM,Human Hazard,0.8,0,INFORM Index,2023,2022
SWE,HA.HUM,Human Hazard,1.2,0,INFORM Index,2023,2022
SWZ,HA.HUM,Human Hazard,4.0,0,INFORM Index,2023,2022
SYC,HA.HUM,Human Hazard,0.0,0,INFORM Index,2023,2022
SYR,HA.HUM,Human Hazard,9.9,0,INFORM Index,2023,2022
TCD,HA.HUM,Human Hazard,8.8,0,INFORM Index,2023,2022
TGO,HA.HUM,Human Hazard,5.1,0,INFORM Index,2023,2022
THA,HA.HUM,Human Hazard,7.5,0,INFORM Index,2023,2022
TJK,HA.HUM,Human Hazard,6.8,0,INFORM Index,2023,2022
TKM,HA.HUM,Human Hazard,2.2,0,INFORM Index,2023,2022
TLS,HA.HUM,Human Hazard,1.3,0,INFORM Index,2023,2022
TON,HA.HUM,Human Hazard,0.0,0,INFORM Index,2023,2022
TTO,HA.HUM,Human Hazard,0.5,0,INFORM Index,2023,2022
TUN,HA.HUM,Human Hazard,5.1,0,INFORM Index,2023,2022
TUR,HA.HUM,Human Hazard,9.3,0,INFORM Index,2023,2022
TUV,HA.HUM,Human Hazard,0.0,0,INFORM Index,2023,2022
TZA,HA.HUM,Human Hazard,5.6,0,INFORM Index,2023,2022
UGA,HA.HUM,Human Hazard,7.1,0,INFORM Index,2023,2022
UKR,HA.HUM,Human Hazard,8.2,0,INFORM Index,2023,2022
URY,HA.HUM,Human Hazard,0.2,0,INFORM Index,2023,2022
USA,HA.HUM,Human Hazard,1.9,0,INFORM Index,2023,2022
UZB,HA.HUM,Human Hazard,4.3,0,INFORM Index,2023,2022
VCT,HA.HUM,Human Hazard,0.0,0,INFORM Index,2023,2022
VEN,HA.HUM,Human Hazard,7.7,0,INFORM Index,2023,2022
VNM,HA.HUM,Human Hazard,1.5,0,INFORM Index,2023,2022
VUT,HA.HUM,Human Hazard,0.0,0,INFORM Index,2023,2022
WSM,HA.HUM,Human Hazard,0.0,0,INFORM Index,2023,2022
YEM,HA.HUM,Human Hazard,10.0,0,INFORM Index,2023,2022
ZAF,HA.HUM,Human Hazard,6.8,0,INFORM Index,2023,2022
ZMB,HA.HUM,Human Hazard,2.1,0,INFORM Index,2023,2022
ZWE,HA.HUM,Human Hazard,4.7,0,INFORM Index,2023,2022
AFG,HA.HUM,Human Hazard,9.1,0,INFORM Index,2024,2023
AGO,HA.HUM,Human Hazard,6.8,0,INFORM Index,2024,2023
ALB,HA.HUM,Human Hazard,1.0,0,INFORM Index,2024,2023
ARE,HA.HUM,Human Hazard,3.4,0,INFORM Index,2024,2023
ARG,HA.HUM,Human Hazard,0.8,0,INFORM Index,2024,2023
ARM,HA.HUM,Human Hazard,5.3,0,INFORM Index,2024,2023
ATG,HA.HUM,Human Hazard,0.0,0,INFORM Index,2024,2023
AUS,HA.HUM,Human Hazard,0.6,0,INFORM Index,2024,2023
AUT,HA.HUM,Human Hazard,0.2,0,INFORM Index,2024,2023
AZE,HA.HUM,Human Hazard,7.4,0,INFORM Index,2024,2023
BDI,HA.HUM,Human Hazard,8.3,0,INFORM Index,2024,2023
BEL,HA.HUM,Human Hazard,0.2,0,INFORM Index,2024,2023
BEN,HA.HUM,Human Hazard,5.2,0,INFORM Index,2024,2023
BFA,HA.HUM,Human Hazard,9.0,0,INFORM Index,2024,2023
BGD,HA.HUM,Human Hazard,8.0,0,INFORM Index,2024,2023
BGR,HA.HUM,Human Hazard,0.5,0,INFORM Index,2024,2023
BHR,HA.HUM,Human Hazard,2.9,0,INFORM Index,2024,2023
BHS,HA.HUM,Human Hazard,0.1,0,INFORM Index,2024,2023
BIH,HA.HUM,Human Hazard,2.1,0,INFORM Index,2024,2023
BLR,HA.HUM,Human Hazard,3.7,0,INFORM Index,2024,2023
BLZ,HA.HUM,Human Hazard,0.3,0,INFORM Index,2024,2023
BOL,HA.HUM,Human Hazard,4.1,0,INFORM Index,2024,2023
BRA,HA.HUM,Human Hazard,8.2,0,INFORM Index,2024,2023
BRB,HA.HUM,Human Hazard,0.0,0,INFORM Index,2024,2023
BRN,HA.HUM,Human Hazard,0.1,0,INFORM Index,2024,2023
BTN,HA.HUM,Human Hazard,1.2,0,INFORM Index,2024,2023
BWA,HA.HUM,Human Hazard,0.6,0,INFORM Index,2024,2023
CAF,HA.HUM,Human Hazard,8.2,0,INFORM Index,2024,2023
CAN,HA.HUM,Human Hazard,0.1,0,INFORM Index,2024,2023
CHE,HA.HUM,Human Hazard,0.1,0,INFORM Index,2024,2023
CHL,HA.HUM,Human Hazard,1.1,0,INFORM Index,2024,2023
CHN,HA.HUM,Human Hazard,4.3,0,INFORM Index,2024,2023
CIV,HA.HUM,Human Hazard,4.3,0,INFORM Index,2024,2023
CMR,HA.HUM,Human Hazard,9.2,0,INFORM Index,2024,2023
COD,HA.HUM,Human Hazard,10.0,0,INFORM Index,2024,2023
COG,HA.HUM,Human Hazard,5.1,0,INFORM Index,2024,2023
COL,HA.HUM,Human Hazard,8.4,0,INFORM Index,2024,2023
COM,HA.HUM,Human Hazard,0.5,0,INFORM Index,2024,2023
CPV,HA.HUM,Human Hazard,0.0,0,INFORM Index,2024,2023
CRI,HA.HUM,Human Hazard,0.5,0,INFORM Index,2024,2023
CUB,HA.HUM,Human Hazard,2.1,0,INFORM Index,2024,2023
CYP,HA.HUM,Human Hazard,1.3,0,INFORM Index,2024,2023
CZE,HA.HUM,Human Hazard,0.6,0,INFORM Index,2024,2023
DEU,HA.HUM,Human Hazard,0.2,0,INFORM Index,2024,2023
DJI,HA.HUM,Human Hazard,4.4,0,INFORM Index,2024,2023
DMA,HA.HUM,Human Hazard,0.0,0,INFORM Index,2024,2023
DNK,HA.HUM,Human Hazard,0.6,0,INFORM Index,2024,2023
DOM,HA.HUM,Human Hazard,1.9,0,INFORM Index,2024,2023
DZA,HA.HUM,Human Hazard,6.5,0,INFORM Index,2024,2023
ECU,HA.HUM,Human Hazard,6.5,0,INFORM Index,2024,2023
EGY,HA.HUM,Human Hazard,8.0,0,INFORM Index,2024,2023
ERI,HA.HUM,Human Hazard,3.9,0,INFORM Index,2024,2023
ESP,HA.HUM,Human Hazard,0.7,0,INFORM Index,2024,2023
EST,HA.HUM,Human Hazard,0.9,0,INFORM Index,2024,2023
ETH,HA.HUM,Human Hazard,10.0,0,INFORM Index,2024,2023
FIN,HA.HUM,Human Hazard,0.9,0,INFORM Index,2024,2023
FJI,HA.HUM,Human Hazard,0.1,0,INFORM Index,2024,2023
FRA,HA.HUM,Human Hazard,1.0,0,INFORM Index,2024,2023
FSM,HA.HUM,Human Hazard,0.0,0,INFORM Index,2024,2023
GAB,HA.HUM,Human Hazard,1.8,0,INFORM Index,2024,2023
GBR,HA.HUM,Human Hazard,0.3,0,INFORM Index,2024,2023
GEO,HA.HUM,Human Hazard,4.4,0,INFORM Index,2024,2023
GHA,HA.HUM,Human Hazard,4.7,0,INFORM Index,2024,2023
GIN,HA.HUM,Human Hazard,4.8,0,INFORM Index,2024,2023
GMB,HA.HUM,Human Hazard,2.0,0,INFORM Index,2024,2023
GNB,HA.HUM,Human Hazard,2.0,0,INFORM Index,2024,2023
GNQ,HA.HUM,Human Hazard,1.6,0,INFORM Index,2024,2023
GRC,HA.HUM,Human Hazard,1.8,0,INFORM Index,2024,2023
GRD,HA.HUM,Human Hazard,0.0,0,INFORM Index,2024,2023
GTM,HA.HUM,Human Hazard,5.7,0,INFORM Index,2024,2023
GUY,HA.HUM,Human Hazard,1.9,0,INFORM Index,2024,2023
HND,HA.HUM,Human Hazard,5.6,0,INFORM Index,2024,2023
HRV,HA.HUM,Human Hazard,0.5,0,INFORM Index,2024,2023
HTI,HA.HUM,Human Hazard,6.6,0,INFORM Index,2024,2023
HUN,HA.HUM,Human Hazard,1.0,0,INFORM Index,2024,2023
IDN,HA.HUM,Human Hazard,7.2,0,INFORM Index,2024,2023
IND,HA.HUM,Human Hazard,8.5,0,INFORM Index,2024,2023
IRL,HA.HUM,Human Hazard,0.1,0,INFORM Index,2024,2023
IRN,HA.HUM,Human Hazard,9.3,0,INFORM Index,2024,2023
IRQ,HA.HUM,Human Hazard,9.1,0,INFORM Index,2024,2023
ISL,HA.HUM,Human Hazard,0.0,0,INFORM Index,2024,2023
ISR,HA.HUM,Human Hazard,8.4,0,INFORM Index,2024,2023
ITA,HA.HUM,Human Hazard,0.2,0,INFORM Index,2024,2023
JAM,HA.HUM,Human Hazard,0.9,0,INFORM Index,2024,2023
JOR,HA.HUM,Human Hazard,3.6,0,INFORM Index,2024,2023
JPN,HA.HUM,Human Hazard,0.9,0,INFORM Index,2024,2023
KAZ,HA.HUM,Human Hazard,2.3,0,INFORM Index,2024,2023
KEN,HA.HUM,Human Hazard,8.3,0,INFORM Index,2024,2023
KGZ,HA.HUM,Human Hazard,4.6,0,INFORM Index,2024,2023
KHM,HA.HUM,Human Hazard,2.7,0,INFORM Index,2024,2023
KIR,HA.HUM,Human Hazard,0.0,0,INFORM Index,2024,2023
KNA,HA.HUM,Human Hazard,0.0,0,INFORM Index,2024,2023
KOR,HA.HUM,Human Hazard,1.8,0,INFORM Index,2024,2023
KWT,HA.HUM,Human Hazard,1.4,0,INFORM Index,2024,2023
LAO,HA.HUM,Human Hazard,1.9,0,INFORM Index,2024,2023
LBN,HA.HUM,Human Hazard,6.8,0,INFORM Index,2024,2023
LBR,HA.HUM,Human Hazard,2.9,0,INFORM Index,2024,2023
LBY,HA.HUM,Human Hazard,6.4,0,INFORM Index,2024,2023
LCA,HA.HUM,Human Hazard,0.0,0,INFORM Index,2024,2023
LIE,HA.HUM,Human Hazard,0.0,0,INFORM Index,2024,2023
LKA,HA.HUM,Human Hazard,3.8,0,INFORM Index,2024,2023
LSO,HA.HUM,Human Hazard,2.3,0,INFORM Index,2024,2023
LTU,HA.HUM,Human Hazard,1.0,0,INFORM Index,2024,2023
LUX,HA.HUM,Human Hazard,0.1,0,INFORM Index,2024,2023
LVA,HA.HUM,Human Hazard,1.0,0,INFORM Index,2024,2023
MAR,HA.HUM,Human Hazard,4.9,0,INFORM Index,2024,2023
MDA,HA.HUM,Human Hazard,3.4,0,INFORM Index,2024,2023
MDG,HA.HUM,Human Hazard,4.0,0,INFORM Index,2024,2023
MDV,HA.HUM,Human Hazard,0.1,0,INFORM Index,2024,2023
MEX,HA.HUM,Human Hazard,8.7,0,INFORM Index,2024,2023
MHL,HA.HUM,Human Hazard,0.0,0,INFORM Index,2024,2023
MKD,HA.HUM,Human Hazard,1.0,0,INFORM Index,2024,2023
MLI,HA.HUM,Human Hazard,9.5,0,INFORM Index,2024,2023
MLT,HA.HUM,Human Hazard,0.0,0,INFORM Index,2024,2023
MMR,HA.HUM,Human Hazard,9.1,0,INFORM Index,2024,2023
MNE,HA.HUM,Human Hazard,1.0,0,INFORM Index,2024,2023
MNG,HA.HUM,Human Hazard,0.8,0,INFORM Index,2024,2023
MOZ,HA.HUM,Human Hazard,8.4,0,INFORM Index,2024,2023
MRT,HA.HUM,Human Hazard,4.5,0,INFORM Index,2024,2023
MUS,HA.HUM,Human Hazard,0.4,0,INFORM Index,2024,2023
MWI,HA.HUM,Human Hazard,2.5,0,INFORM Index,2024,2023
MYS,HA.HUM,Human Hazard,0.7,0,INFORM Index,2024,2023
NAM,HA.HUM,Human Hazard,1.7,0,INFORM Index,2024,2023
NER,HA.HUM,Human Hazard,9.0,0,INFORM Index,2024,2023
NGA,HA.HUM,Human Hazard,9.2,0,INFORM Index,2024,2023
NIC,HA.HUM,Human Hazard,2.9,0,INFORM Index,2024,2023
NLD,HA.HUM,Human Hazard,0.2,0,INFORM Index,2024,2023
NOR,HA.HUM,Human Hazard,0.9,0,INFORM Index,2024,2023
NPL,HA.HUM,Human Hazard,3.8,0,INFORM Index,2024,2023
NRU,HA.HUM,Human Hazard,0.0,0,INFORM Index,2024,2023
NZL,HA.HUM,Human Hazard,0.0,0,INFORM Index,2024,2023
OMN,HA.HUM,Human Hazard,1.0,0,INFORM Index,2024,2023
PAK,HA.HUM,Human Hazard,9.2,0,INFORM Index,2024,2023
PAN,HA.HUM,Human Hazard,1.4,0,INFORM Index,2024,2023
PER,HA.HUM,Human Hazard,7.1,0,INFORM Index,2024,2023
PHL,HA.HUM,Human Hazard,8.5,0,INFORM Index,2024,2023
PLW,HA.HUM,Human Hazard,0.0,0,INFORM Index,2024,2023
PNG,HA.HUM,Human Hazard,4.5,0,INFORM Index,2024,2023
POL,HA.HUM,Human Hazard,1.5,0,INFORM Index,2024,2023
PRK,HA.HUM,Human Hazard,4.1,0,INFORM Index,2024,2023
PRT,HA.HUM,Human Hazard,0.4,0,INFORM Index,2024,2023
PRY,HA.HUM,Human Hazard,2.9,0,INFORM Index,2024,2023
PSE,HA.HUM,Human Hazard,8.7,0,INFORM Index,2024,2023
QAT,HA.HUM,Human Hazard,1.3,0,INFORM Index,2024,2023
ROU,HA.HUM,Human Hazard,1.2,0,INFORM Index,2024,2023
RUS,HA.HUM,Human Hazard,9.9,0,INFORM Index,2024,2023
RWA,HA.HUM,Human Hazard,5.8,0,INFORM Index,2024,2023
SAU,HA.HUM,Human Hazard,6.3,0,INFORM Index,2024,2023
SDN,HA.HUM,Human Hazard,9.6,0,INFORM Index,2024,2023
SEN,HA.HUM,Human Hazard,3.9,0,INFORM Index,2024,2023
SGP,HA.HUM,Human Hazard,0.2,0,INFORM Index,2024,2023
SLB,HA.HUM,Human Hazard,0.2,0,INFORM Index,2024,2023
SLE,HA.HUM,Human Hazard,3.0,0,INFORM Index,2024,2023
SLV,HA.HUM,Human Hazard,3.8,0,INFORM Index,2024,2023
SOM,HA.HUM,Human Hazard,9.3,0,INFORM Index,2024,2023
SRB,HA.HUM,Human Hazard,2.3,0,INFORM Index,2024,2023
SSD,HA.HUM,Human Hazard,8.7,0,INFORM Index,2024,2023
STP,HA.HUM,Human Hazard,0.0,0,INFORM Index,2024,2023
SUR,HA.HUM,Human Hazard,0.3,0,INFORM Index,2024,2023
SVK,HA.HUM,Human Hazard,1.3,0,INFORM Index,2024,2023
SVN,HA.HUM,Human Hazard,0.8,0,INFORM Index,2024,2023
SWE,HA.HUM,Human Hazard,1.2,0,INFORM Index,2024,2023
SWZ,HA.HUM,Human Hazard,4.0,0,INFORM Index,2024,2023
SYC,HA.HUM,Human Hazard,0.0,0,INFORM Index,2024,2023
SYR,HA.HUM,Human Hazard,9.9,0,INFORM Index,2024,2023
TCD,HA.HUM,Human Hazard,8.7,0,INFORM Index,2024,2023
TGO,HA.HUM,Human Hazard,5.2,0,INFORM Index,2024,2023
THA,HA.HUM,Human Hazard,8.2,0,INFORM Index,2024,2023
TJK,HA.HUM,Human Hazard,5.6,0,INFORM Index,2024,2023
TKM,HA.HUM,Human Hazard,2.0,0,INFORM Index,2024,2023
TLS,HA.HUM,Human Hazard,1.2,0,INFORM Index,2024,2023
TON,HA.HUM,Human Hazard,0.0,0,INFORM Index,2024,2023
TTO,HA.HUM,Human Hazard,0.6,0,INFORM Index,2024,2023
TUN,HA.HUM,Human Hazard,4.6,0,INFORM Index,2024,2023
TUR,HA.HUM,Human Hazard,9.3,0,INFORM Index,2024,2023
TUV,HA.HUM,Human Hazard,0.0,0,INFORM Index,2024,2023
TZA,HA.HUM,Human Hazard,5.1,0,INFORM Index,2024,2023
UGA,HA.HUM,Human Hazard,7.7,0,INFORM Index,2024,2023
UKR,HA.HUM,Human Hazard,9.6,0,INFORM Index,2024,2023
URY,HA.HUM,Human Hazard,0.1,0,INFORM Index,2024,2023
USA,HA.HUM,Human Hazard,2.0,0,INFORM Index,2024,2023
UZB,HA.HUM,Human Hazard,4.9,0,INFORM Index,2024,2023
VCT,HA.HUM,Human Hazard,0.0,0,INFORM Index,2024,2023
VEN,HA.HUM,Human Hazard,7.5,0,INFORM Index,2024,2023
VNM,HA.HUM,Human Hazard,1.3,0,INFORM Index,2024,2023
VUT,HA.HUM,Human Hazard,0.0,0,INFORM Index,2024,2023
WSM,HA.HUM,Human Hazard,0.0,0,INFORM Index,2024,2023
YEM,HA.HUM,Human Hazard,9.5,0,INFORM Index,2024,2023
ZAF,HA.HUM,Human Hazard,7.0,0,INFORM Index,2024,2023
ZMB,HA.HUM,Human Hazard,2.1,0,INFORM Index,2024,2023
ZWE,HA.HUM,Human Hazard,4.6,0,INFORM Index,2024,2023
AFG,HA.HUM,Human Hazard,8.9,0,INFORM Index,2025,2024
AGO,HA.HUM,Human Hazard,6.8,0,INFORM Index,2025,2024
ALB,HA.HUM,Human Hazard,1.0,0,INFORM Index,2025,2024
ARE,HA.HUM,Human Hazard,2.6,0,INFORM Index,2025,2024
ARG,HA.HUM,Human Hazard,0.9,0,INFORM Index,2025,2024
ARM,HA.HUM,Human Hazard,5.0,0,INFORM Index,2025,2024
ATG,HA.HUM,Human Hazard,0.0,0,INFORM Index,2025,2024
AUS,HA.HUM,Human Hazard,0.5,0,INFORM Index,2025,2024
AUT,HA.HUM,Human Hazard,0.2,0,INFORM Index,2025,2024
AZE,HA.HUM,Human Hazard,5.3,0,INFORM Index,2025,2024
BDI,HA.HUM,Human Hazard,8.2,0,INFORM Index,2025,2024
BEL,HA.HUM,Human Hazard,0.3,0,INFORM Index,2025,2024
BEN,HA.HUM,Human Hazard,5.5,0,INFORM Index,2025,2024
BFA,HA.HUM,Human Hazard,9.2,0,INFORM Index,2025,2024
BGD,HA.HUM,Human Hazard,8.4,0,INFORM Index,2025,2024
BGR,HA.HUM,Human Hazard,0.5,0,INFORM Index,2025,2024
BHR,HA.HUM,Human Hazard,2.9,0,INFORM Index,2025,2024
BHS,HA.HUM,Human Hazard,0.1,0,INFORM Index,2025,2024
BIH,HA.HUM,Human Hazard,2.0,0,INFORM Index,2025,2024
BLR,HA.HUM,Human Hazard,3.6,0,INFORM Index,2025,2024
BLZ,HA.HUM,Human Hazard,0.2,0,INFORM Index,2025,2024
BOL,HA.HUM,Human Hazard,3.8,0,INFORM Index,2025,2024
BRA,HA.HUM,Human Hazard,8.1,0,INFORM Index,2025,2024
BRB,HA.HUM,Human Hazard,0.1,0,INFORM Index,2025,2024
BRN,HA.HUM,Human Hazard,0.1,0,INFORM Index,2025,2024
BTN,HA.HUM,Human Hazard,1.5,0,INFORM Index,2025,2024
BWA,HA.HUM,Human Hazard,0.6,0,INFORM Index,2025,2024
CAF,HA.HUM,Human Hazard,8.2,0,INFORM Index,2025,2024
CAN,HA.HUM,Human Hazard,0.2,0,INFORM Index,2025,2024
CHE,HA.HUM,Human Hazard,0.2,0,INFORM Index,2025,2024
CHL,HA.HUM,Human Hazard,1.0,0,INFORM Index,2025,2024
CHN,HA.HUM,Human Hazard,4.2,0,INFORM Index,2025,2024
CIV,HA.HUM,Human Hazard,4.8,0,INFORM Index,2025,2024
CMR,HA.HUM,Human Hazard,9.2,0,INFORM Index,2025,2024
COD,HA.HUM,Human Hazard,9.9,0,INFORM Index,2025,2024
COG,HA.HUM,Human Hazard,5.3,0,INFORM Index,2025,2024
COL,HA.HUM,Human Hazard,8.5,0,INFORM Index,2025,2024
COM,HA.HUM,Human Hazard,0.4,0,INFORM Index,2025,2024
CPV,HA.HUM,Human Hazard,0.0,0,INFORM Index,2025,2024
CRI,HA.HUM,Human Hazard,0.5,0,INFORM Index,2025,2024
CUB,HA.HUM,Human Hazard,2.1,0,INFORM Index,2025,2024
CYP,HA.HUM,Human Hazard,1.3,0,INFORM Index,2025,2024
CZE,HA.HUM,Human Hazard,0.6,0,INFORM Index,2025,2024
DEU,HA.HUM,Human Hazard,0.2,0,INFORM Index,2025,2024
DJI,HA.HUM,Human Hazard,5.1,0,INFORM Index,2025,2024
DMA,HA.HUM,Human Hazard,0.0,0,INFORM Index,2025,2024
DNK,HA.HUM,Human Hazard,0.6,0,INFORM Index,2025,2024
DOM,HA.HUM,Human Hazard,1.9,0,INFORM Index,2025,2024
DZA,HA.HUM,Human Hazard,6.6,0,INFORM Index,2025,2024
ECU,HA.HUM,Human Hazard,7.0,0,INFORM Index,2025,2024
EGY,HA.HUM,Human Hazard,7.5,0,INFORM Index,2025,2024
ERI,HA.HUM,Human Hazard,3.5,0,INFORM Index,2025,2024
ESP,HA.HUM,Human Hazard,0.5,0,INFORM Index,2025,2024
EST,HA.HUM,Human Hazard,0.9,0,INFORM Index,2025,2024
ETH,HA.HUM,Human Hazard,9.2,0,INFORM Index,2025,2024
FIN,HA.HUM,Human Hazard,0.9,0,INFORM Index,2025,2024
FJI,HA.HUM,Human Hazard,0.1,0,INFORM Index,2025,2024
FRA,HA.HUM,Human Hazard,2.4,0,INFORM Index,2025,2024
FSM,HA.HUM,Human Hazard,0.0,0,INFORM Index,2025,2024
GAB,HA.HUM,Human Hazard,2.9,0,INFORM Index,2025,2024
GBR,HA.HUM,Human Hazard,0.3,0,INFORM Index,2025,2024
GEO,HA.HUM,Human Hazard,3.2,0,INFORM Index,2025,2024
GHA,HA.HUM,Human Hazard,4.2,0,INFORM Index,2025,2024
GIN,HA.HUM,Human Hazard,5.1,0,INFORM Index,2025,2024
GMB,HA.HUM,Human Hazard,3.4,0,INFORM Index,2025,2024
GNB,HA.HUM,Human Hazard,2.2,0,INFORM Index,2025,2024
GNQ,HA.HUM,Human Hazard,1.8,0,INFORM Index,2025,2024
GRC,HA.HUM,Human Hazard,0.9,0,INFORM Index,2025,2024
GRD,HA.HUM,Human Hazard,0.0,0,INFORM Index,2025,2024
GTM,HA.HUM,Human Hazard,5.8,0,INFORM Index,2025,2024
GUY,HA.HUM,Human Hazard,2.0,0,INFORM Index,2025,2024
HND,HA.HUM,Human Hazard,5.4,0,INFORM Index,2025,2024
HRV,HA.HUM,Human Hazard,0.5,0,INFORM Index,2025,2024
HTI,HA.HUM,Human Hazard,7.1,0,INFORM Index,2025,2024
HUN,HA.HUM,Human Hazard,0.9,0,INFORM Index,2025,2024
IDN,HA.HUM,Human Hazard,7.5,0,INFORM Index,2025,2024
IND,HA.HUM,Human Hazard,8.4,0,INFORM Index,2025,2024
IRL,HA.HUM,Human Hazard,0.1,0,INFORM Index,2025,2024
IRN,HA.HUM,Human Hazard,9.3,0,INFORM Index,2025,2024
IRQ,HA.HUM,Human Hazard,8.9,0,INFORM Index,2025,2024
ISL,HA.HUM,Human Hazard,0.0,0,INFORM Index,2025,2024
ISR,HA.HUM,Human Hazard,9.5,0,INFORM Index,2025,2024
ITA,HA.HUM,Human Hazard,0.2,0,INFORM Index,2025,2024
JAM,HA.HUM,Human Hazard,0.8,0,INFORM Index,2025,2024
JOR,HA.HUM,Human Hazard,4.5,0,INFORM Index,2025,2024
JPN,HA.HUM,Human Hazard,0.9,0,INFORM Index,2025,2024
KAZ,HA.HUM,Human Hazard,1.9,0,INFORM Index,2025,2024
KEN,HA.HUM,Human Hazard,8.5,0,INFORM Index,2025,2024
KGZ,HA.HUM,Human Hazard,4.2,0,INFORM Index,2025,2024
KHM,HA.HUM,Human Hazard,2.5,0,INFORM Index,2025,2024
KIR,HA.HUM,Human Hazard,0.0,0,INFORM Index,2025,2024
KNA,HA.HUM,Human Hazard,0.0,0,INFORM Index,2025,2024
KOR,HA.HUM,Human Hazard,2.0,0,INFORM Index,2025,2024
KWT,HA.HUM,Human Hazard,1.4,0,INFORM Index,2025,2024
LAO,HA.HUM,Human Hazard,1.8,0,INFORM Index,2025,2024
LBN,HA.HUM,Human Hazard,7.4,0,INFORM Index,2025,2024
LBR,HA.HUM,Human Hazard,3.6,0,INFORM Index,2025,2024
LBY,HA.HUM,Human Hazard,6.1,0,INFORM Index,2025,2024
LCA,HA.HUM,Human Hazard,0.0,0,INFORM Index,2025,2024
LIE,HA.HUM,Human Hazard,0.0,0,INFORM Index,2025,2024
LKA,HA.HUM,Human Hazard,3.7,0,INFORM Index,2025,2024
LSO,HA.HUM,Human Hazard,2.2,0,INFORM Index,2025,2024
LTU,HA.HUM,Human Hazard,1.0,0,INFORM Index,2025,2024
LUX,HA.HUM,Human Hazard,0.1,0,INFORM Index,2025,2024
LVA,HA.HUM,Human Hazard,1.0,0,INFORM Index,2025,2024
MAR,HA.HUM,Human Hazard,4.4,0,INFORM Index,2025,2024
MDA,HA.HUM,Human Hazard,3.6,0,INFORM Index,2025,2024
MDG,HA.HUM,Human Hazard,4.0,0,INFORM Index,2025,2024
MDV,HA.HUM,Human Hazard,0.1,0,INFORM Index,2025,2024
MEX,HA.HUM,Human Hazard,8.8,0,INFORM Index,2025,2024
MHL,HA.HUM,Human Hazard,0.0,0,INFORM Index,2025,2024
MKD,HA.HUM,Human Hazard,0.9,0,INFORM Index,2025,2024
MLI,HA.HUM,Human Hazard,9.2,0,INFORM Index,2025,2024
MLT,HA.HUM,Human Hazard,0.0,0,INFORM Index,2025,2024
MMR,HA.HUM,Human Hazard,9.1,0,INFORM Index,2025,2024
MNE,HA.HUM,Human Hazard,1.0,0,INFORM Index,2025,2024
MNG,HA.HUM,Human Hazard,0.9,0,INFORM Index,2025,2024
MOZ,HA.HUM,Human Hazard,8.3,0,INFORM Index,2025,2024
MRT,HA.HUM,Human Hazard,5.2,0,INFORM Index,2025,2024
MUS,HA.HUM,Human Hazard,0.2,0,INFORM Index,2025,2024
MWI,HA.HUM,Human Hazard,2.5,0,INFORM Index,2025,2024
MYS,HA.HUM,Human Hazard,0.5,0,INFORM Index,2025,2024
NAM,HA.HUM,Human Hazard,2.0,0,INFORM Index,2025,2024
NER,HA.HUM,Human Hazard,9.1,0,INFORM Index,2025,2024
NGA,HA.HUM,Human Hazard,9.2,0,INFORM Index,2025,2024
NIC,HA.HUM,Human Hazard,3.1,0,INFORM Index,2025,2024
NLD,HA.HUM,Human Hazard,0.2,0,INFORM Index,2025,2024
NOR,HA.HUM,Human Hazard,0.9,0,INFORM Index,2025,2024
NPL,HA.HUM,Human Hazard,3.5,0,INFORM Index,2025,2024
NRU,HA.HUM,Human Hazard,0.0,0,INFORM Index,2025,2024
NZL,HA.HUM,Human Hazard,0.0,0,INFORM Index,2025,2024
OMN,HA.HUM,Human Hazard,1.0,0,INFORM Index,2025,2024
PAK,HA.HUM,Human Hazard,9.0,0,INFORM Index,2025,2024
PAN,HA.HUM,Human Hazard,1.2,0,INFORM Index,2025,2024
PER,HA.HUM,Human Hazard,5.6,0,INFORM Index,2025,2024
PHL,HA.HUM,Human Hazard,8.5,0,INFORM Index,2025,2024
PLW,HA.HUM,Human Hazard,0.0,0,INFORM Index,2025,2024
PNG,HA.HUM,Human Hazard,5.5,0,INFORM Index,2025,2024
POL,HA.HUM,Human Hazard,1.4,0,INFORM Index,2025,2024
PRK,HA.HUM,Human Hazard,4.2,0,INFORM Index,2025,2024
PRT,HA.HUM,Human Hazard,0.4,0,INFORM Index,2025,2024
PRY,HA.HUM,Human Hazard,3.4,0,INFORM Index,2025,2024
PSE,HA.HUM,Human Hazard,9.4,0,INFORM Index,2025,2024
QAT,HA.HUM,Human Hazard,1.4,0,INFORM Index,2025,2024
ROU,HA.HUM,Human Hazard,1.2,0,INFORM Index,2025,2024
RUS,HA.HUM,Human Hazard,10.0,0,INFORM Index,2025,2024
RWA,HA.HUM,Human Hazard,6.3,0,INFORM Index,2025,2024
SAU,HA.HUM,Human Hazard,4.1,0,INFORM Index,2025,2024
SDN,HA.HUM,Human Hazard,10.0,0,INFORM Index,2025,2024
SEN,HA.HUM,Human Hazard,4.2,0,INFORM Index,2025,2024
SGP,HA.HUM,Human Hazard,0.3,0,INFORM Index,2025,2024
SLB,HA.HUM,Human Hazard,0.4,0,INFORM Index,2025,2024
SLE,HA.HUM,Human Hazard,3.6,0,INFORM Index,2025,2024
SLV,HA.HUM,Human Hazard,3.0,0,INFORM Index,2025,2024
SOM,HA.HUM,Human Hazard,9.4,0,INFORM Index,2025,2024
SRB,HA.HUM,Human Hazard,2.2,0,INFORM Index,2025,2024
SSD,HA.HUM,Human Hazard,8.5,0,INFORM Index,2025,2024
STP,HA.HUM,Human Hazard,0.0,0,INFORM Index,2025,2024
SUR,HA.HUM,Human Hazard,0.4,0,INFORM Index,2025,2024
SVK,HA.HUM,Human Hazard,1.3,0,INFORM Index,2025,2024
SVN,HA.HUM,Human Hazard,0.8,0,INFORM Index,2025,2024
SWE,HA.HUM,Human Hazard,1.2,0,INFORM Index,2025,2024
SWZ,HA.HUM,Human Hazard,3.1,0,INFORM Index,2025,2024
SYC,HA.HUM,Human Hazard,0.0,0,INFORM Index,2025,2024
SYR,HA.HUM,Human Hazard,10.0,0,INFORM Index,2025,2024
TCD,HA.HUM,Human Hazard,8.7,0,INFORM Index,2025,2024
TGO,HA.HUM,Human Hazard,5.5,0,INFORM Index,2025,2024
THA,HA.HUM,Human Hazard,7.5,0,INFORM Index,2025,2024
TJK,HA.HUM,Human Hazard,5.3,0,INFORM Index,2025,2024
TKM,HA.HUM,Human Hazard,1.8,0,INFORM Index,2025,2024
TLS,HA.HUM,Human Hazard,1.3,0,INFORM Index,2025,2024
TON,HA.HUM,Human Hazard,0.0,0,INFORM Index,2025,2024
TTO,HA.HUM,Human Hazard,0.6,0,INFORM Index,2025,2024
TUN,HA.HUM,Human Hazard,4.5,0,INFORM Index,2025,2024
TUR,HA.HUM,Human Hazard,9.2,0,INFORM Index,2025,2024
TUV,HA.HUM,Human Hazard,0.0,0,INFORM Index,2025,2024
TZA,HA.HUM,Human Hazard,5.3,0,INFORM Index,2025,2024
UGA,HA.HUM,Human Hazard,7.3,0,INFORM Index,2025,2024
UKR,HA.HUM,Human Hazard,9.7,0,INFORM Index,2025,2024
URY,HA.HUM,Human Hazard,0.1,0,INFORM Index,2025,2024
USA,HA.HUM,Human Hazard,1.9,0,INFORM Index,2025,2024
UZB,HA.HUM,Human Hazard,4.1,0,INFORM Index,2025,2024
VCT,HA.HUM,Human Hazard,0.0,0,INFORM Index,2025,2024
VEN,HA.HUM,Human Hazard,7.3,0,INFORM Index,2025,2024
VNM,HA.HUM,Human Hazard,1.4,0,INFORM Index,2025,2024
VUT,HA.HUM,Human Hazard,0.0,0,INFORM Index,2025,2024
WSM,HA.HUM,Human Hazard,0.0,0,INFORM Index,2025,2024
YEM,HA.HUM,Human Hazard,9.5,0,INFORM Index,2025,2024
ZAF,HA.HUM,Human Hazard,6.9,0,INFORM Index,2025,2024
ZMB,HA.HUM,Human Hazard,2.6,0,INFORM Index,2025,2024
ZWE,HA.HUM,Human Hazard,4.5,0,INFORM Index,2025,2024
AFG,HA.HUM,Human Hazard,9.0,0,INFORM Index,2026,2025
AGO,HA.HUM,Human Hazard,7.8,0,INFORM Index,2026,2025
ALB,HA.HUM,Human Hazard,1.3,0,INFORM Index,2026,2025
ARE,HA.HUM,Human Hazard,3.5,0,INFORM Index,2026,2025
ARG,HA.HUM,Human Hazard,4.7,0,INFORM Index,2026,2025
ARM,HA.HUM,Human Hazard,3.9,0,INFORM Index,2026,2025
ATG,HA.HUM,Human Hazard,0.0,0,INFORM Index,2026,2025
AUS,HA.HUM,Human Hazard,0.6,0,INFORM Index,2026,2025
AUT,HA.HUM,Human Hazard,0.2,0,INFORM Index,2026,2025
AZE,HA.HUM,Human Hazard,6.2,0,INFORM Index,2026,2025
BDI,HA.HUM,Human Hazard,8.6,0,INFORM Index,2026,2025
BEL,HA.HUM,Human Hazard,0.2,0,INFORM Index,2026,2025
BEN,HA.HUM,Human Hazard,6.1,0,INFORM Index,2026,2025
BFA,HA.HUM,Human Hazard,9.4,0,INFORM Index,2026,2025
BGD,HA.HUM,Human Hazard,8.7,0,INFORM Index,2026,2025
BGR,HA.HUM,Human Hazard,0.5,0,INFORM Index,2026,2025
BHR,HA.HUM,Human Hazard,2.7,0,INFORM Index,2026,2025
BHS,HA.HUM,Human Hazard,0.6,0,INFORM Index,2026,2025
BIH,HA.HUM,Human Hazard,2.1,0,INFORM Index,2026,2025
BLR,HA.HUM,Human Hazard,3.3,0,INFORM Index,2026,2025
BLZ,HA.HUM,Human Hazard,2.8,0,INFORM Index,2026,2025
BOL,HA.HUM,Human Hazard,3.6,0,INFORM Index,2026,2025
BRA,HA.HUM,Human Hazard,8.2,0,INFORM Index,2026,2025
BRB,HA.HUM,Human Hazard,1.9,0,INFORM Index,2026,2025
BRN,HA.HUM,Human Hazard,0.4,0,INFORM Index,2026,2025
BTN,HA.HUM,Human Hazard,1.4,0,INFORM Index,2026,2025
BWA,HA.HUM,Human Hazard,0.7,0,INFORM Index,2026,2025
CAF,HA.HUM,Human Hazard,8.3,0,INFORM Index,2026,2025
CAN,HA.HUM,Human Hazard,0.6,0,INFORM Index,2026,2025
CHE,HA.HUM,Human Hazard,0.1,0,INFORM Index,2026,2025
CHL,HA.HUM,Human Hazard,1.7,0,INFORM Index,2026,2025
CHN,HA.HUM,Human Hazard,3.6,0,INFORM Index,2026,2025
CIV,HA.HUM,Human Hazard,4.5,0,INFORM Index,2026,2025
CMR,HA.HUM,Human Hazard,9.1,0,INFORM Index,2026,2025
COD,HA.HUM,Human Hazard,10.0,0,INFORM Index,2026,2025
COG,HA.HUM,Human Hazard,5.3,0,INFORM Index,2026,2025
COL,HA.HUM,Human Hazard,8.6,0,INFORM Index,2026,2025
COM,HA.HUM,Human Hazard,0.2,0,INFORM Index,2026,2025
CPV,HA.HUM,Human Hazard,0.3,0,INFORM Index,2026,2025
CRI,HA.HUM,Human Hazard,3.9,0,INFORM Index,2026,2025
CUB,HA.HUM,Human Hazard,2.3,0,INFORM Index,2026,2025
CYP,HA.HUM,Human Hazard,1.3,0,INFORM Index,2026,2025
CZE,HA.HUM,Human Hazard,0.6,0,INFORM Index,2026,2025
DEU,HA.HUM,Human Hazard,0.3,0,INFORM Index,2026,2025
DJI,HA.HUM,Human Hazard,5.1,0,INFORM Index,2026,2025
DMA,HA.HUM,Human Hazard,0.0,0,INFORM Index,2026,2025
DNK,HA.HUM,Human Hazard,0.5,0,INFORM Index,2026,2025
DOM,HA.HUM,Human Hazard,4.4,0,INFORM Index,2026,2025
DZA,HA.HUM,Human Hazard,7.3,0,INFORM Index,2026,2025
ECU,HA.HUM,Human Hazard,7.4,0,INFORM Index,2026,2025
EGY,HA.HUM,Human Hazard,7.7,0,INFORM Index,2026,2025
ERI,HA.HUM,Human Hazard,3.0,0,INFORM Index,2026,2025
ESP,HA.HUM,Human Hazard,0.4,0,INFORM Index,2026,2025
EST,HA.HUM,Human Hazard,0.9,0,INFORM Index,2026,2025
ETH,HA.HUM,Human Hazard,9.4,0,INFORM Index,2026,2025
FIN,HA.HUM,Human Hazard,0.9,0,INFORM Index,2026,2025
FJI,HA.HUM,Human Hazard,0.4,0,INFORM Index,2026,2025
FRA,HA.HUM,Human Hazard,1.4,0,INFORM Index,2026,2025
FSM,HA.HUM,Human Hazard,0.0,0,INFORM Index,2026,2025
GAB,HA.HUM,Human Hazard,2.3,0,INFORM Index,2026,2025
GBR,HA.HUM,Human Hazard,0.2,0,INFORM Index,2026,2025
GEO,HA.HUM,Human Hazard,3.5,0,INFORM Index,2026,2025
GHA,HA.HUM,Human Hazard,5.7,0,INFORM Index,2026,2025
GIN,HA.HUM,Human Hazard,5.5,0,INFORM Index,2026,2025
GMB,HA.HUM,Human Hazard,3.1,0,INFORM Index,2026,2025
GNB,HA.HUM,Human Hazard,2.0,0,INFORM Index,2026,2025
GNQ,HA.HUM,Human Hazard,1.6,0,INFORM Index,2026,2025
GRC,HA.HUM,Human Hazard,0.9,0,INFORM Index,2026,2025
GRD,HA.HUM,Human Hazard,0.0,0,INFORM Index,2026,2025
GTM,HA.HUM,Human Hazard,6.4,0,INFORM Index,2026,2025
GUY,HA.HUM,Human Hazard,1.8,0,INFORM Index,2026,2025
HND,HA.HUM,Human Hazard,5.4,0,INFORM Index,2026,2025
HRV,HA.HUM,Human Hazard,0.5,0,INFORM Index,2026,2025
HTI,HA.HUM,Human Hazard,7.4,0,INFORM Index,2026,2025
HUN,HA.HUM,Human Hazard,0.9,0,INFORM Index,2026,2025
IDN,HA.HUM,Human Hazard,7.7,0,INFORM Index,2026,2025
IND,HA.HUM,Human Hazard,8.4,0,INFORM Index,2026,2025
IRL,HA.HUM,Human Hazard,0.1,0,INFORM Index,2026,2025
IRN,HA.HUM,Human Hazard,9.5,0,INFORM Index,2026,2025
IRQ,HA.HUM,Human Hazard,8.9,0,INFORM Index,2026,2025
ISL,HA.HUM,Human Hazard,0.0,0,INFORM Index,2026,2025
ISR,HA.HUM,Human Hazard,9.1,0,INFORM Index,2026,2025
ITA,HA.HUM,Human Hazard,0.2,0,INFORM Index,2026,2025
JAM,HA.HUM,Human Hazard,3.1,0,INFORM Index,2026,2025
JOR,HA.HUM,Human Hazard,5.0,0,INFORM Index,2026,2025
JPN,HA.HUM,Human Hazard,1.0,0,INFORM Index,2026,2025
KAZ,HA.HUM,Human Hazard,1.9,0,INFORM Index,2026,2025
KEN,HA.HUM,Human Hazard,8.6,0,INFORM Index,2026,2025
KGZ,HA.HUM,Human Hazard,4.6,0,INFORM Index,2026,2025
KHM,HA.HUM,Human Hazard,5.4,0,INFORM Index,2026,2025
KIR,HA.HUM,Human Hazard,0.0,0,INFORM Index,2026,2025
KNA,HA.HUM,Human Hazard,0.0,0,INFORM Index,2026,2025
KOR,HA.HUM,Human Hazard,2.1,0,INFORM Index,2026,2025
KWT,HA.HUM,Human Hazard,1.3,0,INFORM Index,2026,2025
LAO,HA.HUM,Human Hazard,1.8,0,INFORM Index,2026,2025
LBN,HA.HUM,Human Hazard,7.7,0,INFORM Index,2026,2025
LBR,HA.HUM,Human Hazard,3.4,0,INFORM Index,2026,2025
LBY,HA.HUM,Human Hazard,7.0,0,INFORM Index,2026,2025
LCA,HA.HUM,Human Hazard,0.0,0,INFORM Index,2026,2025
LIE,HA.HUM,Human Hazard,0.0,0,INFORM Index,2026,2025
LKA,HA.HUM,Human Hazard,3.5,0,INFORM Index,2026,2025
LSO,HA.HUM,Human Hazard,2.3,0,INFORM Index,2026,2025
LTU,HA.HUM,Human Hazard,1.0,0,INFORM Index,2026,2025
LUX,HA.HUM,Human Hazard,0.1,0,INFORM Index,2026,2025
LVA,HA.HUM,Human Hazard,1.0,0,INFORM Index,2026,2025
MAR,HA.HUM,Human Hazard,5.8,0,INFORM Index,2026,2025
MDA,HA.HUM,Human Hazard,3.6,0,INFORM Index,2026,2025
MDG,HA.HUM,Human Hazard,3.6,0,INFORM Index,2026,2025
MDV,HA.HUM,Human Hazard,0.2,0,INFORM Index,2026,2025
MEX,HA.HUM,Human Hazard,8.9,0,INFORM Index,2026,2025
MHL,HA.HUM,Human Hazard,0.0,0,INFORM Index,2026,2025
MKD,HA.HUM,Human Hazard,0.9,0,INFORM Index,2026,2025
MLI,HA.HUM,Human Hazard,9.3,0,INFORM Index,2026,2025
MLT,HA.HUM,Human Hazard,0.0,0,INFORM Index,2026,2025
MMR,HA.HUM,Human Hazard,9.2,0,INFORM Index,2026,2025
MNE,HA.HUM,Human Hazard,1.1,0,INFORM Index,2026,2025
MNG,HA.HUM,Human Hazard,1.0,0,INFORM Index,2026,2025
MOZ,HA.HUM,Human Hazard,8.4,0,INFORM Index,2026,2025
MRT,HA.HUM,Human Hazard,3.9,0,INFORM Index,2026,2025
MUS,HA.HUM,Human Hazard,0.4,0,INFORM Index,2026,2025
MWI,HA.HUM,Human Hazard,4.4,0,INFORM Index,2026,2025
MYS,HA.HUM,Human Hazard,2.1,0,INFORM Index,2026,2025
NAM,HA.HUM,Human Hazard,1.6,0,INFORM Index,2026,2025
NER,HA.HUM,Human Hazard,9.4,0,INFORM Index,2026,2025
NGA,HA.HUM,Human Hazard,9.5,0,INFORM Index,2026,2025
NIC,HA.HUM,Human Hazard,3.3,0,INFORM Index,2026,2025
NLD,HA.HUM,Human Hazard,0.2,0,INFORM Index,2026,2025
NOR,HA.HUM,Human Hazard,0.9,0,INFORM Index,2026,2025
NPL,HA.HUM,Human Hazard,3.4,0,INFORM Index,2026,2025
NRU,HA.HUM,Human Hazard,0.0,0,INFORM Index,2026,2025
NZL,HA.HUM,Human Hazard,0.0,0,INFORM Index,2026,2025
OMN,HA.HUM,Human Hazard,1.2,0,INFORM Index,2026,2025
PAK,HA.HUM,Human Hazard,9.2,0,INFORM Index,2026,2025
PAN,HA.HUM,Human Hazard,1.1,0,INFORM Index,2026,2025
PER,HA.HUM,Human Hazard,7.0,0,INFORM Index,2026,2025
PHL,HA.HUM,Human Hazard,7.9,0,INFORM Index,2026,2025
PLW,HA.HUM,Human Hazard,0.0,0,INFORM Index,2026,2025
PNG,HA.HUM,Human Hazard,6.4,0,INFORM Index,2026,2025
POL,HA.HUM,Human Hazard,1.4,0,INFORM Index,2026,2025
PRK,HA.HUM,Human Hazard,4.1,0,INFORM Index,2026,2025
PRT,HA.HUM,Human Hazard,0.4,0,INFORM Index,2026,2025
PRY,HA.HUM,Human Hazard,2.7,0,INFORM Index,2026,2025
PSE,HA.HUM,Human Hazard,9.5,0,INFORM Index,2026,2025
QAT,HA.HUM,Human Hazard,2.4,0,INFORM Index,2026,2025
ROU,HA.HUM,Human Hazard,1.3,0,INFORM Index,2026,2025
RUS,HA.HUM,Human Hazard,10.0,0,INFORM Index,2026,2025
RWA,HA.HUM,Human Hazard,6.2,0,INFORM Index,2026,2025
SAU,HA.HUM,Human Hazard,5.4,0,INFORM Index,2026,2025
SDN,HA.HUM,Human Hazard,10.0,0,INFORM Index,2026,2025
SEN,HA.HUM,Human Hazard,3.8,0,INFORM Index,2026,2025
SGP,HA.HUM,Human Hazard,0.5,0,INFORM Index,2026,2025
SLB,HA.HUM,Human Hazard,0.4,0,INFORM Index,2026,2025
SLE,HA.HUM,Human Hazard,3.8,0,INFORM Index,2026,2025
SLV,HA.HUM,Human Hazard,3.4,0,INFORM Index,2026,2025
SOM,HA.HUM,Human Hazard,9.1,0,INFORM Index,2026,2025
SRB,HA.HUM,Human Hazard,2.3,0,INFORM Index,2026,2025
SSD,HA.HUM,Human Hazard,9.2,0,INFORM Index,2026,2025
STP,HA.HUM,Human Hazard,0.0,0,INFORM Index,2026,2025
SUR,HA.HUM,Human Hazard,0.6,0,INFORM Index,2026,2025
SVK,HA.HUM,Human Hazard,1.3,0,INFORM Index,2026,2025
SVN,HA.HUM,Human Hazard,0.8,0,INFORM Index,2026,2025
SWE,HA.HUM,Human Hazard,1.3,0,INFORM Index,2026,2025
SWZ,HA.HUM,Human Hazard,5.5,0,INFORM Index,2026,2025
SYC,HA.HUM,Human Hazard,0.0,0,INFORM Index,2026,2025
SYR,HA.HUM,Human Hazard,10.0,0,INFORM Index,2026,2025
TCD,HA.HUM,Human Hazard,8.8,0,INFORM Index,2026,2025
TGO,HA.HUM,Human Hazard,5.6,0,INFORM Index,2026,2025
THA,HA.HUM,Human Hazard,8.0,0,INFORM Index,2026,2025
TJK,HA.HUM,Human Hazard,5.7,0,INFORM Index,2026,2025
TKM,HA.HUM,Human Hazard,1.8,0,INFORM Index,2026,2025
TLS,HA.HUM,Human Hazard,1.3,0,INFORM Index,2026,2025
TON,HA.HUM,Human Hazard,0.0,0,INFORM Index,2026,2025
TTO,HA.HUM,Human Hazard,3.1,0,INFORM Index,2026,2025
TUN,HA.HUM,Human Hazard,3.5,0,INFORM Index,2026,2025
TUR,HA.HUM,Human Hazard,9.1,0,INFORM Index,2026,2025
TUV,HA.HUM,Human Hazard,0.0,0,INFORM Index,2026,2025
TZA,HA.HUM,Human Hazard,6.5,0,INFORM Index,2026,2025
UGA,HA.HUM,Human Hazard,7.7,0,INFORM Index,2026,2025
UKR,HA.HUM,Human Hazard,9.8,0,INFORM Index,2026,2025
URY,HA.HUM,Human Hazard,0.5,0,INFORM Index,2026,2025
USA,HA.HUM,Human Hazard,2.4,0,INFORM Index,2026,2025
UZB,HA.HUM,Human Hazard,4.9,0,INFORM Index,2026,2025
VCT,HA.HUM,Human Hazard,0.0,0,INFORM Index,2026,2025
VEN,HA.HUM,Human Hazard,7.8,0,INFORM Index,2026,2025
VNM,HA.HUM,Human Hazard,1.8,0,INFORM Index,2026,2025
VUT,HA.HUM,Human Hazard,0.0,0,INFORM Index,2026,2025
WSM,HA.HUM,Human Hazard,0.0,0,INFORM Index,2026,2025
YEM,HA.HUM,Human Hazard,9.5,0,INFORM Index,2026,2025
ZAF,HA.HUM,Human Hazard,7.8,0,INFORM Index,2026,2025
ZMB,HA.HUM,Human Hazard,4.5,0,INFORM Index,2026,2025
ZWE,HA.HUM,Human Hazard,4.3,0,INFORM Index,2026,2025
AFG,HA.HUM,Human Hazard,10.0,0,INFORM Index,2017,2016
AGO,HA.HUM,Human Hazard,7.4,0,INFORM Index,2017,2016
ALB,HA.HUM,Human Hazard,0.6,0,INFORM Index,2017,2016
ARE,HA.HUM,Human Hazard,2.3,0,INFORM Index,2017,2016
ARG,HA.HUM,Human Hazard,1.2,0,INFORM Index,2017,2016
ARM,HA.HUM,Human Hazard,5.7,0,INFORM Index,2017,2016
ATG,HA.HUM,Human Hazard,0.0,0,INFORM Index,2017,2016
AUS,HA.HUM,Human Hazard,0.2,0,INFORM Index,2017,2016
AUT,HA.HUM,Human Hazard,0.2,0,INFORM Index,2017,2016
AZE,HA.HUM,Human Hazard,8.2,0,INFORM Index,2017,2016
BDI,HA.HUM,Human Hazard,7.9,0,INFORM Index,2017,2016
BEL,HA.HUM,Human Hazard,0.2,0,INFORM Index,2017,2016
BEN,HA.HUM,Human Hazard,1.5,0,INFORM Index,2017,2016
BFA,HA.HUM,Human Hazard,3.8,0,INFORM Index,2017,2016
BGD,HA.HUM,Human Hazard,7.9,0,INFORM Index,2017,2016
BGR,HA.HUM,Human Hazard,0.2,0,INFORM Index,2017,2016
BHR,HA.HUM,Human Hazard,3.9,0,INFORM Index,2017,2016
BHS,HA.HUM,Human Hazard,0.1,0,INFORM Index,2017,2016
BIH,HA.HUM,Human Hazard,1.2,0,INFORM Index,2017,2016
BLR,HA.HUM,Human Hazard,2.0,0,INFORM Index,2017,2016
BLZ,HA.HUM,Human Hazard,0.2,0,INFORM Index,2017,2016
BOL,HA.HUM,Human Hazard,1.3,0,INFORM Index,2017,2016
BRA,HA.HUM,Human Hazard,7.8,0,INFORM Index,2017,2016
BRB,HA.HUM,Human Hazard,0.0,0,INFORM Index,2017,2016
BRN,HA.HUM,Human Hazard,0.1,0,INFORM Index,2017,2016
BTN,HA.HUM,Human Hazard,1.7,0,INFORM Index,2017,2016
BWA,HA.HUM,Human Hazard,0.3,0,INFORM Index,2017,2016
CAF,HA.HUM,Human Hazard,8.4,0,INFORM Index,2017,2016
CAN,HA.HUM,Human Hazard,0.2,0,INFORM Index,2017,2016
CHE,HA.HUM,Human Hazard,0.1,0,INFORM Index,2017,2016
CHL,HA.HUM,Human Hazard,0.1,0,INFORM Index,2017,2016
CHN,HA.HUM,Human Hazard,3.9,0,INFORM Index,2017,2016
CIV,HA.HUM,Human Hazard,5.2,0,INFORM Index,2017,2016
CMR,HA.HUM,Human Hazard,7.8,0,INFORM Index,2017,2016
COD,HA.HUM,Human Hazard,8.9,0,INFORM Index,2017,2016
COG,HA.HUM,Human Hazard,4.7,0,INFORM Index,2017,2016
COL,HA.HUM,Human Hazard,8.3,0,INFORM Index,2017,2016
COM,HA.HUM,Human Hazard,0.4,0,INFORM Index,2017,2016
CPV,HA.HUM,Human Hazard,0.1,0,INFORM Index,2017,2016
CRI,HA.HUM,Human Hazard,0.5,0,INFORM Index,2017,2016
CUB,HA.HUM,Human Hazard,2.0,0,INFORM Index,2017,2016
CYP,HA.HUM,Human Hazard,1.3,0,INFORM Index,2017,2016
CZE,HA.HUM,Human Hazard,0.2,0,INFORM Index,2017,2016
DEU,HA.HUM,Human Hazard,0.2,0,INFORM Index,2017,2016
DJI,HA.HUM,Human Hazard,2.9,0,INFORM Index,2017,2016
DMA,HA.HUM,Human Hazard,0.0,0,INFORM Index,2017,2016
DNK,HA.HUM,Human Hazard,0.2,0,INFORM Index,2017,2016
DOM,HA.HUM,Human Hazard,1.0,0,INFORM Index,2017,2016
DZA,HA.HUM,Human Hazard,7.9,0,INFORM Index,2017,2016
ECU,HA.HUM,Human Hazard,2.2,0,INFORM Index,2017,2016
EGY,HA.HUM,Human Hazard,8.6,0,INFORM Index,2017,2016
ERI,HA.HUM,Human Hazard,4.1,0,INFORM Index,2017,2016
ESP,HA.HUM,Human Hazard,0.2,0,INFORM Index,2017,2016
EST,HA.HUM,Human Hazard,1.0,0,INFORM Index,2017,2016
ETH,HA.HUM,Human Hazard,8.4,0,INFORM Index,2017,2016
FIN,HA.HUM,Human Hazard,0.2,0,INFORM Index,2017,2016
FJI,HA.HUM,Human Hazard,0.2,0,INFORM Index,2017,2016
FRA,HA.HUM,Human Hazard,2.0,0,INFORM Index,2017,2016
FSM,HA.HUM,Human Hazard,0.0,0,INFORM Index,2017,2016
GAB,HA.HUM,Human Hazard,1.8,0,INFORM Index,2017,2016
GBR,HA.HUM,Human Hazard,0.3,0,INFORM Index,2017,2016
GEO,HA.HUM,Human Hazard,2.7,0,INFORM Index,2017,2016
GHA,HA.HUM,Human Hazard,3.0,0,INFORM Index,2017,2016
GIN,HA.HUM,Human Hazard,4.6,0,INFORM Index,2017,2016
GMB,HA.HUM,Human Hazard,3.1,0,INFORM Index,2017,2016
GNB,HA.HUM,Human Hazard,2.0,0,INFORM Index,2017,2016
GNQ,HA.HUM,Human Hazard,1.3,0,INFORM Index,2017,2016
GRC,HA.HUM,Human Hazard,1.5,0,INFORM Index,2017,2016
GRD,HA.HUM,Human Hazard,0.0,0,INFORM Index,2017,2016
GTM,HA.HUM,Human Hazard,5.1,0,INFORM Index,2017,2016
GUY,HA.HUM,Human Hazard,1.4,0,INFORM Index,2017,2016
HND,HA.HUM,Human Hazard,4.9,0,INFORM Index,2017,2016
HRV,HA.HUM,Human Hazard,0.6,0,INFORM Index,2017,2016
HTI,HA.HUM,Human Hazard,2.3,0,INFORM Index,2017,2016
HUN,HA.HUM,Human Hazard,1.0,0,INFORM Index,2017,2016
IDN,HA.HUM,Human Hazard,6.0,0,INFORM Index,2017,2016
IND,HA.HUM,Human Hazard,8.4,0,INFORM Index,2017,2016
IRL,HA.HUM,Human Hazard,0.6,0,INFORM Index,2017,2016
IRN,HA.HUM,Human Hazard,8.2,0,INFORM Index,2017,2016
IRQ,HA.HUM,Human Hazard,9.6,0,INFORM Index,2017,2016
ISL,HA.HUM,Human Hazard,0.1,0,INFORM Index,2017,2016
ISR,HA.HUM,Human Hazard,7.8,0,INFORM Index,2017,2016
ITA,HA.HUM,Human Hazard,0.3,0,INFORM Index,2017,2016
JAM,HA.HUM,Human Hazard,1.4,0,INFORM Index,2017,2016
JOR,HA.HUM,Human Hazard,4.0,0,INFORM Index,2017,2016
JPN,HA.HUM,Human Hazard,0.9,0,INFORM Index,2017,2016
KAZ,HA.HUM,Human Hazard,2.0,0,INFORM Index,2017,2016
KEN,HA.HUM,Human Hazard,8.6,0,INFORM Index,2017,2016
KGZ,HA.HUM,Human Hazard,4.1,0,INFORM Index,2017,2016
KHM,HA.HUM,Human Hazard,4.1,0,INFORM Index,2017,2016
KIR,HA.HUM,Human Hazard,0.0,0,INFORM Index,2017,2016
KNA,HA.HUM,Human Hazard,0.0,0,INFORM Index,2017,2016
KOR,HA.HUM,Human Hazard,2.0,0,INFORM Index,2017,2016
KWT,HA.HUM,Human Hazard,2.8,0,INFORM Index,2017,2016
LAO,HA.HUM,Human Hazard,2.3,0,INFORM Index,2017,2016
LBN,HA.HUM,Human Hazard,7.4,0,INFORM Index,2017,2016
LBR,HA.HUM,Human Hazard,1.4,0,INFORM Index,2017,2016
LBY,HA.HUM,Human Hazard,8.7,0,INFORM Index,2017,2016
LCA,HA.HUM,Human Hazard,0.0,0,INFORM Index,2017,2016
LIE,HA.HUM,Human Hazard,0.0,0,INFORM Index,2017,2016
LKA,HA.HUM,Human Hazard,3.4,0,INFORM Index,2017,2016
LSO,HA.HUM,Human Hazard,1.7,0,INFORM Index,2017,2016
LTU,HA.HUM,Human Hazard,1.0,0,INFORM Index,2017,2016
LUX,HA.HUM,Human Hazard,0.1,0,INFORM Index,2017,2016
LVA,HA.HUM,Human Hazard,1.0,0,INFORM Index,2017,2016
MAR,HA.HUM,Human Hazard,3.6,0,INFORM Index,2017,2016
MDA,HA.HUM,Human Hazard,2.4,0,INFORM Index,2017,2016
MDG,HA.HUM,Human Hazard,2.9,0,INFORM Index,2017,2016
MDV,HA.HUM,Human Hazard,0.6,0,INFORM Index,2017,2016
MEX,HA.HUM,Human Hazard,8.2,0,INFORM Index,2017,2016
MHL,HA.HUM,Human Hazard,0.0,0,INFORM Index,2017,2016
MKD,HA.HUM,Human Hazard,2.3,0,INFORM Index,2017,2016
MLI,HA.HUM,Human Hazard,7.1,0,INFORM Index,2017,2016
MLT,HA.HUM,Human Hazard,0.0,0,INFORM Index,2017,2016
MMR,HA.HUM,Human Hazard,8.4,0,INFORM Index,2017,2016
MNE,HA.HUM,Human Hazard,1.1,0,INFORM Index,2017,2016
MNG,HA.HUM,Human Hazard,0.7,0,INFORM Index,2017,2016
MOZ,HA.HUM,Human Hazard,6.4,0,INFORM Index,2017,2016
MRT,HA.HUM,Human Hazard,3.7,0,INFORM Index,2017,2016
MUS,HA.HUM,Human Hazard,0.1,0,INFORM Index,2017,2016
MWI,HA.HUM,Human Hazard,1.6,0,INFORM Index,2017,2016
MYS,HA.HUM,Human Hazard,2.2,0,INFORM Index,2017,2016
NAM,HA.HUM,Human Hazard,0.9,0,INFORM Index,2017,2016
NER,HA.HUM,Human Hazard,7.1,0,INFORM Index,2017,2016
NGA,HA.HUM,Human Hazard,9.5,0,INFORM Index,2017,2016
NIC,HA.HUM,Human Hazard,1.7,0,INFORM Index,2017,2016
NLD,HA.HUM,Human Hazard,0.2,0,INFORM Index,2017,2016
NOR,HA.HUM,Human Hazard,0.2,0,INFORM Index,2017,2016
NPL,HA.HUM,Human Hazard,2.7,0,INFORM Index,2017,2016
NRU,HA.HUM,Human Hazard,0.0,0,INFORM Index,2017,2016
NZL,HA.HUM,Human Hazard,0.1,0,INFORM Index,2017,2016
OMN,HA.HUM,Human Hazard,1.1,0,INFORM Index,2017,2016
PAK,HA.HUM,Human Hazard,9.4,0,INFORM Index,2017,2016
PAN,HA.HUM,Human Hazard,1.1,0,INFORM Index,2017,2016
PER,HA.HUM,Human Hazard,6.5,0,INFORM Index,2017,2016
PHL,HA.HUM,Human Hazard,8.6,0,INFORM Index,2017,2016
PLW,HA.HUM,Human Hazard,0.0,0,INFORM Index,2017,2016
PNG,HA.HUM,Human Hazard,2.5,0,INFORM Index,2017,2016
POL,HA.HUM,Human Hazard,0.6,0,INFORM Index,2017,2016
PRK,HA.HUM,Human Hazard,4.1,0,INFORM Index,2017,2016
PRT,HA.HUM,Human Hazard,0.2,0,INFORM Index,2017,2016
PRY,HA.HUM,Human Hazard,3.2,0,INFORM Index,2017,2016
PSE,HA.HUM,Human Hazard,7.1,0,INFORM Index,2017,2016
QAT,HA.HUM,Human Hazard,1.7,0,INFORM Index,2017,2016
ROU,HA.HUM,Human Hazard,0.2,0,INFORM Index,2017,2016
RUS,HA.HUM,Human Hazard,8.7,0,INFORM Index,2017,2016
RWA,HA.HUM,Human Hazard,5.3,0,INFORM Index,2017,2016
SAU,HA.HUM,Human Hazard,6.5,0,INFORM Index,2017,2016
SDN,HA.HUM,Human Hazard,9.2,0,INFORM Index,2017,2016
SEN,HA.HUM,Human Hazard,4.4,0,INFORM Index,2017,2016
SGP,HA.HUM,Human Hazard,0.4,0,INFORM Index,2017,2016
SLB,HA.HUM,Human Hazard,0.2,0,INFORM Index,2017,2016
SLE,HA.HUM,Human Hazard,1.7,0,INFORM Index,2017,2016
SLV,HA.HUM,Human Hazard,2.8,0,INFORM Index,2017,2016
SOM,HA.HUM,Human Hazard,8.8,0,INFORM Index,2017,2016
SRB,HA.HUM,Human Hazard,1.8,0,INFORM Index,2017,2016
SSD,HA.HUM,Human Hazard,9.4,0,INFORM Index,2017,2016
STP,HA.HUM,Human Hazard,0.0,0,INFORM Index,2017,2016
SUR,HA.HUM,Human Hazard,0.2,0,INFORM Index,2017,2016
SVK,HA.HUM,Human Hazard,1.0,0,INFORM Index,2017,2016
SVN,HA.HUM,Human Hazard,1.0,0,INFORM Index,2017,2016
SWE,HA.HUM,Human Hazard,0.2,0,INFORM Index,2017,2016
SWZ,HA.HUM,Human Hazard,1.1,0,INFORM Index,2017,2016
SYC,HA.HUM,Human Hazard,0.0,0,INFORM Index,2017,2016
SYR,HA.HUM,Human Hazard,9.5,0,INFORM Index,2017,2016
TCD,HA.HUM,Human Hazard,7.0,0,INFORM Index,2017,2016
TGO,HA.HUM,Human Hazard,2.3,0,INFORM Index,2017,2016
THA,HA.HUM,Human Hazard,7.4,0,INFORM Index,2017,2016
TJK,HA.HUM,Human Hazard,6.1,0,INFORM Index,2017,2016
TKM,HA.HUM,Human Hazard,3.3,0,INFORM Index,2017,2016
TLS,HA.HUM,Human Hazard,1.4,0,INFORM Index,2017,2016
TON,HA.HUM,Human Hazard,0.0,0,INFORM Index,2017,2016
TTO,HA.HUM,Human Hazard,0.6,0,INFORM Index,2017,2016
TUN,HA.HUM,Human Hazard,5.3,0,INFORM Index,2017,2016
TUR,HA.HUM,Human Hazard,8.8,0,INFORM Index,2017,2016
TUV,HA.HUM,Human Hazard,0.0,0,INFORM Index,2017,2016
TZA,HA.HUM,Human Hazard,3.5,0,INFORM Index,2017,2016
UGA,HA.HUM,Human Hazard,5.9,0,INFORM Index,2017,2016
UKR,HA.HUM,Human Hazard,8.1,0,INFORM Index,2017,2016
URY,HA.HUM,Human Hazard,0.2,0,INFORM Index,2017,2016
USA,HA.HUM,Human Hazard,2.3,0,INFORM Index,2017,2016
UZB,HA.HUM,Human Hazard,3.9,0,INFORM Index,2017,2016
VCT,HA.HUM,Human Hazard,0.0,0,INFORM Index,2017,2016
VEN,HA.HUM,Human Hazard,8.0,0,INFORM Index,2017,2016
VNM,HA.HUM,Human Hazard,1.3,0,INFORM Index,2017,2016
VUT,HA.HUM,Human Hazard,0.0,0,INFORM Index,2017,2016
WSM,HA.HUM,Human Hazard,0.0,0,INFORM Index,2017,2016
YEM,HA.HUM,Human Hazard,9.7,0,INFORM Index,2017,2016
ZAF,HA.HUM,Human Hazard,4.4,0,INFORM Index,2017,2016
ZMB,HA.HUM,Human Hazard,1.9,0,INFORM Index,2017,2016
ZWE,HA.HUM,Human Hazard,4.1,0,INFORM Index,2017,2016
AFG,HA.HUM,Human Hazard,10.0,0,INFORM Index,2022,2021
AGO,HA.HUM,Human Hazard,7.2,0,INFORM Index,2022,2021
ALB,HA.HUM,Human Hazard,0.9,0,INFORM Index,2022,2021
ARE,HA.HUM,Human Hazard,2.3,0,INFORM Index,2022,2021
ARG,HA.HUM,Human Hazard,0.9,0,INFORM Index,2022,2021
ARM,HA.HUM,Human Hazard,4.9,0,INFORM Index,2022,2021
ATG,HA.HUM,Human Hazard,0.0,0,INFORM Index,2022,2021
AUS,HA.HUM,Human Hazard,0.2,0,INFORM Index,2022,2021
AUT,HA.HUM,Human Hazard,0.3,0,INFORM Index,2022,2021
AZE,HA.HUM,Human Hazard,7.8,0,INFORM Index,2022,2021
BDI,HA.HUM,Human Hazard,8.9,0,INFORM Index,2022,2021
BEL,HA.HUM,Human Hazard,0.4,0,INFORM Index,2022,2021
BEN,HA.HUM,Human Hazard,4.4,0,INFORM Index,2022,2021
BFA,HA.HUM,Human Hazard,6.9,0,INFORM Index,2022,2021
BGD,HA.HUM,Human Hazard,8.0,0,INFORM Index,2022,2021
BGR,HA.HUM,Human Hazard,0.1,0,INFORM Index,2022,2021
BHR,HA.HUM,Human Hazard,3.4,0,INFORM Index,2022,2021
BHS,HA.HUM,Human Hazard,0.1,0,INFORM Index,2022,2021
BIH,HA.HUM,Human Hazard,2.1,0,INFORM Index,2022,2021
BLR,HA.HUM,Human Hazard,3.7,0,INFORM Index,2022,2021
BLZ,HA.HUM,Human Hazard,0.2,0,INFORM Index,2022,2021
BOL,HA.HUM,Human Hazard,3.8,0,INFORM Index,2022,2021
BRA,HA.HUM,Human Hazard,8.2,0,INFORM Index,2022,2021
BRB,HA.HUM,Human Hazard,0.0,0,INFORM Index,2022,2021
BRN,HA.HUM,Human Hazard,0.2,0,INFORM Index,2022,2021
BTN,HA.HUM,Human Hazard,1.4,0,INFORM Index,2022,2021
BWA,HA.HUM,Human Hazard,0.5,0,INFORM Index,2022,2021
CAF,HA.HUM,Human Hazard,8.2,0,INFORM Index,2022,2021
CAN,HA.HUM,Human Hazard,0.2,0,INFORM Index,2022,2021
CHE,HA.HUM,Human Hazard,0.2,0,INFORM Index,2022,2021
CHL,HA.HUM,Human Hazard,0.8,0,INFORM Index,2022,2021
CHN,HA.HUM,Human Hazard,5.3,0,INFORM Index,2022,2021
CIV,HA.HUM,Human Hazard,4.9,0,INFORM Index,2022,2021
CMR,HA.HUM,Human Hazard,9.2,0,INFORM Index,2022,2021
COD,HA.HUM,Human Hazard,9.4,0,INFORM Index,2022,2021
COG,HA.HUM,Human Hazard,5.1,0,INFORM Index,2022,2021
COL,HA.HUM,Human Hazard,8.4,0,INFORM Index,2022,2021
COM,HA.HUM,Human Hazard,0.9,0,INFORM Index,2022,2021
CPV,HA.HUM,Human Hazard,0.1,0,INFORM Index,2022,2021
CRI,HA.HUM,Human Hazard,0.5,0,INFORM Index,2022,2021
CUB,HA.HUM,Human Hazard,2.1,0,INFORM Index,2022,2021
CYP,HA.HUM,Human Hazard,1.3,0,INFORM Index,2022,2021
CZE,HA.HUM,Human Hazard,0.2,0,INFORM Index,2022,2021
DEU,HA.HUM,Human Hazard,0.2,0,INFORM Index,2022,2021
DJI,HA.HUM,Human Hazard,4.2,0,INFORM Index,2022,2021
DMA,HA.HUM,Human Hazard,0.0,0,INFORM Index,2022,2021
DNK,HA.HUM,Human Hazard,0.6,0,INFORM Index,2022,2021
DOM,HA.HUM,Human Hazard,1.1,0,INFORM Index,2022,2021
DZA,HA.HUM,Human Hazard,7.2,0,INFORM Index,2022,2021
ECU,HA.HUM,Human Hazard,4.9,0,INFORM Index,2022,2021
EGY,HA.HUM,Human Hazard,8.8,0,INFORM Index,2022,2021
ERI,HA.HUM,Human Hazard,3.6,0,INFORM Index,2022,2021
ESP,HA.HUM,Human Hazard,0.7,0,INFORM Index,2022,2021
EST,HA.HUM,Human Hazard,0.9,0,INFORM Index,2022,2021
ETH,HA.HUM,Human Hazard,9.3,0,INFORM Index,2022,2021
FIN,HA.HUM,Human Hazard,0.5,0,INFORM Index,2022,2021
FJI,HA.HUM,Human Hazard,0.2,0,INFORM Index,2022,2021
FRA,HA.HUM,Human Hazard,0.8,0,INFORM Index,2022,2021
FSM,HA.HUM,Human Hazard,0.0,0,INFORM Index,2022,2021
GAB,HA.HUM,Human Hazard,1.7,0,INFORM Index,2022,2021
GBR,HA.HUM,Human Hazard,0.3,0,INFORM Index,2022,2021
GEO,HA.HUM,Human Hazard,2.1,0,INFORM Index,2022,2021
GHA,HA.HUM,Human Hazard,2.6,0,INFORM Index,2022,2021
GIN,HA.HUM,Human Hazard,4.4,0,INFORM Index,2022,2021
GMB,HA.HUM,Human Hazard,1.9,0,INFORM Index,2022,2021
GNB,HA.HUM,Human Hazard,1.9,0,INFORM Index,2022,2021
GNQ,HA.HUM,Human Hazard,1.5,0,INFORM Index,2022,2021
GRC,HA.HUM,Human Hazard,1.8,0,INFORM Index,2022,2021
GRD,HA.HUM,Human Hazard,0.0,0,INFORM Index,2022,2021
GTM,HA.HUM,Human Hazard,5.4,0,INFORM Index,2022,2021
GUY,HA.HUM,Human Hazard,1.7,0,INFORM Index,2022,2021
HND,HA.HUM,Human Hazard,5.2,0,INFORM Index,2022,2021
HRV,HA.HUM,Human Hazard,0.5,0,INFORM Index,2022,2021
HTI,HA.HUM,Human Hazard,5.1,0,INFORM Index,2022,2021
HUN,HA.HUM,Human Hazard,1.0,0,INFORM Index,2022,2021
IDN,HA.HUM,Human Hazard,7.3,0,INFORM Index,2022,2021
IND,HA.HUM,Human Hazard,8.8,0,INFORM Index,2022,2021
IRL,HA.HUM,Human Hazard,0.1,0,INFORM Index,2022,2021
IRN,HA.HUM,Human Hazard,9.3,0,INFORM Index,2022,2021
IRQ,HA.HUM,Human Hazard,9.3,0,INFORM Index,2022,2021
ISL,HA.HUM,Human Hazard,0.0,0,INFORM Index,2022,2021
ISR,HA.HUM,Human Hazard,7.6,0,INFORM Index,2022,2021
ITA,HA.HUM,Human Hazard,0.2,0,INFORM Index,2022,2021
JAM,HA.HUM,Human Hazard,0.9,0,INFORM Index,2022,2021
JOR,HA.HUM,Human Hazard,4.4,0,INFORM Index,2022,2021
JPN,HA.HUM,Human Hazard,0.9,0,INFORM Index,2022,2021
KAZ,HA.HUM,Human Hazard,1.7,0,INFORM Index,2022,2021
KEN,HA.HUM,Human Hazard,8.4,0,INFORM Index,2022,2021
KGZ,HA.HUM,Human Hazard,4.2,0,INFORM Index,2022,2021
KHM,HA.HUM,Human Hazard,3.0,0,INFORM Index,2022,2021
KIR,HA.HUM,Human Hazard,0.0,0,INFORM Index,2022,2021
KNA,HA.HUM,Human Hazard,0.0,0,INFORM Index,2022,2021
KOR,HA.HUM,Human Hazard,1.8,0,INFORM Index,2022,2021
KWT,HA.HUM,Human Hazard,2.1,0,INFORM Index,2022,2021
LAO,HA.HUM,Human Hazard,2.0,0,INFORM Index,2022,2021
LBN,HA.HUM,Human Hazard,6.6,0,INFORM Index,2022,2021
LBR,HA.HUM,Human Hazard,2.9,0,INFORM Index,2022,2021
LBY,HA.HUM,Human Hazard,7.8,0,INFORM Index,2022,2021
LCA,HA.HUM,Human Hazard,0.0,0,INFORM Index,2022,2021
LIE,HA.HUM,Human Hazard,0.0,0,INFORM Index,2022,2021
LKA,HA.HUM,Human Hazard,3.7,0,INFORM Index,2022,2021
LSO,HA.HUM,Human Hazard,2.4,0,INFORM Index,2022,2021
LTU,HA.HUM,Human Hazard,0.9,0,INFORM Index,2022,2021
LUX,HA.HUM,Human Hazard,0.1,0,INFORM Index,2022,2021
LVA,HA.HUM,Human Hazard,1.0,0,INFORM Index,2022,2021
MAR,HA.HUM,Human Hazard,4.6,0,INFORM Index,2022,2021
MDA,HA.HUM,Human Hazard,2.1,0,INFORM Index,2022,2021
MDG,HA.HUM,Human Hazard,4.3,0,INFORM Index,2022,2021
MDV,HA.HUM,Human Hazard,0.1,0,INFORM Index,2022,2021
MEX,HA.HUM,Human Hazard,8.8,0,INFORM Index,2022,2021
MHL,HA.HUM,Human Hazard,0.0,0,INFORM Index,2022,2021
MKD,HA.HUM,Human Hazard,1.0,0,INFORM Index,2022,2021
MLI,HA.HUM,Human Hazard,8.1,0,INFORM Index,2022,2021
MLT,HA.HUM,Human Hazard,0.0,0,INFORM Index,2022,2021
MMR,HA.HUM,Human Hazard,8.6,0,INFORM Index,2022,2021
MNE,HA.HUM,Human Hazard,1.1,0,INFORM Index,2022,2021
MNG,HA.HUM,Human Hazard,0.7,0,INFORM Index,2022,2021
MOZ,HA.HUM,Human Hazard,8.3,0,INFORM Index,2022,2021
MRT,HA.HUM,Human Hazard,3.9,0,INFORM Index,2022,2021
MUS,HA.HUM,Human Hazard,0.9,0,INFORM Index,2022,2021
MWI,HA.HUM,Human Hazard,2.8,0,INFORM Index,2022,2021
MYS,HA.HUM,Human Hazard,1.0,0,INFORM Index,2022,2021
NAM,HA.HUM,Human Hazard,2.0,0,INFORM Index,2022,2021
NER,HA.HUM,Human Hazard,8.5,0,INFORM Index,2022,2021
NGA,HA.HUM,Human Hazard,9.2,0,INFORM Index,2022,2021
NIC,HA.HUM,Human Hazard,3.8,0,INFORM Index,2022,2021
NLD,HA.HUM,Human Hazard,0.2,0,INFORM Index,2022,2021
NOR,HA.HUM,Human Hazard,0.5,0,INFORM Index,2022,2021
NPL,HA.HUM,Human Hazard,2.2,0,INFORM Index,2022,2021
NRU,HA.HUM,Human Hazard,0.0,0,INFORM Index,2022,2021
NZL,HA.HUM,Human Hazard,0.0,0,INFORM Index,2022,2021
OMN,HA.HUM,Human Hazard,1.5,0,INFORM Index,2022,2021
PAK,HA.HUM,Human Hazard,9.5,0,INFORM Index,2022,2021
PAN,HA.HUM,Human Hazard,1.2,0,INFORM Index,2022,2021
PER,HA.HUM,Human Hazard,7.0,0,INFORM Index,2022,2021
PHL,HA.HUM,Human Hazard,8.5,0,INFORM Index,2022,2021
PLW,HA.HUM,Human Hazard,0.0,0,INFORM Index,2022,2021
PNG,HA.HUM,Human Hazard,2.9,0,INFORM Index,2022,2021
POL,HA.HUM,Human Hazard,0.9,0,INFORM Index,2022,2021
PRK,HA.HUM,Human Hazard,4.3,0,INFORM Index,2022,2021
PRT,HA.HUM,Human Hazard,0.3,0,INFORM Index,2022,2021
PRY,HA.HUM,Human Hazard,3.8,0,INFORM Index,2022,2021
PSE,HA.HUM,Human Hazard,8.5,0,INFORM Index,2022,2021
QAT,HA.HUM,Human Hazard,2.2,0,INFORM Index,2022,2021
ROU,HA.HUM,Human Hazard,0.4,0,INFORM Index,2022,2021
RUS,HA.HUM,Human Hazard,8.4,0,INFORM Index,2022,2021
RWA,HA.HUM,Human Hazard,5.9,0,INFORM Index,2022,2021
SAU,HA.HUM,Human Hazard,6.9,0,INFORM Index,2022,2021
SDN,HA.HUM,Human Hazard,9.3,0,INFORM Index,2022,2021
SEN,HA.HUM,Human Hazard,4.4,0,INFORM Index,2022,2021
SGP,HA.HUM,Human Hazard,0.2,0,INFORM Index,2022,2021
SLB,HA.HUM,Human Hazard,0.3,0,INFORM Index,2022,2021
SLE,HA.HUM,Human Hazard,3.4,0,INFORM Index,2022,2021
SLV,HA.HUM,Human Hazard,3.8,0,INFORM Index,2022,2021
SOM,HA.HUM,Human Hazard,9.7,0,INFORM Index,2022,2021
SRB,HA.HUM,Human Hazard,1.9,0,INFORM Index,2022,2021
SSD,HA.HUM,Human Hazard,8.8,0,INFORM Index,2022,2021
STP,HA.HUM,Human Hazard,0.0,0,INFORM Index,2022,2021
SUR,HA.HUM,Human Hazard,0.2,0,INFORM Index,2022,2021
SVK,HA.HUM,Human Hazard,0.9,0,INFORM Index,2022,2021
SVN,HA.HUM,Human Hazard,0.8,0,INFORM Index,2022,2021
SWE,HA.HUM,Human Hazard,0.7,0,INFORM Index,2022,2021
SWZ,HA.HUM,Human Hazard,3.8,0,INFORM Index,2022,2021
SYC,HA.HUM,Human Hazard,0.0,0,INFORM Index,2022,2021
SYR,HA.HUM,Human Hazard,10.0,0,INFORM Index,2022,2021
TCD,HA.HUM,Human Hazard,8.8,0,INFORM Index,2022,2021
TGO,HA.HUM,Human Hazard,3.9,0,INFORM Index,2022,2021
THA,HA.HUM,Human Hazard,7.4,0,INFORM Index,2022,2021
TJK,HA.HUM,Human Hazard,5.3,0,INFORM Index,2022,2021
TKM,HA.HUM,Human Hazard,2.6,0,INFORM Index,2022,2021
TLS,HA.HUM,Human Hazard,1.1,0,INFORM Index,2022,2021
TON,HA.HUM,Human Hazard,0.0,0,INFORM Index,2022,2021
TTO,HA.HUM,Human Hazard,0.5,0,INFORM Index,2022,2021
TUN,HA.HUM,Human Hazard,5.0,0,INFORM Index,2022,2021
TUR,HA.HUM,Human Hazard,9.2,0,INFORM Index,2022,2021
TUV,HA.HUM,Human Hazard,0.0,0,INFORM Index,2022,2021
TZA,HA.HUM,Human Hazard,5.4,0,INFORM Index,2022,2021
UGA,HA.HUM,Human Hazard,7.1,0,INFORM Index,2022,2021
UKR,HA.HUM,Human Hazard,7.7,0,INFORM Index,2022,2021
URY,HA.HUM,Human Hazard,0.2,0,INFORM Index,2022,2021
USA,HA.HUM,Human Hazard,1.9,0,INFORM Index,2022,2021
UZB,HA.HUM,Human Hazard,3.6,0,INFORM Index,2022,2021
VCT,HA.HUM,Human Hazard,0.0,0,INFORM Index,2022,2021
VEN,HA.HUM,Human Hazard,7.5,0,INFORM Index,2022,2021
VNM,HA.HUM,Human Hazard,1.6,0,INFORM Index,2022,2021
VUT,HA.HUM,Human Hazard,0.0,0,INFORM Index,2022,2021
WSM,HA.HUM,Human Hazard,0.0,0,INFORM Index,2022,2021
YEM,HA.HUM,Human Hazard,10.0,0,INFORM Index,2022,2021
ZAF,HA.HUM,Human Hazard,6.9,0,INFORM Index,2022,2021
ZMB,HA.HUM,Human Hazard,2.5,0,INFORM Index,2022,2021
ZWE,HA.HUM,Human Hazard,4.8,0,INFORM Index,2022,2021
AFG,HA.HUM,Human Hazard,10.0,0,INFORM Index,2018,2017
AGO,HA.HUM,Human Hazard,6.8,0,INFORM Index,2018,2017
ALB,HA.HUM,Human Hazard,0.6,0,INFORM Index,2018,2017
ARE,HA.HUM,Human Hazard,2.3,0,INFORM Index,2018,2017
ARG,HA.HUM,Human Hazard,1.6,0,INFORM Index,2018,2017
ARM,HA.HUM,Human Hazard,4.6,0,INFORM Index,2018,2017
ATG,HA.HUM,Human Hazard,0.0,0,INFORM Index,2018,2017
AUS,HA.HUM,Human Hazard,0.2,0,INFORM Index,2018,2017
AUT,HA.HUM,Human Hazard,0.2,0,INFORM Index,2018,2017
AZE,HA.HUM,Human Hazard,8.3,0,INFORM Index,2018,2017
BDI,HA.HUM,Human Hazard,7.6,0,INFORM Index,2018,2017
BEL,HA.HUM,Human Hazard,1.2,0,INFORM Index,2018,2017
BEN,HA.HUM,Human Hazard,1.5,0,INFORM Index,2018,2017
BFA,HA.HUM,Human Hazard,4.7,0,INFORM Index,2018,2017
BGD,HA.HUM,Human Hazard,8.0,0,INFORM Index,2018,2017
BGR,HA.HUM,Human Hazard,0.2,0,INFORM Index,2018,2017
BHR,HA.HUM,Human Hazard,3.5,0,INFORM Index,2018,2017
BHS,HA.HUM,Human Hazard,0.1,0,INFORM Index,2018,2017
BIH,HA.HUM,Human Hazard,2.1,0,INFORM Index,2018,2017
BLR,HA.HUM,Human Hazard,2.0,0,INFORM Index,2018,2017
BLZ,HA.HUM,Human Hazard,0.2,0,INFORM Index,2018,2017
BOL,HA.HUM,Human Hazard,2.8,0,INFORM Index,2018,2017
BRA,HA.HUM,Human Hazard,7.8,0,INFORM Index,2018,2017
BRB,HA.HUM,Human Hazard,0.0,0,INFORM Index,2018,2017
BRN,HA.HUM,Human Hazard,0.1,0,INFORM Index,2018,2017
BTN,HA.HUM,Human Hazard,1.5,0,INFORM Index,2018,2017
BWA,HA.HUM,Human Hazard,0.1,0,INFORM Index,2018,2017
CAF,HA.HUM,Human Hazard,8.2,0,INFORM Index,2018,2017
CAN,HA.HUM,Human Hazard,0.2,0,INFORM Index,2018,2017
CHE,HA.HUM,Human Hazard,0.1,0,INFORM Index,2018,2017
CHL,HA.HUM,Human Hazard,0.1,0,INFORM Index,2018,2017
CHN,HA.HUM,Human Hazard,4.3,0,INFORM Index,2018,2017
CIV,HA.HUM,Human Hazard,5.3,0,INFORM Index,2018,2017
CMR,HA.HUM,Human Hazard,8.0,0,INFORM Index,2018,2017
COD,HA.HUM,Human Hazard,9.1,0,INFORM Index,2018,2017
COG,HA.HUM,Human Hazard,5.8,0,INFORM Index,2018,2017
COL,HA.HUM,Human Hazard,8.3,0,INFORM Index,2018,2017
COM,HA.HUM,Human Hazard,0.3,0,INFORM Index,2018,2017
CPV,HA.HUM,Human Hazard,0.1,0,INFORM Index,2018,2017
CRI,HA.HUM,Human Hazard,0.5,0,INFORM Index,2018,2017
CUB,HA.HUM,Human Hazard,2.0,0,INFORM Index,2018,2017
CYP,HA.HUM,Human Hazard,1.3,0,INFORM Index,2018,2017
CZE,HA.HUM,Human Hazard,0.2,0,INFORM Index,2018,2017
DEU,HA.HUM,Human Hazard,0.9,0,INFORM Index,2018,2017
DJI,HA.HUM,Human Hazard,3.3,0,INFORM Index,2018,2017
DMA,HA.HUM,Human Hazard,0.0,0,INFORM Index,2018,2017
DNK,HA.HUM,Human Hazard,0.6,0,INFORM Index,2018,2017
DOM,HA.HUM,Human Hazard,1.1,0,INFORM Index,2018,2017
DZA,HA.HUM,Human Hazard,8.4,0,INFORM Index,2018,2017
ECU,HA.HUM,Human Hazard,1.4,0,INFORM Index,2018,2017
EGY,HA.HUM,Human Hazard,8.7,0,INFORM Index,2018,2017
ERI,HA.HUM,Human Hazard,3.4,0,INFORM Index,2018,2017
ESP,HA.HUM,Human Hazard,0.3,0,INFORM Index,2018,2017
EST,HA.HUM,Human Hazard,1.0,0,INFORM Index,2018,2017
ETH,HA.HUM,Human Hazard,8.5,0,INFORM Index,2018,2017
FIN,HA.HUM,Human Hazard,0.6,0,INFORM Index,2018,2017
FJI,HA.HUM,Human Hazard,0.1,0,INFORM Index,2018,2017
FRA,HA.HUM,Human Hazard,4.2,0,INFORM Index,2018,2017
FSM,HA.HUM,Human Hazard,0.0,0,INFORM Index,2018,2017
GAB,HA.HUM,Human Hazard,1.8,0,INFORM Index,2018,2017
GBR,HA.HUM,Human Hazard,0.3,0,INFORM Index,2018,2017
GEO,HA.HUM,Human Hazard,2.4,0,INFORM Index,2018,2017
GHA,HA.HUM,Human Hazard,2.7,0,INFORM Index,2018,2017
GIN,HA.HUM,Human Hazard,3.9,0,INFORM Index,2018,2017
GMB,HA.HUM,Human Hazard,3.2,0,INFORM Index,2018,2017
GNB,HA.HUM,Human Hazard,2.0,0,INFORM Index,2018,2017
GNQ,HA.HUM,Human Hazard,1.3,0,INFORM Index,2018,2017
GRC,HA.HUM,Human Hazard,1.9,0,INFORM Index,2018,2017
GRD,HA.HUM,Human Hazard,0.0,0,INFORM Index,2018,2017
GTM,HA.HUM,Human Hazard,5.3,0,INFORM Index,2018,2017
GUY,HA.HUM,Human Hazard,1.3,0,INFORM Index,2018,2017
HND,HA.HUM,Human Hazard,4.2,0,INFORM Index,2018,2017
HRV,HA.HUM,Human Hazard,1.0,0,INFORM Index,2018,2017
HTI,HA.HUM,Human Hazard,3.5,0,INFORM Index,2018,2017
HUN,HA.HUM,Human Hazard,1.0,0,INFORM Index,2018,2017
IDN,HA.HUM,Human Hazard,6.4,0,INFORM Index,2018,2017
IND,HA.HUM,Human Hazard,8.3,0,INFORM Index,2018,2017
IRL,HA.HUM,Human Hazard,0.6,0,INFORM Index,2018,2017
IRN,HA.HUM,Human Hazard,8.5,0,INFORM Index,2018,2017
IRQ,HA.HUM,Human Hazard,9.7,0,INFORM Index,2018,2017
ISL,HA.HUM,Human Hazard,0.1,0,INFORM Index,2018,2017
ISR,HA.HUM,Human Hazard,7.6,0,INFORM Index,2018,2017
ITA,HA.HUM,Human Hazard,0.3,0,INFORM Index,2018,2017
JAM,HA.HUM,Human Hazard,1.4,0,INFORM Index,2018,2017
JOR,HA.HUM,Human Hazard,5.3,0,INFORM Index,2018,2017
JPN,HA.HUM,Human Hazard,0.9,0,INFORM Index,2018,2017
KAZ,HA.HUM,Human Hazard,1.9,0,INFORM Index,2018,2017
KEN,HA.HUM,Human Hazard,8.4,0,INFORM Index,2018,2017
KGZ,HA.HUM,Human Hazard,4.0,0,INFORM Index,2018,2017
KHM,HA.HUM,Human Hazard,3.6,0,INFORM Index,2018,2017
KIR,HA.HUM,Human Hazard,0.0,0,INFORM Index,2018,2017
KNA,HA.HUM,Human Hazard,0.0,0,INFORM Index,2018,2017
KOR,HA.HUM,Human Hazard,2.0,0,INFORM Index,2018,2017
KWT,HA.HUM,Human Hazard,2.5,0,INFORM Index,2018,2017
LAO,HA.HUM,Human Hazard,1.8,0,INFORM Index,2018,2017
LBN,HA.HUM,Human Hazard,7.5,0,INFORM Index,2018,2017
LBR,HA.HUM,Human Hazard,1.2,0,INFORM Index,2018,2017
LBY,HA.HUM,Human Hazard,8.9,0,INFORM Index,2018,2017
LCA,HA.HUM,Human Hazard,0.0,0,INFORM Index,2018,2017
LIE,HA.HUM,Human Hazard,0.0,0,INFORM Index,2018,2017
LKA,HA.HUM,Human Hazard,3.1,0,INFORM Index,2018,2017
LSO,HA.HUM,Human Hazard,1.7,0,INFORM Index,2018,2017
LTU,HA.HUM,Human Hazard,1.0,0,INFORM Index,2018,2017
LUX,HA.HUM,Human Hazard,0.1,0,INFORM Index,2018,2017
LVA,HA.HUM,Human Hazard,1.0,0,INFORM Index,2018,2017
MAR,HA.HUM,Human Hazard,3.4,0,INFORM Index,2018,2017
MDA,HA.HUM,Human Hazard,2.4,0,INFORM Index,2018,2017
MDG,HA.HUM,Human Hazard,3.2,0,INFORM Index,2018,2017
MDV,HA.HUM,Human Hazard,0.6,0,INFORM Index,2018,2017
MEX,HA.HUM,Human Hazard,8.5,0,INFORM Index,2018,2017
MHL,HA.HUM,Human Hazard,0.0,0,INFORM Index,2018,2017
MKD,HA.HUM,Human Hazard,2.1,0,INFORM Index,2018,2017
MLI,HA.HUM,Human Hazard,7.3,0,INFORM Index,2018,2017
MLT,HA.HUM,Human Hazard,0.1,0,INFORM Index,2018,2017
MMR,HA.HUM,Human Hazard,8.3,0,INFORM Index,2018,2017
MNE,HA.HUM,Human Hazard,1.2,0,INFORM Index,2018,2017
MNG,HA.HUM,Human Hazard,0.7,0,INFORM Index,2018,2017
MOZ,HA.HUM,Human Hazard,5.7,0,INFORM Index,2018,2017
MRT,HA.HUM,Human Hazard,3.6,0,INFORM Index,2018,2017
MUS,HA.HUM,Human Hazard,0.2,0,INFORM Index,2018,2017
MWI,HA.HUM,Human Hazard,2.0,0,INFORM Index,2018,2017
MYS,HA.HUM,Human Hazard,3.4,0,INFORM Index,2018,2017
NAM,HA.HUM,Human Hazard,0.6,0,INFORM Index,2018,2017
NER,HA.HUM,Human Hazard,7.1,0,INFORM Index,2018,2017
NGA,HA.HUM,Human Hazard,9.1,0,INFORM Index,2018,2017
NIC,HA.HUM,Human Hazard,2.1,0,INFORM Index,2018,2017
NLD,HA.HUM,Human Hazard,0.2,0,INFORM Index,2018,2017
NOR,HA.HUM,Human Hazard,0.6,0,INFORM Index,2018,2017
NPL,HA.HUM,Human Hazard,2.6,0,INFORM Index,2018,2017
NRU,HA.HUM,Human Hazard,0.0,0,INFORM Index,2018,2017
NZL,HA.HUM,Human Hazard,0.1,0,INFORM Index,2018,2017
OMN,HA.HUM,Human Hazard,1.2,0,INFORM Index,2018,2017
PAK,HA.HUM,Human Hazard,9.5,0,INFORM Index,2018,2017
PAN,HA.HUM,Human Hazard,1.0,0,INFORM Index,2018,2017
PER,HA.HUM,Human Hazard,6.9,0,INFORM Index,2018,2017
PHL,HA.HUM,Human Hazard,8.7,0,INFORM Index,2018,2017
PLW,HA.HUM,Human Hazard,0.0,0,INFORM Index,2018,2017
PNG,HA.HUM,Human Hazard,2.5,0,INFORM Index,2018,2017
POL,HA.HUM,Human Hazard,1.0,0,INFORM Index,2018,2017
PRK,HA.HUM,Human Hazard,4.2,0,INFORM Index,2018,2017
PRT,HA.HUM,Human Hazard,0.2,0,INFORM Index,2018,2017
PRY,HA.HUM,Human Hazard,2.5,0,INFORM Index,2018,2017
PSE,HA.HUM,Human Hazard,7.5,0,INFORM Index,2018,2017
QAT,HA.HUM,Human Hazard,1.3,0,INFORM Index,2018,2017
ROU,HA.HUM,Human Hazard,0.3,0,INFORM Index,2018,2017
RUS,HA.HUM,Human Hazard,8.9,0,INFORM Index,2018,2017
RWA,HA.HUM,Human Hazard,6.1,0,INFORM Index,2018,2017
SAU,HA.HUM,Human Hazard,6.7,0,INFORM Index,2018,2017
SDN,HA.HUM,Human Hazard,9.1,0,INFORM Index,2018,2017
SEN,HA.HUM,Human Hazard,3.9,0,INFORM Index,2018,2017
SGP,HA.HUM,Human Hazard,0.3,0,INFORM Index,2018,2017
SLB,HA.HUM,Human Hazard,0.1,0,INFORM Index,2018,2017
SLE,HA.HUM,Human Hazard,1.5,0,INFORM Index,2018,2017
SLV,HA.HUM,Human Hazard,3.3,0,INFORM Index,2018,2017
SOM,HA.HUM,Human Hazard,9.3,0,INFORM Index,2018,2017
SRB,HA.HUM,Human Hazard,2.1,0,INFORM Index,2018,2017
SSD,HA.HUM,Human Hazard,9.4,0,INFORM Index,2018,2017
STP,HA.HUM,Human Hazard,0.0,0,INFORM Index,2018,2017
SUR,HA.HUM,Human Hazard,0.2,0,INFORM Index,2018,2017
SVK,HA.HUM,Human Hazard,1.0,0,INFORM Index,2018,2017
SVN,HA.HUM,Human Hazard,0.9,0,INFORM Index,2018,2017
SWE,HA.HUM,Human Hazard,0.6,0,INFORM Index,2018,2017
SWZ,HA.HUM,Human Hazard,1.0,0,INFORM Index,2018,2017
SYC,HA.HUM,Human Hazard,0.0,0,INFORM Index,2018,2017
SYR,HA.HUM,Human Hazard,9.6,0,INFORM Index,2018,2017
TCD,HA.HUM,Human Hazard,7.6,0,INFORM Index,2018,2017
TGO,HA.HUM,Human Hazard,2.5,0,INFORM Index,2018,2017
THA,HA.HUM,Human Hazard,7.2,0,INFORM Index,2018,2017
TJK,HA.HUM,Human Hazard,5.9,0,INFORM Index,2018,2017
TKM,HA.HUM,Human Hazard,3.3,0,INFORM Index,2018,2017
TLS,HA.HUM,Human Hazard,1.3,0,INFORM Index,2018,2017
TON,HA.HUM,Human Hazard,0.0,0,INFORM Index,2018,2017
TTO,HA.HUM,Human Hazard,0.6,0,INFORM Index,2018,2017
TUN,HA.HUM,Human Hazard,5.0,0,INFORM Index,2018,2017
TUR,HA.HUM,Human Hazard,9.3,0,INFORM Index,2018,2017
TUV,HA.HUM,Human Hazard,0.0,0,INFORM Index,2018,2017
TZA,HA.HUM,Human Hazard,3.8,0,INFORM Index,2018,2017
UGA,HA.HUM,Human Hazard,6.5,0,INFORM Index,2018,2017
UKR,HA.HUM,Human Hazard,7.7,0,INFORM Index,2018,2017
URY,HA.HUM,Human Hazard,0.2,0,INFORM Index,2018,2017
USA,HA.HUM,Human Hazard,1.9,0,INFORM Index,2018,2017
UZB,HA.HUM,Human Hazard,3.6,0,INFORM Index,2018,2017
VCT,HA.HUM,Human Hazard,0.0,0,INFORM Index,2018,2017
VEN,HA.HUM,Human Hazard,8.1,0,INFORM Index,2018,2017
VNM,HA.HUM,Human Hazard,1.4,0,INFORM Index,2018,2017
VUT,HA.HUM,Human Hazard,0.0,0,INFORM Index,2018,2017
WSM,HA.HUM,Human Hazard,0.0,0,INFORM Index,2018,2017
YEM,HA.HUM,Human Hazard,9.5,0,INFORM Index,2018,2017
ZAF,HA.HUM,Human Hazard,4.7,0,INFORM Index,2018,2017
ZMB,HA.HUM,Human Hazard,1.8,0,INFORM Index,2018,2017
ZWE,HA.HUM,Human Hazard,3.7,0,INFORM Index,2018,2017
AFG,HA.HUM,Human Hazard,10.0,0,INFORM Index,2019,2018
AGO,HA.HUM,Human Hazard,7.1,0,INFORM Index,2019,2018
ALB,HA.HUM,Human Hazard,0.6,0,INFORM Index,2019,2018
ARE,HA.HUM,Human Hazard,2.3,0,INFORM Index,2019,2018
ARG,HA.HUM,Human Hazard,1.0,0,INFORM Index,2019,2018
ARM,HA.HUM,Human Hazard,4.8,0,INFORM Index,2019,2018
ATG,HA.HUM,Human Hazard,0.0,0,INFORM Index,2019,2018
AUS,HA.HUM,Human Hazard,0.2,0,INFORM Index,2019,2018
AUT,HA.HUM,Human Hazard,0.2,0,INFORM Index,2019,2018
AZE,HA.HUM,Human Hazard,8.0,0,INFORM Index,2019,2018
BDI,HA.HUM,Human Hazard,7.9,0,INFORM Index,2019,2018
BEL,HA.HUM,Human Hazard,0.5,0,INFORM Index,2019,2018
BEN,HA.HUM,Human Hazard,1.7,0,INFORM Index,2019,2018
BFA,HA.HUM,Human Hazard,5.2,0,INFORM Index,2019,2018
BGD,HA.HUM,Human Hazard,8.2,0,INFORM Index,2019,2018
BGR,HA.HUM,Human Hazard,0.1,0,INFORM Index,2019,2018
BHR,HA.HUM,Human Hazard,3.8,0,INFORM Index,2019,2018
BHS,HA.HUM,Human Hazard,0.1,0,INFORM Index,2019,2018
BIH,HA.HUM,Human Hazard,2.2,0,INFORM Index,2019,2018
BLR,HA.HUM,Human Hazard,1.9,0,INFORM Index,2019,2018
BLZ,HA.HUM,Human Hazard,0.1,0,INFORM Index,2019,2018
BOL,HA.HUM,Human Hazard,3.0,0,INFORM Index,2019,2018
BRA,HA.HUM,Human Hazard,8.0,0,INFORM Index,2019,2018
BRB,HA.HUM,Human Hazard,0.1,0,INFORM Index,2019,2018
BRN,HA.HUM,Human Hazard,0.1,0,INFORM Index,2019,2018
BTN,HA.HUM,Human Hazard,1.4,0,INFORM Index,2019,2018
BWA,HA.HUM,Human Hazard,0.1,0,INFORM Index,2019,2018
CAF,HA.HUM,Human Hazard,8.6,0,INFORM Index,2019,2018
CAN,HA.HUM,Human Hazard,0.2,0,INFORM Index,2019,2018
CHE,HA.HUM,Human Hazard,0.1,0,INFORM Index,2019,2018
CHL,HA.HUM,Human Hazard,0.2,0,INFORM Index,2019,2018
CHN,HA.HUM,Human Hazard,4.2,0,INFORM Index,2019,2018
CIV,HA.HUM,Human Hazard,4.6,0,INFORM Index,2019,2018
CMR,HA.HUM,Human Hazard,8.6,0,INFORM Index,2019,2018
COD,HA.HUM,Human Hazard,9.6,0,INFORM Index,2019,2018
COG,HA.HUM,Human Hazard,4.9,0,INFORM Index,2019,2018
COL,HA.HUM,Human Hazard,8.3,0,INFORM Index,2019,2018
COM,HA.HUM,Human Hazard,0.3,0,INFORM Index,2019,2018
CPV,HA.HUM,Human Hazard,0.1,0,INFORM Index,2019,2018
CRI,HA.HUM,Human Hazard,0.5,0,INFORM Index,2019,2018
CUB,HA.HUM,Human Hazard,2.0,0,INFORM Index,2019,2018
CYP,HA.HUM,Human Hazard,1.3,0,INFORM Index,2019,2018
CZE,HA.HUM,Human Hazard,0.2,0,INFORM Index,2019,2018
DEU,HA.HUM,Human Hazard,0.3,0,INFORM Index,2019,2018
DJI,HA.HUM,Human Hazard,3.9,0,INFORM Index,2019,2018
DMA,HA.HUM,Human Hazard,0.0,0,INFORM Index,2019,2018
DNK,HA.HUM,Human Hazard,0.6,0,INFORM Index,2019,2018
DOM,HA.HUM,Human Hazard,1.2,0,INFORM Index,2019,2018
DZA,HA.HUM,Human Hazard,8.1,0,INFORM Index,2019,2018
ECU,HA.HUM,Human Hazard,1.4,0,INFORM Index,2019,2018
EGY,HA.HUM,Human Hazard,8.9,0,INFORM Index,2019,2018
ERI,HA.HUM,Human Hazard,3.0,0,INFORM Index,2019,2018
ESP,HA.HUM,Human Hazard,1.3,0,INFORM Index,2019,2018
EST,HA.HUM,Human Hazard,1.0,0,INFORM Index,2019,2018
ETH,HA.HUM,Human Hazard,8.4,0,INFORM Index,2019,2018
FIN,HA.HUM,Human Hazard,0.5,0,INFORM Index,2019,2018
FJI,HA.HUM,Human Hazard,0.1,0,INFORM Index,2019,2018
FRA,HA.HUM,Human Hazard,1.1,0,INFORM Index,2019,2018
FSM,HA.HUM,Human Hazard,0.0,0,INFORM Index,2019,2018
GAB,HA.HUM,Human Hazard,1.6,0,INFORM Index,2019,2018
GBR,HA.HUM,Human Hazard,0.3,0,INFORM Index,2019,2018
GEO,HA.HUM,Human Hazard,2.3,0,INFORM Index,2019,2018
GHA,HA.HUM,Human Hazard,2.6,0,INFORM Index,2019,2018
GIN,HA.HUM,Human Hazard,4.0,0,INFORM Index,2019,2018
GMB,HA.HUM,Human Hazard,2.1,0,INFORM Index,2019,2018
GNB,HA.HUM,Human Hazard,1.8,0,INFORM Index,2019,2018
GNQ,HA.HUM,Human Hazard,1.1,0,INFORM Index,2019,2018
GRC,HA.HUM,Human Hazard,1.9,0,INFORM Index,2019,2018
GRD,HA.HUM,Human Hazard,0.0,0,INFORM Index,2019,2018
GTM,HA.HUM,Human Hazard,5.0,0,INFORM Index,2019,2018
GUY,HA.HUM,Human Hazard,1.3,0,INFORM Index,2019,2018
HND,HA.HUM,Human Hazard,5.4,0,INFORM Index,2019,2018
HRV,HA.HUM,Human Hazard,0.9,0,INFORM Index,2019,2018
HTI,HA.HUM,Human Hazard,4.4,0,INFORM Index,2019,2018
HUN,HA.HUM,Human Hazard,1.0,0,INFORM Index,2019,2018
IDN,HA.HUM,Human Hazard,6.8,0,INFORM Index,2019,2018
IND,HA.HUM,Human Hazard,8.2,0,INFORM Index,2019,2018
IRL,HA.HUM,Human Hazard,0.5,0,INFORM Index,2019,2018
IRN,HA.HUM,Human Hazard,8.8,0,INFORM Index,2019,2018
IRQ,HA.HUM,Human Hazard,9.5,0,INFORM Index,2019,2018
ISL,HA.HUM,Human Hazard,0.1,0,INFORM Index,2019,2018
ISR,HA.HUM,Human Hazard,7.9,0,INFORM Index,2019,2018
ITA,HA.HUM,Human Hazard,0.3,0,INFORM Index,2019,2018
JAM,HA.HUM,Human Hazard,1.3,0,INFORM Index,2019,2018
JOR,HA.HUM,Human Hazard,5.3,0,INFORM Index,2019,2018
JPN,HA.HUM,Human Hazard,0.9,0,INFORM Index,2019,2018
KAZ,HA.HUM,Human Hazard,2.0,0,INFORM Index,2019,2018
KEN,HA.HUM,Human Hazard,8.5,0,INFORM Index,2019,2018
KGZ,HA.HUM,Human Hazard,3.7,0,INFORM Index,2019,2018
KHM,HA.HUM,Human Hazard,3.4,0,INFORM Index,2019,2018
KIR,HA.HUM,Human Hazard,0.0,0,INFORM Index,2019,2018
KNA,HA.HUM,Human Hazard,0.0,0,INFORM Index,2019,2018
KOR,HA.HUM,Human Hazard,2.1,0,INFORM Index,2019,2018
KWT,HA.HUM,Human Hazard,2.4,0,INFORM Index,2019,2018
LAO,HA.HUM,Human Hazard,1.7,0,INFORM Index,2019,2018
LBN,HA.HUM,Human Hazard,7.5,0,INFORM Index,2019,2018
LBR,HA.HUM,Human Hazard,1.4,0,INFORM Index,2019,2018
LBY,HA.HUM,Human Hazard,9.1,0,INFORM Index,2019,2018
LCA,HA.HUM,Human Hazard,0.0,0,INFORM Index,2019,2018
LIE,HA.HUM,Human Hazard,0.0,0,INFORM Index,2019,2018
LKA,HA.HUM,Human Hazard,2.8,0,INFORM Index,2019,2018
LSO,HA.HUM,Human Hazard,2.1,0,INFORM Index,2019,2018
LTU,HA.HUM,Human Hazard,1.0,0,INFORM Index,2019,2018
LUX,HA.HUM,Human Hazard,0.1,0,INFORM Index,2019,2018
LVA,HA.HUM,Human Hazard,1.0,0,INFORM Index,2019,2018
MAR,HA.HUM,Human Hazard,3.6,0,INFORM Index,2019,2018
MDA,HA.HUM,Human Hazard,2.2,0,INFORM Index,2019,2018
MDG,HA.HUM,Human Hazard,3.1,0,INFORM Index,2019,2018
MDV,HA.HUM,Human Hazard,0.5,0,INFORM Index,2019,2018
MEX,HA.HUM,Human Hazard,8.5,0,INFORM Index,2019,2018
MHL,HA.HUM,Human Hazard,0.0,0,INFORM Index,2019,2018
MKD,HA.HUM,Human Hazard,2.0,0,INFORM Index,2019,2018
MLI,HA.HUM,Human Hazard,7.7,0,INFORM Index,2019,2018
MLT,HA.HUM,Human Hazard,0.1,0,INFORM Index,2019,2018
MMR,HA.HUM,Human Hazard,8.4,0,INFORM Index,2019,2018
MNE,HA.HUM,Human Hazard,1.2,0,INFORM Index,2019,2018
MNG,HA.HUM,Human Hazard,0.7,0,INFORM Index,2019,2018
MOZ,HA.HUM,Human Hazard,7.0,0,INFORM Index,2019,2018
MRT,HA.HUM,Human Hazard,3.7,0,INFORM Index,2019,2018
MUS,HA.HUM,Human Hazard,0.1,0,INFORM Index,2019,2018
MWI,HA.HUM,Human Hazard,2.2,0,INFORM Index,2019,2018
MYS,HA.HUM,Human Hazard,1.6,0,INFORM Index,2019,2018
NAM,HA.HUM,Human Hazard,0.7,0,INFORM Index,2019,2018
NER,HA.HUM,Human Hazard,7.3,0,INFORM Index,2019,2018
NGA,HA.HUM,Human Hazard,9.1,0,INFORM Index,2019,2018
NIC,HA.HUM,Human Hazard,2.5,0,INFORM Index,2019,2018
NLD,HA.HUM,Human Hazard,0.3,0,INFORM Index,2019,2018
NOR,HA.HUM,Human Hazard,0.5,0,INFORM Index,2019,2018
NPL,HA.HUM,Human Hazard,2.1,0,INFORM Index,2019,2018
NRU,HA.HUM,Human Hazard,0.0,0,INFORM Index,2019,2018
NZL,HA.HUM,Human Hazard,0.1,0,INFORM Index,2019,2018
OMN,HA.HUM,Human Hazard,1.1,0,INFORM Index,2019,2018
PAK,HA.HUM,Human Hazard,9.4,0,INFORM Index,2019,2018
PAN,HA.HUM,Human Hazard,1.0,0,INFORM Index,2019,2018
PER,HA.HUM,Human Hazard,5.1,0,INFORM Index,2019,2018
PHL,HA.HUM,Human Hazard,8.6,0,INFORM Index,2019,2018
PLW,HA.HUM,Human Hazard,0.0,0,INFORM Index,2019,2018
PNG,HA.HUM,Human Hazard,2.1,0,INFORM Index,2019,2018
POL,HA.HUM,Human Hazard,0.9,0,INFORM Index,2019,2018
PRK,HA.HUM,Human Hazard,4.3,0,INFORM Index,2019,2018
PRT,HA.HUM,Human Hazard,0.2,0,INFORM Index,2019,2018
PRY,HA.HUM,Human Hazard,3.7,0,INFORM Index,2019,2018
PSE,HA.HUM,Human Hazard,7.8,0,INFORM Index,2019,2018
QAT,HA.HUM,Human Hazard,3.0,0,INFORM Index,2019,2018
ROU,HA.HUM,Human Hazard,0.3,0,INFORM Index,2019,2018
RUS,HA.HUM,Human Hazard,8.6,0,INFORM Index,2019,2018
RWA,HA.HUM,Human Hazard,5.9,0,INFORM Index,2019,2018
SAU,HA.HUM,Human Hazard,6.2,0,INFORM Index,2019,2018
SDN,HA.HUM,Human Hazard,9.1,0,INFORM Index,2019,2018
SEN,HA.HUM,Human Hazard,4.1,0,INFORM Index,2019,2018
SGP,HA.HUM,Human Hazard,0.5,0,INFORM Index,2019,2018
SLB,HA.HUM,Human Hazard,0.2,0,INFORM Index,2019,2018
SLE,HA.HUM,Human Hazard,1.5,0,INFORM Index,2019,2018
SLV,HA.HUM,Human Hazard,3.3,0,INFORM Index,2019,2018
SOM,HA.HUM,Human Hazard,9.3,0,INFORM Index,2019,2018
SRB,HA.HUM,Human Hazard,2.3,0,INFORM Index,2019,2018
SSD,HA.HUM,Human Hazard,9.1,0,INFORM Index,2019,2018
STP,HA.HUM,Human Hazard,0.0,0,INFORM Index,2019,2018
SUR,HA.HUM,Human Hazard,0.2,0,INFORM Index,2019,2018
SVK,HA.HUM,Human Hazard,0.9,0,INFORM Index,2019,2018
SVN,HA.HUM,Human Hazard,0.9,0,INFORM Index,2019,2018
SWE,HA.HUM,Human Hazard,0.8,0,INFORM Index,2019,2018
SWZ,HA.HUM,Human Hazard,1.2,0,INFORM Index,2019,2018
SYC,HA.HUM,Human Hazard,0.0,0,INFORM Index,2019,2018
SYR,HA.HUM,Human Hazard,9.8,0,INFORM Index,2019,2018
TCD,HA.HUM,Human Hazard,8.2,0,INFORM Index,2019,2018
TGO,HA.HUM,Human Hazard,3.3,0,INFORM Index,2019,2018
THA,HA.HUM,Human Hazard,7.6,0,INFORM Index,2019,2018
TJK,HA.HUM,Human Hazard,6.4,0,INFORM Index,2019,2018
TKM,HA.HUM,Human Hazard,3.0,0,INFORM Index,2019,2018
TLS,HA.HUM,Human Hazard,1.3,0,INFORM Index,2019,2018
TON,HA.HUM,Human Hazard,0.0,0,INFORM Index,2019,2018
TTO,HA.HUM,Human Hazard,0.6,0,INFORM Index,2019,2018
TUN,HA.HUM,Human Hazard,5.6,0,INFORM Index,2019,2018
TUR,HA.HUM,Human Hazard,9.4,0,INFORM Index,2019,2018
TUV,HA.HUM,Human Hazard,0.0,0,INFORM Index,2019,2018
TZA,HA.HUM,Human Hazard,3.8,0,INFORM Index,2019,2018
UGA,HA.HUM,Human Hazard,6.7,0,INFORM Index,2019,2018
UKR,HA.HUM,Human Hazard,8.2,0,INFORM Index,2019,2018
URY,HA.HUM,Human Hazard,0.3,0,INFORM Index,2019,2018
USA,HA.HUM,Human Hazard,2.6,0,INFORM Index,2019,2018
UZB,HA.HUM,Human Hazard,3.9,0,INFORM Index,2019,2018
VCT,HA.HUM,Human Hazard,0.0,0,INFORM Index,2019,2018
VEN,HA.HUM,Human Hazard,8.3,0,INFORM Index,2019,2018
VNM,HA.HUM,Human Hazard,1.3,0,INFORM Index,2019,2018
VUT,HA.HUM,Human Hazard,0.0,0,INFORM Index,2019,2018
WSM,HA.HUM,Human Hazard,0.0,0,INFORM Index,2019,2018
YEM,HA.HUM,Human Hazard,9.4,0,INFORM Index,2019,2018
ZAF,HA.HUM,Human Hazard,4.9,0,INFORM Index,2019,2018
ZMB,HA.HUM,Human Hazard,1.7,0,INFORM Index,2019,2018
ZWE,HA.HUM,Human Hazard,3.9,0,INFORM Index,2019,2018
AFG,HA.HUM,Human Hazard,10.0,0,INFORM Index,2020,2019
AGO,HA.HUM,Human Hazard,7.0,0,INFORM Index,2020,2019
ALB,HA.HUM,Human Hazard,0.6,0,INFORM Index,2020,2019
ARE,HA.HUM,Human Hazard,2.1,0,INFORM Index,2020,2019
ARG,HA.HUM,Human Hazard,1.2,0,INFORM Index,2020,2019
ARM,HA.HUM,Human Hazard,4.7,0,INFORM Index,2020,2019
ATG,HA.HUM,Human Hazard,0.0,0,INFORM Index,2020,2019
AUS,HA.HUM,Human Hazard,0.3,0,INFORM Index,2020,2019
AUT,HA.HUM,Human Hazard,0.2,0,INFORM Index,2020,2019
AZE,HA.HUM,Human Hazard,7.4,0,INFORM Index,2020,2019
BDI,HA.HUM,Human Hazard,8.2,0,INFORM Index,2020,2019
BEL,HA.HUM,Human Hazard,0.8,0,INFORM Index,2020,2019
BEN,HA.HUM,Human Hazard,3.5,0,INFORM Index,2020,2019
BFA,HA.HUM,Human Hazard,5.6,0,INFORM Index,2020,2019
BGD,HA.HUM,Human Hazard,8.4,0,INFORM Index,2020,2019
BGR,HA.HUM,Human Hazard,0.1,0,INFORM Index,2020,2019
BHR,HA.HUM,Human Hazard,3.8,0,INFORM Index,2020,2019
BHS,HA.HUM,Human Hazard,0.2,0,INFORM Index,2020,2019
BIH,HA.HUM,Human Hazard,2.1,0,INFORM Index,2020,2019
BLR,HA.HUM,Human Hazard,1.9,0,INFORM Index,2020,2019
BLZ,HA.HUM,Human Hazard,0.4,0,INFORM Index,2020,2019
BOL,HA.HUM,Human Hazard,2.8,0,INFORM Index,2020,2019
BRA,HA.HUM,Human Hazard,8.1,0,INFORM Index,2020,2019
BRB,HA.HUM,Human Hazard,0.1,0,INFORM Index,2020,2019
BRN,HA.HUM,Human Hazard,0.1,0,INFORM Index,2020,2019
BTN,HA.HUM,Human Hazard,1.6,0,INFORM Index,2020,2019
BWA,HA.HUM,Human Hazard,0.2,0,INFORM Index,2020,2019
CAF,HA.HUM,Human Hazard,8.4,0,INFORM Index,2020,2019
CAN,HA.HUM,Human Hazard,0.2,0,INFORM Index,2020,2019
CHE,HA.HUM,Human Hazard,0.1,0,INFORM Index,2020,2019
CHL,HA.HUM,Human Hazard,0.6,0,INFORM Index,2020,2019
CHN,HA.HUM,Human Hazard,4.1,0,INFORM Index,2020,2019
CIV,HA.HUM,Human Hazard,4.7,0,INFORM Index,2020,2019
CMR,HA.HUM,Human Hazard,8.9,0,INFORM Index,2020,2019
COD,HA.HUM,Human Hazard,9.2,0,INFORM Index,2020,2019
COG,HA.HUM,Human Hazard,5.0,0,INFORM Index,2020,2019
COL,HA.HUM,Human Hazard,8.4,0,INFORM Index,2020,2019
COM,HA.HUM,Human Hazard,0.8,0,INFORM Index,2020,2019
CPV,HA.HUM,Human Hazard,0.1,0,INFORM Index,2020,2019
CRI,HA.HUM,Human Hazard,0.5,0,INFORM Index,2020,2019
CUB,HA.HUM,Human Hazard,1.9,0,INFORM Index,2020,2019
CYP,HA.HUM,Human Hazard,1.3,0,INFORM Index,2020,2019
CZE,HA.HUM,Human Hazard,0.2,0,INFORM Index,2020,2019
DEU,HA.HUM,Human Hazard,0.2,0,INFORM Index,2020,2019
DJI,HA.HUM,Human Hazard,3.8,0,INFORM Index,2020,2019
DMA,HA.HUM,Human Hazard,0.0,0,INFORM Index,2020,2019
DNK,HA.HUM,Human Hazard,0.6,0,INFORM Index,2020,2019
DOM,HA.HUM,Human Hazard,1.3,0,INFORM Index,2020,2019
DZA,HA.HUM,Human Hazard,8.0,0,INFORM Index,2020,2019
ECU,HA.HUM,Human Hazard,3.1,0,INFORM Index,2020,2019
EGY,HA.HUM,Human Hazard,8.7,0,INFORM Index,2020,2019
ERI,HA.HUM,Human Hazard,2.8,0,INFORM Index,2020,2019
ESP,HA.HUM,Human Hazard,0.7,0,INFORM Index,2020,2019
EST,HA.HUM,Human Hazard,0.9,0,INFORM Index,2020,2019
ETH,HA.HUM,Human Hazard,8.3,0,INFORM Index,2020,2019
FIN,HA.HUM,Human Hazard,0.5,0,INFORM Index,2020,2019
FJI,HA.HUM,Human Hazard,0.1,0,INFORM Index,2020,2019
FRA,HA.HUM,Human Hazard,2.0,0,INFORM Index,2020,2019
FSM,HA.HUM,Human Hazard,0.0,0,INFORM Index,2020,2019
GAB,HA.HUM,Human Hazard,1.7,0,INFORM Index,2020,2019
GBR,HA.HUM,Human Hazard,0.3,0,INFORM Index,2020,2019
GEO,HA.HUM,Human Hazard,2.2,0,INFORM Index,2020,2019
GHA,HA.HUM,Human Hazard,2.4,0,INFORM Index,2020,2019
GIN,HA.HUM,Human Hazard,4.5,0,INFORM Index,2020,2019
GMB,HA.HUM,Human Hazard,1.8,0,INFORM Index,2020,2019
GNB,HA.HUM,Human Hazard,1.8,0,INFORM Index,2020,2019
GNQ,HA.HUM,Human Hazard,1.0,0,INFORM Index,2020,2019
GRC,HA.HUM,Human Hazard,1.9,0,INFORM Index,2020,2019
GRD,HA.HUM,Human Hazard,0.0,0,INFORM Index,2020,2019
GTM,HA.HUM,Human Hazard,4.5,0,INFORM Index,2020,2019
GUY,HA.HUM,Human Hazard,1.2,0,INFORM Index,2020,2019
HND,HA.HUM,Human Hazard,5.2,0,INFORM Index,2020,2019
HRV,HA.HUM,Human Hazard,0.9,0,INFORM Index,2020,2019
HTI,HA.HUM,Human Hazard,3.9,0,INFORM Index,2020,2019
HUN,HA.HUM,Human Hazard,1.0,0,INFORM Index,2020,2019
IDN,HA.HUM,Human Hazard,6.6,0,INFORM Index,2020,2019
IND,HA.HUM,Human Hazard,8.7,0,INFORM Index,2020,2019
IRL,HA.HUM,Human Hazard,0.5,0,INFORM Index,2020,2019
IRN,HA.HUM,Human Hazard,9.2,0,INFORM Index,2020,2019
IRQ,HA.HUM,Human Hazard,9.0,0,INFORM Index,2020,2019
ISL,HA.HUM,Human Hazard,0.1,0,INFORM Index,2020,2019
ISR,HA.HUM,Human Hazard,8.1,0,INFORM Index,2020,2019
ITA,HA.HUM,Human Hazard,0.3,0,INFORM Index,2020,2019
JAM,HA.HUM,Human Hazard,1.0,0,INFORM Index,2020,2019
JOR,HA.HUM,Human Hazard,4.4,0,INFORM Index,2020,2019
JPN,HA.HUM,Human Hazard,0.9,0,INFORM Index,2020,2019
KAZ,HA.HUM,Human Hazard,1.8,0,INFORM Index,2020,2019
KEN,HA.HUM,Human Hazard,8.5,0,INFORM Index,2020,2019
KGZ,HA.HUM,Human Hazard,4.1,0,INFORM Index,2020,2019
KHM,HA.HUM,Human Hazard,3.2,0,INFORM Index,2020,2019
KIR,HA.HUM,Human Hazard,0.0,0,INFORM Index,2020,2019
KNA,HA.HUM,Human Hazard,0.0,0,INFORM Index,2020,2019
KOR,HA.HUM,Human Hazard,2.0,0,INFORM Index,2020,2019
KWT,HA.HUM,Human Hazard,2.1,0,INFORM Index,2020,2019
LAO,HA.HUM,Human Hazard,1.7,0,INFORM Index,2020,2019
LBN,HA.HUM,Human Hazard,6.4,0,INFORM Index,2020,2019
LBR,HA.HUM,Human Hazard,3.0,0,INFORM Index,2020,2019
LBY,HA.HUM,Human Hazard,8.9,0,INFORM Index,2020,2019
LCA,HA.HUM,Human Hazard,0.0,0,INFORM Index,2020,2019
LIE,HA.HUM,Human Hazard,0.0,0,INFORM Index,2020,2019
LKA,HA.HUM,Human Hazard,5.0,0,INFORM Index,2020,2019
LSO,HA.HUM,Human Hazard,2.4,0,INFORM Index,2020,2019
LTU,HA.HUM,Human Hazard,1.0,0,INFORM Index,2020,2019
LUX,HA.HUM,Human Hazard,0.1,0,INFORM Index,2020,2019
LVA,HA.HUM,Human Hazard,1.0,0,INFORM Index,2020,2019
MAR,HA.HUM,Human Hazard,3.3,0,INFORM Index,2020,2019
MDA,HA.HUM,Human Hazard,2.2,0,INFORM Index,2020,2019
MDG,HA.HUM,Human Hazard,3.8,0,INFORM Index,2020,2019
MDV,HA.HUM,Human Hazard,0.2,0,INFORM Index,2020,2019
MEX,HA.HUM,Human Hazard,8.7,0,INFORM Index,2020,2019
MHL,HA.HUM,Human Hazard,0.0,0,INFORM Index,2020,2019
MKD,HA.HUM,Human Hazard,1.4,0,INFORM Index,2020,2019
MLI,HA.HUM,Human Hazard,8.0,0,INFORM Index,2020,2019
MLT,HA.HUM,Human Hazard,0.1,0,INFORM Index,2020,2019
MMR,HA.HUM,Human Hazard,8.4,0,INFORM Index,2020,2019
MNE,HA.HUM,Human Hazard,1.1,0,INFORM Index,2020,2019
MNG,HA.HUM,Human Hazard,0.7,0,INFORM Index,2020,2019
MOZ,HA.HUM,Human Hazard,7.8,0,INFORM Index,2020,2019
MRT,HA.HUM,Human Hazard,4.0,0,INFORM Index,2020,2019
MUS,HA.HUM,Human Hazard,0.2,0,INFORM Index,2020,2019
MWI,HA.HUM,Human Hazard,2.8,0,INFORM Index,2020,2019
MYS,HA.HUM,Human Hazard,1.4,0,INFORM Index,2020,2019
NAM,HA.HUM,Human Hazard,0.8,0,INFORM Index,2020,2019
NER,HA.HUM,Human Hazard,7.5,0,INFORM Index,2020,2019
NGA,HA.HUM,Human Hazard,9.1,0,INFORM Index,2020,2019
NIC,HA.HUM,Human Hazard,3.6,0,INFORM Index,2020,2019
NLD,HA.HUM,Human Hazard,0.2,0,INFORM Index,2020,2019
NOR,HA.HUM,Human Hazard,0.5,0,INFORM Index,2020,2019
NPL,HA.HUM,Human Hazard,2.1,0,INFORM Index,2020,2019
NRU,HA.HUM,Human Hazard,0.0,0,INFORM Index,2020,2019
NZL,HA.HUM,Human Hazard,0.1,0,INFORM Index,2020,2019
OMN,HA.HUM,Human Hazard,1.1,0,INFORM Index,2020,2019
PAK,HA.HUM,Human Hazard,9.5,0,INFORM Index,2020,2019
PAN,HA.HUM,Human Hazard,1.0,0,INFORM Index,2020,2019
PER,HA.HUM,Human Hazard,6.7,0,INFORM Index,2020,2019
PHL,HA.HUM,Human Hazard,8.5,0,INFORM Index,2020,2019
PLW,HA.HUM,Human Hazard,0.0,0,INFORM Index,2020,2019
PNG,HA.HUM,Human Hazard,3.5,0,INFORM Index,2020,2019
POL,HA.HUM,Human Hazard,0.9,0,INFORM Index,2020,2019
PRK,HA.HUM,Human Hazard,4.3,0,INFORM Index,2020,2019
PRT,HA.HUM,Human Hazard,0.2,0,INFORM Index,2020,2019
PRY,HA.HUM,Human Hazard,2.9,0,INFORM Index,2020,2019
PSE,HA.HUM,Human Hazard,8.6,0,INFORM Index,2020,2019
QAT,HA.HUM,Human Hazard,2.5,0,INFORM Index,2020,2019
ROU,HA.HUM,Human Hazard,0.3,0,INFORM Index,2020,2019
RUS,HA.HUM,Human Hazard,8.6,0,INFORM Index,2020,2019
RWA,HA.HUM,Human Hazard,5.8,0,INFORM Index,2020,2019
SAU,HA.HUM,Human Hazard,6.7,0,INFORM Index,2020,2019
SDN,HA.HUM,Human Hazard,9.0,0,INFORM Index,2020,2019
SEN,HA.HUM,Human Hazard,3.8,0,INFORM Index,2020,2019
SGP,HA.HUM,Human Hazard,0.4,0,INFORM Index,2020,2019
SLB,HA.HUM,Human Hazard,0.2,0,INFORM Index,2020,2019
SLE,HA.HUM,Human Hazard,1.7,0,INFORM Index,2020,2019
SLV,HA.HUM,Human Hazard,3.4,0,INFORM Index,2020,2019
SOM,HA.HUM,Human Hazard,9.4,0,INFORM Index,2020,2019
SRB,HA.HUM,Human Hazard,2.0,0,INFORM Index,2020,2019
SSD,HA.HUM,Human Hazard,9.1,0,INFORM Index,2020,2019
STP,HA.HUM,Human Hazard,0.0,0,INFORM Index,2020,2019
SUR,HA.HUM,Human Hazard,0.2,0,INFORM Index,2020,2019
SVK,HA.HUM,Human Hazard,0.9,0,INFORM Index,2020,2019
SVN,HA.HUM,Human Hazard,0.9,0,INFORM Index,2020,2019
SWE,HA.HUM,Human Hazard,0.6,0,INFORM Index,2020,2019
SWZ,HA.HUM,Human Hazard,2.8,0,INFORM Index,2020,2019
SYC,HA.HUM,Human Hazard,0.0,0,INFORM Index,2020,2019
SYR,HA.HUM,Human Hazard,9.9,0,INFORM Index,2020,2019
TCD,HA.HUM,Human Hazard,8.5,0,INFORM Index,2020,2019
TGO,HA.HUM,Human Hazard,4.1,0,INFORM Index,2020,2019
THA,HA.HUM,Human Hazard,7.6,0,INFORM Index,2020,2019
TJK,HA.HUM,Human Hazard,6.4,0,INFORM Index,2020,2019
TKM,HA.HUM,Human Hazard,3.0,0,INFORM Index,2020,2019
TLS,HA.HUM,Human Hazard,1.2,0,INFORM Index,2020,2019
TON,HA.HUM,Human Hazard,0.0,0,INFORM Index,2020,2019
TTO,HA.HUM,Human Hazard,0.5,0,INFORM Index,2020,2019
TUN,HA.HUM,Human Hazard,6.1,0,INFORM Index,2020,2019
TUR,HA.HUM,Human Hazard,9.3,0,INFORM Index,2020,2019
TUV,HA.HUM,Human Hazard,0.0,0,INFORM Index,2020,2019
TZA,HA.HUM,Human Hazard,5.0,0,INFORM Index,2020,2019
UGA,HA.HUM,Human Hazard,6.3,0,INFORM Index,2020,2019
UKR,HA.HUM,Human Hazard,8.1,0,INFORM Index,2020,2019
URY,HA.HUM,Human Hazard,0.3,0,INFORM Index,2020,2019
USA,HA.HUM,Human Hazard,2.1,0,INFORM Index,2020,2019
UZB,HA.HUM,Human Hazard,3.9,0,INFORM Index,2020,2019
VCT,HA.HUM,Human Hazard,0.0,0,INFORM Index,2020,2019
VEN,HA.HUM,Human Hazard,8.3,0,INFORM Index,2020,2019
VNM,HA.HUM,Human Hazard,1.6,0,INFORM Index,2020,2019
VUT,HA.HUM,Human Hazard,0.0,0,INFORM Index,2020,2019
WSM,HA.HUM,Human Hazard,0.0,0,INFORM Index,2020,2019
YEM,HA.HUM,Human Hazard,10.0,0,INFORM Index,2020,2019
ZAF,HA.HUM,Human Hazard,5.9,0,INFORM Index,2020,2019
ZMB,HA.HUM,Human Hazard,1.9,0,INFORM Index,2020,2019
ZWE,HA.HUM,Human Hazard,5.0,0,INFORM Index,2020,2019
AFG,HA.HUM,Human Hazard,10.0,0,INFORM Index,2021,2020
AGO,HA.HUM,Human Hazard,7.8,0,INFORM Index,2021,2020
ALB,HA.HUM,Human Hazard,1.1,0,INFORM Index,2021,2020
ARE,HA.HUM,Human Hazard,2.4,0,INFORM Index,2021,2020
ARG,HA.HUM,Human Hazard,1.0,0,INFORM Index,2021,2020
ARM,HA.HUM,Human Hazard,4.8,0,INFORM Index,2021,2020
ATG,HA.HUM,Human Hazard,0.0,0,INFORM Index,2021,2020
AUS,HA.HUM,Human Hazard,0.2,0,INFORM Index,2021,2020
AUT,HA.HUM,Human Hazard,0.2,0,INFORM Index,2021,2020
AZE,HA.HUM,Human Hazard,7.8,0,INFORM Index,2021,2020
BDI,HA.HUM,Human Hazard,8.7,0,INFORM Index,2021,2020
BEL,HA.HUM,Human Hazard,0.4,0,INFORM Index,2021,2020
BEN,HA.HUM,Human Hazard,4.5,0,INFORM Index,2021,2020
BFA,HA.HUM,Human Hazard,6.5,0,INFORM Index,2021,2020
BGD,HA.HUM,Human Hazard,8.2,0,INFORM Index,2021,2020
BGR,HA.HUM,Human Hazard,0.1,0,INFORM Index,2021,2020
BHR,HA.HUM,Human Hazard,3.4,0,INFORM Index,2021,2020
BHS,HA.HUM,Human Hazard,0.2,0,INFORM Index,2021,2020
BIH,HA.HUM,Human Hazard,2.1,0,INFORM Index,2021,2020
BLR,HA.HUM,Human Hazard,2.8,0,INFORM Index,2021,2020
BLZ,HA.HUM,Human Hazard,0.3,0,INFORM Index,2021,2020
BOL,HA.HUM,Human Hazard,3.3,0,INFORM Index,2021,2020
BRA,HA.HUM,Human Hazard,8.2,0,INFORM Index,2021,2020
BRB,HA.HUM,Human Hazard,0.0,0,INFORM Index,2021,2020
BRN,HA.HUM,Human Hazard,0.1,0,INFORM Index,2021,2020
BTN,HA.HUM,Human Hazard,1.5,0,INFORM Index,2021,2020
BWA,HA.HUM,Human Hazard,0.4,0,INFORM Index,2021,2020
CAF,HA.HUM,Human Hazard,8.3,0,INFORM Index,2021,2020
CAN,HA.HUM,Human Hazard,0.2,0,INFORM Index,2021,2020
CHE,HA.HUM,Human Hazard,0.1,0,INFORM Index,2021,2020
CHL,HA.HUM,Human Hazard,1.3,0,INFORM Index,2021,2020
CHN,HA.HUM,Human Hazard,4.5,0,INFORM Index,2021,2020
CIV,HA.HUM,Human Hazard,5.3,0,INFORM Index,2021,2020
CMR,HA.HUM,Human Hazard,9.0,0,INFORM Index,2021,2020
COD,HA.HUM,Human Hazard,9.3,0,INFORM Index,2021,2020
COG,HA.HUM,Human Hazard,4.8,0,INFORM Index,2021,2020
COL,HA.HUM,Human Hazard,8.4,0,INFORM Index,2021,2020
COM,HA.HUM,Human Hazard,0.9,0,INFORM Index,2021,2020
CPV,HA.HUM,Human Hazard,0.1,0,INFORM Index,2021,2020
CRI,HA.HUM,Human Hazard,0.5,0,INFORM Index,2021,2020
CUB,HA.HUM,Human Hazard,2.0,0,INFORM Index,2021,2020
CYP,HA.HUM,Human Hazard,1.3,0,INFORM Index,2021,2020
CZE,HA.HUM,Human Hazard,0.2,0,INFORM Index,2021,2020
DEU,HA.HUM,Human Hazard,0.2,0,INFORM Index,2021,2020
DJI,HA.HUM,Human Hazard,3.8,0,INFORM Index,2021,2020
DMA,HA.HUM,Human Hazard,0.0,0,INFORM Index,2021,2020
DNK,HA.HUM,Human Hazard,0.6,0,INFORM Index,2021,2020
DOM,HA.HUM,Human Hazard,1.4,0,INFORM Index,2021,2020
DZA,HA.HUM,Human Hazard,8.0,0,INFORM Index,2021,2020
ECU,HA.HUM,Human Hazard,3.7,0,INFORM Index,2021,2020
EGY,HA.HUM,Human Hazard,8.8,0,INFORM Index,2021,2020
ERI,HA.HUM,Human Hazard,3.3,0,INFORM Index,2021,2020
ESP,HA.HUM,Human Hazard,0.7,0,INFORM Index,2021,2020
EST,HA.HUM,Human Hazard,0.9,0,INFORM Index,2021,2020
ETH,HA.HUM,Human Hazard,8.2,0,INFORM Index,2021,2020
FIN,HA.HUM,Human Hazard,0.5,0,INFORM Index,2021,2020
FJI,HA.HUM,Human Hazard,0.2,0,INFORM Index,2021,2020
FRA,HA.HUM,Human Hazard,0.8,0,INFORM Index,2021,2020
FSM,HA.HUM,Human Hazard,0.0,0,INFORM Index,2021,2020
GAB,HA.HUM,Human Hazard,1.8,0,INFORM Index,2021,2020
GBR,HA.HUM,Human Hazard,1.0,0,INFORM Index,2021,2020
GEO,HA.HUM,Human Hazard,2.5,0,INFORM Index,2021,2020
GHA,HA.HUM,Human Hazard,2.7,0,INFORM Index,2021,2020
GIN,HA.HUM,Human Hazard,4.4,0,INFORM Index,2021,2020
GMB,HA.HUM,Human Hazard,2.1,0,INFORM Index,2021,2020
GNB,HA.HUM,Human Hazard,2.2,0,INFORM Index,2021,2020
GNQ,HA.HUM,Human Hazard,1.1,0,INFORM Index,2021,2020
GRC,HA.HUM,Human Hazard,1.8,0,INFORM Index,2021,2020
GRD,HA.HUM,Human Hazard,0.0,0,INFORM Index,2021,2020
GTM,HA.HUM,Human Hazard,3.9,0,INFORM Index,2021,2020
GUY,HA.HUM,Human Hazard,1.3,0,INFORM Index,2021,2020
HND,HA.HUM,Human Hazard,4.7,0,INFORM Index,2021,2020
HRV,HA.HUM,Human Hazard,0.9,0,INFORM Index,2021,2020
HTI,HA.HUM,Human Hazard,4.7,0,INFORM Index,2021,2020
HUN,HA.HUM,Human Hazard,1.0,0,INFORM Index,2021,2020
IDN,HA.HUM,Human Hazard,6.8,0,INFORM Index,2021,2020
IND,HA.HUM,Human Hazard,8.8,0,INFORM Index,2021,2020
IRL,HA.HUM,Human Hazard,0.5,0,INFORM Index,2021,2020
IRN,HA.HUM,Human Hazard,9.4,0,INFORM Index,2021,2020
IRQ,HA.HUM,Human Hazard,9.1,0,INFORM Index,2021,2020
ISL,HA.HUM,Human Hazard,0.0,0,INFORM Index,2021,2020
ISR,HA.HUM,Human Hazard,8.0,0,INFORM Index,2021,2020
ITA,HA.HUM,Human Hazard,0.3,0,INFORM Index,2021,2020
JAM,HA.HUM,Human Hazard,0.9,0,INFORM Index,2021,2020
JOR,HA.HUM,Human Hazard,3.4,0,INFORM Index,2021,2020
JPN,HA.HUM,Human Hazard,0.9,0,INFORM Index,2021,2020
KAZ,HA.HUM,Human Hazard,1.8,0,INFORM Index,2021,2020
KEN,HA.HUM,Human Hazard,8.3,0,INFORM Index,2021,2020
KGZ,HA.HUM,Human Hazard,3.9,0,INFORM Index,2021,2020
KHM,HA.HUM,Human Hazard,2.6,0,INFORM Index,2021,2020
KIR,HA.HUM,Human Hazard,0.0,0,INFORM Index,2021,2020
KNA,HA.HUM,Human Hazard,0.0,0,INFORM Index,2021,2020
KOR,HA.HUM,Human Hazard,1.9,0,INFORM Index,2021,2020
KWT,HA.HUM,Human Hazard,2.1,0,INFORM Index,2021,2020
LAO,HA.HUM,Human Hazard,1.9,0,INFORM Index,2021,2020
LBN,HA.HUM,Human Hazard,7.1,0,INFORM Index,2021,2020
LBR,HA.HUM,Human Hazard,3.1,0,INFORM Index,2021,2020
LBY,HA.HUM,Human Hazard,9.1,0,INFORM Index,2021,2020
LCA,HA.HUM,Human Hazard,0.0,0,INFORM Index,2021,2020
LIE,HA.HUM,Human Hazard,0.0,0,INFORM Index,2021,2020
LKA,HA.HUM,Human Hazard,4.7,0,INFORM Index,2021,2020
LSO,HA.HUM,Human Hazard,2.3,0,INFORM Index,2021,2020
LTU,HA.HUM,Human Hazard,0.9,0,INFORM Index,2021,2020
LUX,HA.HUM,Human Hazard,0.1,0,INFORM Index,2021,2020
LVA,HA.HUM,Human Hazard,1.0,0,INFORM Index,2021,2020
MAR,HA.HUM,Human Hazard,4.4,0,INFORM Index,2021,2020
MDA,HA.HUM,Human Hazard,2.2,0,INFORM Index,2021,2020
MDG,HA.HUM,Human Hazard,3.6,0,INFORM Index,2021,2020
MDV,HA.HUM,Human Hazard,0.2,0,INFORM Index,2021,2020
MEX,HA.HUM,Human Hazard,8.7,0,INFORM Index,2021,2020
MHL,HA.HUM,Human Hazard,0.0,0,INFORM Index,2021,2020
MKD,HA.HUM,Human Hazard,1.4,0,INFORM Index,2021,2020
MLI,HA.HUM,Human Hazard,8.3,0,INFORM Index,2021,2020
MLT,HA.HUM,Human Hazard,0.1,0,INFORM Index,2021,2020
MMR,HA.HUM,Human Hazard,8.5,0,INFORM Index,2021,2020
MNE,HA.HUM,Human Hazard,1.0,0,INFORM Index,2021,2020
MNG,HA.HUM,Human Hazard,0.7,0,INFORM Index,2021,2020
MOZ,HA.HUM,Human Hazard,8.3,0,INFORM Index,2021,2020
MRT,HA.HUM,Human Hazard,4.1,0,INFORM Index,2021,2020
MUS,HA.HUM,Human Hazard,0.4,0,INFORM Index,2021,2020
MWI,HA.HUM,Human Hazard,3.0,0,INFORM Index,2021,2020
MYS,HA.HUM,Human Hazard,1.3,0,INFORM Index,2021,2020
NAM,HA.HUM,Human Hazard,1.0,0,INFORM Index,2021,2020
NER,HA.HUM,Human Hazard,7.8,0,INFORM Index,2021,2020
NGA,HA.HUM,Human Hazard,9.4,0,INFORM Index,2021,2020
NIC,HA.HUM,Human Hazard,3.9,0,INFORM Index,2021,2020
NLD,HA.HUM,Human Hazard,0.3,0,INFORM Index,2021,2020
NOR,HA.HUM,Human Hazard,0.5,0,INFORM Index,2021,2020
NPL,HA.HUM,Human Hazard,2.2,0,INFORM Index,2021,2020
NRU,HA.HUM,Human Hazard,0.0,0,INFORM Index,2021,2020
NZL,HA.HUM,Human Hazard,0.1,0,INFORM Index,2021,2020
OMN,HA.HUM,Human Hazard,1.1,0,INFORM Index,2021,2020
PAK,HA.HUM,Human Hazard,9.5,0,INFORM Index,2021,2020
PAN,HA.HUM,Human Hazard,1.5,0,INFORM Index,2021,2020
PER,HA.HUM,Human Hazard,6.4,0,INFORM Index,2021,2020
PHL,HA.HUM,Human Hazard,8.5,0,INFORM Index,2021,2020
PLW,HA.HUM,Human Hazard,0.0,0,INFORM Index,2021,2020
PNG,HA.HUM,Human Hazard,2.9,0,INFORM Index,2021,2020
POL,HA.HUM,Human Hazard,0.9,0,INFORM Index,2021,2020
PRK,HA.HUM,Human Hazard,4.4,0,INFORM Index,2021,2020
PRT,HA.HUM,Human Hazard,0.2,0,INFORM Index,2021,2020
PRY,HA.HUM,Human Hazard,3.3,0,INFORM Index,2021,2020
PSE,HA.HUM,Human Hazard,7.4,0,INFORM Index,2021,2020
QAT,HA.HUM,Human Hazard,2.7,0,INFORM Index,2021,2020
ROU,HA.HUM,Human Hazard,0.3,0,INFORM Index,2021,2020
RUS,HA.HUM,Human Hazard,8.6,0,INFORM Index,2021,2020
RWA,HA.HUM,Human Hazard,6.4,0,INFORM Index,2021,2020
SAU,HA.HUM,Human Hazard,6.6,0,INFORM Index,2021,2020
SDN,HA.HUM,Human Hazard,9.1,0,INFORM Index,2021,2020
SEN,HA.HUM,Human Hazard,3.8,0,INFORM Index,2021,2020
SGP,HA.HUM,Human Hazard,0.3,0,INFORM Index,2021,2020
SLB,HA.HUM,Human Hazard,0.3,0,INFORM Index,2021,2020
SLE,HA.HUM,Human Hazard,2.1,0,INFORM Index,2021,2020
SLV,HA.HUM,Human Hazard,3.1,0,INFORM Index,2021,2020
SOM,HA.HUM,Human Hazard,9.4,0,INFORM Index,2021,2020
SRB,HA.HUM,Human Hazard,1.8,0,INFORM Index,2021,2020
SSD,HA.HUM,Human Hazard,8.9,0,INFORM Index,2021,2020
STP,HA.HUM,Human Hazard,0.0,0,INFORM Index,2021,2020
SUR,HA.HUM,Human Hazard,0.2,0,INFORM Index,2021,2020
SVK,HA.HUM,Human Hazard,0.9,0,INFORM Index,2021,2020
SVN,HA.HUM,Human Hazard,0.9,0,INFORM Index,2021,2020
SWE,HA.HUM,Human Hazard,0.6,0,INFORM Index,2021,2020
SWZ,HA.HUM,Human Hazard,2.9,0,INFORM Index,2021,2020
SYC,HA.HUM,Human Hazard,0.0,0,INFORM Index,2021,2020
SYR,HA.HUM,Human Hazard,10.0,0,INFORM Index,2021,2020
TCD,HA.HUM,Human Hazard,8.8,0,INFORM Index,2021,2020
TGO,HA.HUM,Human Hazard,3.8,0,INFORM Index,2021,2020
THA,HA.HUM,Human Hazard,7.1,0,INFORM Index,2021,2020
TJK,HA.HUM,Human Hazard,5.2,0,INFORM Index,2021,2020
TKM,HA.HUM,Human Hazard,2.8,0,INFORM Index,2021,2020
TLS,HA.HUM,Human Hazard,1.1,0,INFORM Index,2021,2020
TON,HA.HUM,Human Hazard,0.0,0,INFORM Index,2021,2020
TTO,HA.HUM,Human Hazard,0.5,0,INFORM Index,2021,2020
TUN,HA.HUM,Human Hazard,5.5,0,INFORM Index,2021,2020
TUR,HA.HUM,Human Hazard,9.3,0,INFORM Index,2021,2020
TUV,HA.HUM,Human Hazard,0.0,0,INFORM Index,2021,2020
TZA,HA.HUM,Human Hazard,4.7,0,INFORM Index,2021,2020
UGA,HA.HUM,Human Hazard,6.2,0,INFORM Index,2021,2020
UKR,HA.HUM,Human Hazard,8.2,0,INFORM Index,2021,2020
URY,HA.HUM,Human Hazard,0.2,0,INFORM Index,2021,2020
USA,HA.HUM,Human Hazard,2.3,0,INFORM Index,2021,2020
UZB,HA.HUM,Human Hazard,3.8,0,INFORM Index,2021,2020
VCT,HA.HUM,Human Hazard,0.0,0,INFORM Index,2021,2020
VEN,HA.HUM,Human Hazard,7.2,0,INFORM Index,2021,2020
VNM,HA.HUM,Human Hazard,1.9,0,INFORM Index,2021,2020
VUT,HA.HUM,Human Hazard,0.0,0,INFORM Index,2021,2020
WSM,HA.HUM,Human Hazard,0.0,0,INFORM Index,2021,2020
YEM,HA.HUM,Human Hazard,9.8,0,INFORM Index,2021,2020
ZAF,HA.HUM,Human Hazard,6.4,0,INFORM Index,2021,2020
ZMB,HA.HUM,Human Hazard,1.8,0,INFORM Index,2021,2020
ZWE,HA.HUM,Human Hazard,5.0,0,INFORM Index,2021,2020
