Country,Iso3,Year,current_usd,gdp_calculated,TIV_5Y_Share,TIV_5Y_Sum,human_hazard_score,share_gdp
Afghanistan,AFG,2000,,,,,,
Afghanistan,AFG,2001,,,,,,
Afghanistan,AFG,2002,,,,,,
Afghanistan,AFG,2003,,,,,,
Afghanistan,AFG,2004,125.11155745705427,5145.96863996265,0.035532120882341,34.4,,0.0243125378739117
Afghanistan,AFG,2005,122.72719313487396,6160.800480804271,0.0694129060501435,67.80000000000001,,0.0199206569856085
Afghanistan,AFG,2006,131.34623126951666,6926.688980519236,0.0685540018832119,71.16000000000001,,0.0189623399634251
Afghanistan,AFG,2007,219.5802142961984,8556.404465275027,0.0681095800758526,76.72,,0.0256626735198568
Afghanistan,AFG,2008,240.53259462098532,10298.774903924706,0.1908289028958016,224.41,,0.0233554570193899
Afghanistan,AFG,2009,251.8695148203345,12066.110960405582,0.4576857596795701,550.68,,0.0208741255278385
Afghanistan,AFG,2010,298.1471028257008,15322.316458487006,0.7072160835721562,882.48,,0.0194583569418811
Afghanistan,AFG,2011,325.8069497233305,17888.25667799351,1.1599289675593911,1511.53,,0.0182134545354631
Afghanistan,AFG,2012,238.583385374322,20297.780615264117,1.5104943354564395,1989.56,,0.0117541612009987
Afghanistan,AFG,2013,217.19410711329812,20167.52439554097,1.5518363479509971,2094.73,,0.0107694976762403
Afghanistan,AFG,2014,268.2387877199877,20665.34102141683,1.5150355875882735,2091.01,,0.0129801287790022
Afghanistan,AFG,2015,199.5171087648259,20060.522707906614,1.3179334643154057,1856.83,,0.0099457582272364
Afghanistan,AFG,2016,185.87831006238255,19427.6465738331,0.979670409488772,1394.62,,0.0095677214095885
Afghanistan,AFG,2017,191.40711324439656,20249.861012896006,0.7630968591428385,1111.5700000000002,10.0,0.0094522679993951
Afghanistan,AFG,2018,198.074728574408,19674.74983401756,0.8038984269423386,1170.47,10.0,0.0100674585570555
Afghanistan,AFG,2019,226.3062437292583,19326.41795684605,0.8437828466641403,1227.27,10.0,0.0117096838242129
Afghanistan,AFG,2020,279.57695492519326,20574.42172829277,0.9473073446486532,1327.51,10.0,0.0135885692738928
Afghanistan,AFG,2021,278.250788014927,15222.147511988269,0.9014195288682676,1222.14,10.0,0.0182793385621699
Afghanistan,AFG,2022,,,0.7185970993047762,987.2,10.0,
Afghanistan,AFG,2023,,,0.4839204838345096,675.44,9.9,
Afghanistan,AFG,2024,,,0.2066386063224336,296.09,9.1,
Afghanistan,AFG,2025,,,0.0422994235455699,64.83,8.9,
Albania,ALB,2000,45.36250339227188,3592.0281978164203,,,,0.01262866015914
Albania,ALB,2001,53.23204516151514,4064.014628497752,,,,0.0130983891613579
Albania,ALB,2002,58.64935250258642,4523.082477185973,,,,0.0129666776580813
Albania,ALB,2003,76.14288176066567,5749.9949497386415,,,,0.0132422519369563
Albania,ALB,2004,100.9223584354933,7398.762089803464,0.0020245045619008,1.96,,0.0136404383882782
Albania,ALB,2005,110.14085268593364,8256.65444731817,0.0095212393254621,9.3,,0.0133396466315371
Albania,ALB,2006,140.98390065991595,9150.525986663051,0.0089594184585985,9.3,,0.0154071908943159
Albania,ALB,2007,194.84030924084277,11116.937132234634,0.0124731439007524,14.05,,0.0175264379858625
Albania,ALB,2008,255.6779578185009,13258.507008079188,0.0102808316742134,12.09,,0.0192840685352205
Albania,ALB,2009,182.7368624977758,12335.543253760605,0.010048341749339,12.09,,0.014813847978853
Albania,ALB,2010,185.89324199507388,12086.623205241687,0.0038066317615897,4.75,,0.0153800808413102
Albania,ALB,2011,197.0067892363348,12973.862986867536,0.0036450898069552,4.75,,0.0151848982400808
Albania,ALB,2012,183.20469566021168,12246.405452511905,0.0110085485555189,14.5,,0.0149598750727817
Albania,ALB,2013,180.0155088208666,12797.045669508429,0.0161130267709605,21.75,,0.0140669583800728
Albania,ALB,2014,178.12036802776305,13296.419132980647,0.0210118708375665,29.0,,0.013396115619276
Albania,ALB,2015,132.3506675908342,11470.248005026751,0.0253673960538297,35.74,,0.0115386055761682
Albania,ALB,2016,130.89796000563868,11988.66878474334,0.0251060650464848,35.74,,0.0109184732980711
Albania,ALB,2017,144.4080604534005,13258.23503979849,0.0150069697282784,21.860000000000003,0.6,0.0108919520599776
Albania,ALB,2018,175.89727364627734,15379.508377692304,0.0106387917958912,15.49,0.6,0.0114371194011255
Albania,ALB,2019,197.26750669468507,15585.10508377274,0.0089241172274239,12.98,0.6,0.0126574383447744
Albania,ALB,2020,196.48412333179937,15241.458744868843,0.0132300910500003,18.54,0.6,0.0128914250676922
Albania,ALB,2021,222.87480680061827,18031.991218508505,0.0144417123858483,19.58,1.1,0.0123599664673668
Albania,ALB,2022,228.65904902322288,19017.251488153448,0.0138012570936168,18.96,0.9,0.0120237695318728
Albania,ALB,2023,399.9801281732823,23491.2427273486,0.013512288767498,18.86,1.0,0.0170267760124765
Albania,ALB,2024,535.2256863657517,27037.47416634572,0.0366183514260464,52.47,1.0,0.0197956984839938
Albania,ALB,2025,623.6140245729697,30682.06937605048,0.0410532119310081,62.92,1.0,0.0203250314354528
Algeria,DZA,2000,1881.1636491194504,54790.20672390839,,,,0.0343339396144052
Algeria,DZA,2001,2091.6272744932976,59413.41708217315,,,,0.035204628469701
Algeria,DZA,2002,2100.602520773225,61516.10340616878,,,,0.0341471973103318
Algeria,DZA,2003,2206.3957620001293,73482.24045480974,,,,0.03002624509465
Algeria,DZA,2004,2802.224794131606,91913.6809851708,1.7064714217940602,1652.1,,0.0304875701211848
Algeria,DZA,2005,2924.8201669571195,107046.63035660914,1.4397444786026017,1406.29,,0.0273228606749557
Algeria,DZA,2006,3093.978245368675,123084.2874959048,1.1625182632446698,1206.71,,0.0251370691443586
Algeria,DZA,2007,3945.8151254683057,142482.73980984927,1.2978816695476227,1461.96,,0.0276932850304128
Algeria,DZA,2008,5172.336907040264,180383.84833113456,2.3639195020233847,2779.91,,0.0286740578765416
Algeria,DZA,2009,5280.588155942263,150317.3272546574,2.995735646662737,3604.42,,0.035129603834668
Algeria,DZA,2010,5671.30911730702,177785.013308956,3.426553604627838,4275.73,,0.0318998154667366
Algeria,DZA,2011,8652.237040002523,218331.89603758816,3.889932407756782,5069.06,,0.0396288274733479
Algeria,DZA,2012,9326.287144036318,227143.64940156828,3.965841005279396,5223.64,,0.0410589825804389
Algeria,DZA,2013,10161.588239148075,229701.4302921566,3.009683743882143,4062.59,,0.0442382453876041
Algeria,DZA,2014,11863.212527827234,238942.66518103023,2.6821725578880664,3701.86,,0.0496487829782902
Algeria,DZA,2015,10407.345244361462,187494.66188636524,2.6741167600057665,3767.55,,0.0555074215961894
Algeria,DZA,2016,10217.081699569308,180746.3428982576,3.899167186724216,5550.700000000001,,0.0565271835420787
Algeria,DZA,2017,10073.364021301344,189808.6656940317,4.151163984096456,6046.82,7.9,0.053071149225291
Algeria,DZA,2018,9583.7242883703,194398.9085905866,4.783060680811246,6964.1,8.4,0.0492992700311609
Algeria,DZA,2019,10303.60057521065,193423.7051529032,4.411050889744113,6415.81,8.1,0.0532695853750995
Algeria,DZA,2020,9708.277440227255,164934.30127041743,4.367285881073755,6120.1,8.0,0.0588614822110901
Algeria,DZA,2021,9112.461105348944,186347.65150392652,2.484335941962903,3368.25,8.0,0.0489003270596996
Algeria,DZA,2022,9145.81017420728,225405.71693337607,1.9364706880880225,2660.3,7.2,0.0405748811460294
Algeria,DZA,2023,18263.96796826213,247131.20523087095,1.2723259943550729,1775.87,6.5,0.0739039327356489
Algeria,DZA,2024,21811.24255503127,273616.7542599862,1.2664561873324234,1814.69,6.5,0.0797145723551218
Algeria,DZA,2025,25438.789692334565,288074.6037546361,0.8624958813032373,1321.9,6.6,0.0883062559516761
Angola,AGO,2000,583.6213335989244,9129.634978337732,,,,0.0639260315427404
Angola,AGO,2001,404.299139990661,8936.063723201167,,,,0.0452435381521461
Angola,AGO,2002,438.68624541123177,15285.594828417972,,,,0.0286993244512575
Angola,AGO,2003,670.0211644324943,17812.704825195728,,,,0.0376147907354733
Angola,AGO,2004,817.5335821520827,23552.035278317097,0.5277862734665644,510.97,,0.0347118018672779
Angola,AGO,2005,1365.0553986904408,36970.91869925229,0.409966137149255,400.44000000000005,,0.036922409469853
Angola,AGO,2006,1970.309115183761,52381.006892038014,0.2405459349384372,249.69,,0.0376149530543531
Angola,AGO,2007,2032.432883434303,65266.45208138597,0.1208607694411703,136.14,,0.0311405449295742
Angola,AGO,2008,3163.5911474090203,88538.61080532135,0.0999085949878692,117.49,,0.0357312038062707
Angola,AGO,2009,3311.1932452772157,70307.16367818759,0.1073236038124189,129.13,,0.0470961004832071
Angola,AGO,2010,3500.7948364464883,83799.49747628276,0.0726465619343395,90.65,,0.0417758452243379
Angola,AGO,2011,3639.4963735446,111789.80547213118,0.0644989048999138,84.05,,0.0325566035129376
Angola,AGO,2012,4144.634851468555,128052.85364345122,0.0373531440642437,49.2,,0.0323665949921649
Angola,AGO,2013,6090.751702008843,136709.86283130766,0.0374859381430162,50.6,,0.0445523942155109
Angola,AGO,2014,6846.249313340521,145712.7932290289,0.0238955689732049,32.980000000000004,,0.0469845451564414
Angola,AGO,2015,3608.299114616737,116193.35878794116,0.0578964324597338,81.57000000000001,,0.0310542629308278
Angola,AGO,2016,2764.054937159764,101123.90150239904,0.1666244719928989,237.2,,0.0273333494465123
Angola,AGO,2017,3062.8729139838,122124.9566488197,0.2406263933878714,350.51,7.4,0.0250798280550579
Angola,AGO,2018,1982.252744883764,101353.21165223386,0.4079760306441161,594.01,6.8,0.0195578680987962
Angola,AGO,2019,1469.7863821011606,83136.74357901895,0.5235115424999739,761.44,7.1,0.0176791430458684
Angola,AGO,2020,992.4968190227768,54821.07979701262,0.5448242834824596,763.4899999999999,7.0,0.0181042916830117
Angola,AGO,2021,973.9422517568968,69905.71408018381,0.4483421496865049,607.86,7.8,0.0139322266365773
Angola,AGO,2022,1623.3407288142903,113304.6506366632,0.3933285480240436,540.35,7.2,0.0143272206365111
Angola,AGO,2023,1247.8463450851743,87276.47112349981,0.2015021853583676,281.25,7.4,0.0142976260270585
Angola,AGO,2024,924.256506059926,89395.71968876019,0.0885903093200369,126.94,6.8,0.0103389346747004
Angola,AGO,2025,1459.150446303329,104461.56253828033,0.1045904302692404,160.3,6.8,0.0139683000220164
Antigua and Barbuda,ATG,2004,,,0.0,0.0,,
Antigua and Barbuda,ATG,2005,,,0.0,0.0,,
Antigua and Barbuda,ATG,2006,,,0.0,0.0,,
Antigua and Barbuda,ATG,2007,,,0.0,0.0,,
Antigua and Barbuda,ATG,2008,,,0.0,0.0,,
Antigua and Barbuda,ATG,2009,,,0.0,0.0,,
Antigua and Barbuda,ATG,2010,,,0.0,0.0,,
Antigua and Barbuda,ATG,2011,,,0.0,0.0,,
Antigua and Barbuda,ATG,2012,,,0.0,0.0,,
Antigua and Barbuda,ATG,2013,,,0.0,0.0,,
Antigua and Barbuda,ATG,2014,,,0.0,0.0,,
Antigua and Barbuda,ATG,2015,,,0.0,0.0,,
Antigua and Barbuda,ATG,2016,,,0.0,0.0,,
Antigua and Barbuda,ATG,2017,,,0.0,0.0,,
Antigua and Barbuda,ATG,2018,,,0.0,0.0,,
Antigua and Barbuda,ATG,2019,,,0.0,0.0,,
Antigua and Barbuda,ATG,2020,,,0.0,0.0,,
Antigua and Barbuda,ATG,2021,,,0.0,0.0,,
Antigua and Barbuda,ATG,2022,,,0.0001746994568812,0.24,,
Antigua and Barbuda,ATG,2023,,,0.000386884195888,0.54,,
Antigua and Barbuda,ATG,2024,,,0.0003768612496677,0.54,,
Antigua and Barbuda,ATG,2025,,,0.0003523320795096,0.54,,
Argentina,ARG,2000,3266.633316658329,284346.1730865432,,,,0.0114882267666887
Argentina,ARG,2001,3183.591795897949,268831.4157078539,,,,0.0118423354187058
Argentina,ARG,2002,1114.1724829103634,102041.61579493742,,,,0.0109188047859747
Argentina,ARG,2003,1374.8737343266807,129595.63956795594,,,,0.0106089505704838
Argentina,ARG,2004,1465.8091882461604,165947.7969160726,0.4137839426007508,400.6,,0.0088329535883352
Argentina,ARG,2005,1699.579151829071,200622.03320542868,0.2002122110201485,195.56,,0.0084715478388596
Argentina,ARG,2006,1847.5531298394728,234391.48997117125,0.1920205685126729,199.32,,0.0078823387746146
Argentina,ARG,2007,2296.44824188781,289755.0349916505,0.1852150898230598,208.63,,0.0079254817503136
Argentina,ARG,2008,2788.980204569742,365644.9069333749,0.1856672281015521,218.34000000000003,,0.0076275647539046
Argentina,ARG,2009,2981.8522900938246,336359.10227055795,0.060057334558084,72.26,,0.0088650857668638
Argentina,ARG,2010,3475.348407463491,426486.89782614267,0.0641597765963951,80.06,,0.0081487811822069
Argentina,ARG,2011,4051.930104570647,530158.1211345599,0.0665017858254198,86.66000000000001,,0.0076428709531023
Argentina,ARG,2012,4563.217858772342,581431.452546105,0.0509733758632789,67.14,,0.0078482473536474
Argentina,ARG,2013,5137.974300969896,613316.3288669896,0.0436496339009193,58.92,,0.0083773642721392
Argentina,ARG,2014,4979.442724458205,567069.5232198143,0.0358650898779152,49.5,,0.0087810092423676
Argentina,ARG,2015,5482.616700963933,644916.159428138,0.0398894140521888,56.2,,0.0085012859746381
Argentina,ARG,2016,4509.647660052341,557265.8019204818,0.0401317710158276,57.13,,0.0080924536271756
Argentina,ARG,2017,5459.6436724540135,644012.112929571,0.0682178674244751,99.37,1.2,0.0084775481125943
Argentina,ARG,2018,3842.8523653176017,524764.5147560649,0.0727132916353134,105.87,1.6,0.0073230034753854
Argentina,ARG,2019,3132.654926067453,447716.4832198039,0.104277416015669,151.67000000000002,1.0,0.0069969613437919
Argentina,ARG,2020,2830.9297052154197,385626.6170634921,0.1006671491059091,141.07,1.2,0.0073411159394874
Argentina,ARG,2021,3073.433322808125,486465.4457425535,0.1487540630223642,201.68,1.0,0.006317886192547
Argentina,ARG,2022,4338.261310308717,633705.4389957333,0.1488148206866576,204.44,0.9,0.0068458640929195
Argentina,ARG,2023,4882.352998999768,649461.6885926999,0.1481336598922527,206.76,1.1,0.0075175381161885
Argentina,ARG,2024,4179.838656990005,638365.4551254462,0.1398434392748463,200.38,0.8,0.0065477206252782
Argentina,ARG,2025,3875.750072354246,688197.4836800977,0.1965752016938038,301.28,0.9,0.0056317411270219
Armenia,ARM,2000,68.05214206544264,1911.563668850065,,,,0.0356002487253697
Armenia,ARM,2001,66.24762645970476,2118.3992159660443,,,,0.0312724938530975
Armenia,ARM,2002,64.10640565236426,2376.3226145149674,,,,0.0269771474886414
Armenia,ARM,2003,76.58799888728201,2807.094959422077,,,,0.0272837221377968
Armenia,ARM,2004,98.0704881985412,3576.608535741802,0.1214702737140496,117.6,,0.0274199670493715
Armenia,ARM,2005,140.73810267715712,4900.4688793870055,0.1203976069542313,117.6,,0.0287193136291811
Armenia,ARM,2006,188.1891164311124,6384.457744447647,0.1132932914764716,117.6,,0.0294761315625863
Armenia,ARM,2007,280.1086883439205,9206.304391675603,0.1056444216505014,119.0,,0.0304257470127966
Armenia,ARM,2008,395.9943654422507,11662.055959917509,0.1011926359992887,119.0,,0.0339557936270657
Armenia,ARM,2009,359.4993434870335,8647.943889474596,0.0392292581115633,47.2,,0.0415704990783508
Armenia,ARM,2010,395.0115077878285,9260.297329122734,0.0792099964874806,98.84,,0.042656460559377
Armenia,ARM,2011,390.87143390219086,10142.10861178896,0.0797622388494592,103.94,,0.0385394644115574
Armenia,ARM,2012,380.5716788960684,10619.32004858574,0.0778494185436494,102.54,,0.0358376691873744
Armenia,ARM,2013,444.5518595011059,11121.457622318896,0.1147840169146035,154.94,,0.0399724455730483
Armenia,ARM,2014,457.807021791353,11609.51324107536,0.0790770890762761,109.14,,0.0394337826474581
Armenia,ARM,2015,447.3798075068189,10553.33756962269,0.0408121229181647,57.5,,0.0423922578573229
Armenia,ARM,2016,431.3962186016581,10546.684297991806,0.1157660749765166,164.8,,0.0409034921699325
Armenia,ARM,2017,443.6104133409947,11523.154790195947,0.1281015805716722,186.6,5.7,0.0384973057654683
Armenia,ARM,2018,513.2520264823678,12457.917706350428,0.0921708107817046,134.20000000000002,4.6,0.0411988615256895
Armenia,ARM,2019,652.0001748240832,13618.217085724154,0.2629795716093717,382.5,4.8,0.0478770584078563
Armenia,ARM,2020,633.9604001152595,12723.629440579589,0.2729509075849596,382.5,4.7,0.0498254372367497
Armenia,ARM,2021,619.4354717100929,13872.6851006754,0.2228213131646977,302.1,4.8,0.0446514475903396
Armenia,ARM,2022,795.2015800497068,19481.89789338737,0.2251439250556799,309.3,4.9,0.0408174595925594
Armenia,ARM,2023,1326.2456793866893,24085.97652393043,0.2269290744547888,316.74,4.8,0.0550629814850566
Armenia,ARM,2024,1418.2644564968298,25955.27538003208,0.0699566141975776,100.24,5.3,0.0546426279718045
Armenia,ARM,2025,1725.2130426808633,28312.136264655965,0.0791050765180455,121.24,5.0,0.0609354598520553
Australia,AUS,2000,7273.760312610518,399446.90201353177,,,,0.0182095799865888
Australia,AUS,2001,7043.145895398874,378719.2775571003,,,,0.0185972732648576
Australia,AUS,2002,7946.76620159082,426121.94114834623,,,,0.0186490425256565
Australia,AUS,2003,9926.649415335523,539606.7215336822,,,,0.0183960818485021
Australia,AUS,2004,11995.219709505423,659379.297665012,3.5027544107602004,3391.15,,0.0181916838335428
Australia,AUS,2005,13237.798498629218,738161.2408073497,3.6067375975108,3522.93,,0.0179334781709083
Australia,AUS,2006,14239.77951309141,784812.9099301943,2.91800552169923,3028.9300000000003,,0.0181441708372992
Australia,AUS,2007,17186.44096161731,950698.285456082,2.6713035394166,3009.01,,0.0180777026997291
Australia,AUS,2008,18633.092318274084,1040303.477662769,2.2740026168925884,2674.17,,0.0179112083332997
Australia,AUS,2009,18960.13851301289,988883.0828504356,2.520471522384448,3032.59,,0.0191732863488377
Australia,AUS,2010,23217.69281573347,1257184.2665296835,3.3114731160037776,4132.13,,0.0184680109621665
Australia,AUS,2011,26597.19865533806,1520193.1378505423,3.831894904156776,4993.43,,0.0174959339001785
Australia,AUS,2012,26216.58084843565,1575313.133865051,3.919172351506448,5162.17,,0.016642139448246
Australia,AUS,2013,24825.262588816804,1522130.8310163731,3.668532444042421,4951.93,,0.0163095458570011
Australia,AUS,2014,25783.708714004188,1460835.2471127326,3.618635413754892,4994.339999999999,,0.0176499771380546
Australia,AUS,2015,24046.20586025545,1236607.8136739295,3.464665325331886,4881.35,,0.0194452967176511
Australia,AUS,2016,26382.94705001829,1267606.3942154555,3.02874398585406,4311.6,,0.0208132012984576
Australia,AUS,2017,27691.11241685154,1386318.4191688732,3.561999689013848,5188.61,0.2,0.0199745686373069
Australia,AUS,2018,26839.820914401796,1421362.586992568,4.478862664393028,6521.19,0.2,0.018883162649716
Australia,AUS,2019,26079.346314325456,1392914.4645340752,4.697928944776077,6833.07,0.2,0.0187228627301597
Australia,AUS,2020,27300.894700619407,1364039.9174122503,5.009437679028143,7019.98,0.3,0.0200147329650092
Australia,AUS,2021,32718.066816816816,1657898.6486486483,5.329176264049968,7225.269999999999,0.2,0.0197346604048958
Australia,AUS,2022,32445.330432014027,1728474.3865159403,4.636865705397463,6370.070000000001,0.2,0.0187710796787759
Australia,AUS,2023,32387.98979774595,1745434.5244807662,3.721052196051416,5193.719999999999,0.6,0.018555831996838
Australia,AUS,2024,34231.44806717202,1799606.3838475454,3.566928917896659,5111.01,0.6,0.0190216307157043
Australia,AUS,2025,35326.55981129522,1841965.4622456315,2.8090849479168365,4305.33,0.5,0.0191787308369109
Austria,AUT,2000,1925.5573981942143,195694.50407223144,,,,0.0098396089727869
Austria,AUT,2001,1788.7983105296598,196305.44855258564,,,,0.0091123212509839
Austria,AUT,2002,1881.74674132982,211837.4861324173,,,,0.0088829733381256
Austria,AUT,2003,2381.9627689230883,260195.2886988535,,,,0.0091545192106838
Austria,AUT,2004,2679.282064653915,298674.17495048826,0.2254430437145279,218.26,,0.0089705849697184
Austria,AUT,2005,2686.1662438442027,313827.45429040445,0.2241176882512821,218.91,,0.0085593730157162
Austria,AUT,2006,2640.1853624390164,333609.29978008906,0.2012882680365136,208.94,,0.0079140040885532
Austria,AUT,2007,3499.8179673107616,386249.0414733425,0.3519024562860695,396.39,,0.0090610398771754
Austria,AUT,2008,3746.731607280184,427503.8673600175,0.4635558122881704,545.13,,0.008764205176476
Austria,AUT,2009,3334.754939618778,397689.67058789206,0.6442491403639478,775.15,,0.008385319474577
Austria,AUT,2010,3218.351224099226,389447.78906952566,0.6048537520126064,754.75,,0.0082638836692039
Austria,AUT,2011,3409.7212085826886,428393.554261804,0.5797611261378339,755.5,,0.0079593195898062
Austria,AUT,2012,3187.227448753298,406773.5463655123,0.3742906508876458,493.0,,0.0078353852585324
Austria,AUT,2013,3229.0658413429305,426459.36502119753,0.2278048612446146,307.5,,0.0075718019257999
Austria,AUT,2014,3305.1592564824546,437972.71769744816,0.0172804523957227,23.85,,0.0075464957585912
Austria,AUT,2015,2665.4097815237883,379376.2229133858,0.0138974150736985,19.58,,0.0070257691983303
Austria,AUT,2016,2885.947386103568,393329.3262529859,0.0183202623506526,26.08,,0.0073372291194157
Austria,AUT,2017,3153.1186238149453,414044.688841042,0.0203754282495564,29.68,0.2,0.0076154065220372
Austria,AUT,2018,3387.982011968415,452337.9916409949,0.0211402202374133,30.78,0.2,0.0074899346828628
Austria,AUT,2019,3336.5427675772503,443021.46219211817,0.0317638070806613,46.2,0.2,0.0075313343761443
Austria,AUT,2020,3840.0775105437137,433509.49374216347,0.0423305825828491,59.32000000000001,0.2,0.0088581162949747
Austria,AUT,2021,4196.428571428572,480406.8877743613,0.05938951385641,80.52000000000001,0.2,0.0087351548827075
Austria,AUT,2022,3612.733177951484,472647.8009899283,0.0554670775597892,76.20000000000002,0.3,0.0076436051757457
Austria,AUT,2023,4452.227950613869,516243.7997880302,0.0628471882653724,87.72000000000001,0.2,0.0086242739427416
Austria,AUT,2024,5294.393827606575,534510.4428856719,0.0583716202263107,83.64,0.2,0.0099051270149627
Austria,AUT,2025,6353.3605577239805,577245.7841778267,0.064398474532589,98.7,0.2,0.0110063351381129
Azerbaijan,AZE,2000,119.57565171524008,5272.615722968917,,,,0.0226786206311862
Azerbaijan,AZE,2001,131.96366006418867,5707.616203720108,,,,0.0231206260817217
Azerbaijan,AZE,2002,139.89409194333467,6236.046592961682,,,,0.0224331377031766
Azerbaijan,AZE,2003,176.55216230580788,7276.41307911451,,,,0.024263625550969
Azerbaijan,AZE,2004,228.24963162565027,8680.405740941249,0.0994692802607396,96.3,,0.0262948113760521
Azerbaijan,AZE,2005,304.5214777332004,13245.42188083404,0.15997729645126,156.26,,0.0229906967458574
Azerbaijan,AZE,2006,717.111853555619,20981.929497618767,0.3119708042417162,323.83,,0.0341775933255806
Azerbaijan,AZE,2007,946.5997921046376,33049.41943122439,0.3973650683257517,447.6,,0.0286419491898943
Azerbaijan,AZE,2008,1607.7992259195248,48851.293785448266,0.4092179178314095,481.23,,0.0329121114577
Azerbaijan,AZE,2009,1472.9099769465142,44292.42718494917,0.518948230344895,624.39,,0.0332542168167071
Azerbaijan,AZE,2010,1476.6087335700493,52905.99887871426,0.5803069876215549,724.12,,0.027910043565289
Azerbaijan,AZE,2011,3080.084995808461,65952.79642794732,0.8634949167112327,1125.24,,0.0467013555547022
Azerbaijan,AZE,2012,3246.1226126303864,69679.94450419719,0.9944135791737092,1309.8000000000002,,0.0465861825196323
Azerbaijan,AZE,2013,3367.5741611974386,74160.56012369014,1.2404956292951863,1674.47,,0.0454092330961465
Azerbaijan,AZE,2014,3427.179917064822,75239.73748880439,1.5718763209402422,2169.46,,0.0455501312398223
Azerbaijan,AZE,2015,2900.5513821521517,53076.24475450366,1.673311235165769,2357.52,,0.0546487679293858
Azerbaijan,AZE,2016,1396.9691076583222,37873.35683958886,1.4579149574545622,2075.43,,0.0368852730317814
Azerbaijan,AZE,2017,1528.8595922938523,40701.19232082303,1.3514236197758358,1968.56,8.2,0.037563017324966
Azerbaijan,AZE,2018,1672.1764705882354,47112.94117647059,1.3357624668919976,1944.86,8.3,0.035492933126904
Azerbaijan,AZE,2019,1854.235294117647,48174.23529411764,0.9259012258354432,1346.71,8.0,0.0384901863578529
Azerbaijan,AZE,2020,2237.7647058823527,42692.99999999999,0.7465011083234043,1046.11,7.4,0.0524152602506816
Azerbaijan,AZE,2021,2703.176470588236,54825.41176470589,0.5601953510814948,759.51,7.8,0.0493051740712765
Azerbaijan,AZE,2022,2991.035294117647,78807.4705882353,0.3480886678358428,478.2000000000001,7.8,0.0379537025080482
Azerbaijan,AZE,2023,3561.6705882352944,72428.4705882353,0.0763738060771626,106.6,7.0,0.0491750075530909
Azerbaijan,AZE,2024,3777.088235294118,74315.88235294117,0.0960298295449588,137.6,7.4,0.0508247781726651
Azerbaijan,AZE,2025,4939.0,76390.00000000001,0.358889370989368,550.05,5.3,0.0646550595627699
Bahamas,BHS,2004,,,0.034086046195269,33.0,,
Bahamas,BHS,2005,,,0.0029177991481255,2.85,,
Bahamas,BHS,2006,,,0.0027456282373124,2.85,,
Bahamas,BHS,2007,,,0.002530139510117,2.85,,
Bahamas,BHS,2008,,,0.0024235211142686,2.85,,
Bahamas,BHS,2009,,,0.0034907390692492,4.2,,
Bahamas,BHS,2010,,,0.0010818848164518,1.35,,
Bahamas,BHS,2011,,,0.001035972892503,1.35,,
Bahamas,BHS,2012,,,0.001024933831031,1.35,,
Bahamas,BHS,2013,,,0.0010001189030251,1.35,,
Bahamas,BHS,2014,,,0.0217364181078274,30.0,,
Bahamas,BHS,2015,,,0.0325077431243816,45.8,,
Bahamas,BHS,2016,,,0.0460816414955066,65.6,,
Bahamas,BHS,2017,,,0.0532040326597245,77.5,,
Bahamas,BHS,2018,,,0.0532282998180485,77.5,,
Bahamas,BHS,2019,,,0.0326575938599873,47.5,,
Bahamas,BHS,2020,,,0.022621029465211,31.700000000000003,,
Bahamas,BHS,2021,,,0.0087771387840446,11.9,,
Bahamas,BHS,2022,,,0.0,0.0,,
Bahamas,BHS,2023,,,0.0,0.0,,
Bahamas,BHS,2024,,,0.0,0.0,,
Bahamas,BHS,2025,,,0.0,0.0,,
Bahrain,BHR,2000,359.04255319148933,9062.90694039758,,,,0.0396167096884852
Bahrain,BHR,2001,372.3404255319149,8976.20776458274,,,,0.0414808163198997
Bahrain,BHR,2002,444.1489361702127,9632.155013690635,,,,0.0461110660635053
Bahrain,BHR,2003,515.9574468085107,11074.822141574945,,,,0.0465883280302627
Bahrain,BHR,2004,531.9148936170212,13150.166878343694,0.4036201033716161,390.7600000000001,,0.0404492884796012
Bahrain,BHR,2005,513.2978723404256,15968.7932798683,0.1623422494450039,158.57,,0.0321438109533007
Bahrain,BHR,2006,574.2021276595746,18505.053191489365,0.1860957917900513,193.17,,0.0310294772848129
Bahrain,BHR,2007,642.5531914893617,21729.97340425532,0.1487189370999328,167.52,,0.0295699023434392
Bahrain,BHR,2008,719.9468085106382,25710.904255319147,0.1590765245074533,187.07,,0.0280016136873791
Bahrain,BHR,2009,828.1914893617021,22938.191489361703,0.14716789690285,177.07,,0.0361053524967651
Bahrain,BHR,2010,842.8191489361702,25712.76595744681,0.1672353507386428,208.68,,0.0327782374844849
Bahrain,BHR,2011,1033.5106382978722,28776.59574468084,0.1151387946601199,150.04,,0.0359149722735674
Bahrain,BHR,2012,1182.18085106383,30750.000000000004,0.1115659455333459,146.95,,0.038444905725653
Bahrain,BHR,2013,1347.606382978723,32539.89361702128,0.1441208380700075,194.54,,0.0414139762975071
Bahrain,BHR,2014,1475.265957446809,33388.29787234043,0.1414606090457408,195.24,,0.0441851202803887
Bahrain,BHR,2015,1442.021276595745,31050.531914893618,0.0812977488529841,114.54,,0.046441113490364
Bahrain,BHR,2016,1505.534574468085,32234.04255319149,0.098520582618061,140.25,,0.0467063531353135
Bahrain,BHR,2017,1532.7127659574471,35473.40425531915,0.0983279173916431,143.23,3.9,0.0432073774179037
Bahrain,BHR,2018,1527.6595744680856,37803.19148936171,0.100501898224194,146.32999999999998,3.5,0.0404108625299001
Bahrain,BHR,2019,1557.712765957447,38654.255319148935,0.1142740773782841,166.20999999999998,3.8,0.0402986101554974
Bahrain,BHR,2020,1404.787234042553,34622.25724564282,0.1256430491463629,176.07,3.8,0.0405746865109248
Bahrain,BHR,2021,1437.5,40840.425531914894,0.2435840406244337,330.25,3.4,0.0351979682208908
Bahrain,BHR,2022,1598.06914893617,46680.85106382978,0.4096629472424382,562.79,3.4,0.0342339334548769
Bahrain,BHR,2023,1622.3936170212764,46079.78723404255,0.5622000528025283,784.7,3.5,0.0352083573819692
Bahrain,BHR,2024,1383.973404255319,46995.12156129641,1.1263126548402491,1613.88,2.9,0.0294492993799405
Bahrain,BHR,2025,1468.151595744681,47276.35471691641,1.0545299139722504,1616.2199999999998,2.9,0.0310546700255497
Bangladesh,BGD,2000,740.7981600056853,52754.70714546303,,,,0.01404231394865
Bangladesh,BGD,2001,705.4816952129768,52712.3444625898,,,,0.0133836144532266
Bangladesh,BGD,2002,681.8161617197214,54756.40988122132,,,,0.0124518054269578
Bangladesh,BGD,2003,719.4429569408867,59972.4418213154,,,,0.0119962258512739
Bangladesh,BGD,2004,770.6411602889672,64914.35133826898,0.5696398065523917,551.49,,0.0118716608022955
Bangladesh,BGD,2005,773.6776681791534,66861.3805482652,0.3699871698740617,361.39,,0.011571368431746
Bangladesh,BGD,2006,829.6827948377387,69971.62470333598,0.2967108915122323,307.99,,0.0118574178941164
Bangladesh,BGD,2007,953.4642235996222,79825.85818636397,0.3132667820824575,352.87,,0.0119443028269565
Bangladesh,BGD,2008,1030.0200182387623,91646.9212793903,0.3032037503521546,356.56,,0.0112390029458675
Bangladesh,BGD,2009,1258.791156602384,102126.44718717365,0.2698424413364677,324.67,,0.0123258097316879
Bangladesh,BGD,2010,1624.625085966406,114507.78399782912,0.2810095636213585,350.65,,0.014187900850454
Bangladesh,BGD,2011,1801.5398018135625,123506.29244636724,0.1918391580717367,249.99,,0.0145866236134963
Bangladesh,BGD,2012,1823.4250763778864,128899.24226784604,0.2787212652208368,367.12,,0.0141461271943624
Bangladesh,BGD,2013,2047.989070870336,153505.00363621465,0.7437032328658333,1003.88,,0.0133415134514037
Bangladesh,BGD,2014,2355.991524711525,173061.569701477,0.8771948891594833,1210.68,,0.0136136031169455
Bangladesh,BGD,2015,2815.281640954544,194465.9810646756,1.2864548964646123,1812.48,,0.014476987828623
Bangladesh,BGD,2016,3243.0379609716124,263161.7811580612,1.508253531076026,2147.09,,0.0123233622553412
Bangladesh,BGD,2017,3258.2360744697903,287573.5709272963,1.566525807559984,2281.89,7.9,0.0113300956828662
Bangladesh,BGD,2018,3648.878144761797,310533.95188276743,1.232176761362216,1794.04,8.0,0.0117503355837216
Bangladesh,BGD,2019,4347.805622909335,349266.8582836139,1.5817894656365108,2300.69,8.2,0.0124483772788393
Bangladesh,BGD,2020,4649.682210348269,369244.9829672074,1.2366995304316712,1733.05,8.4,0.0125924045683274
Bangladesh,BGD,2021,4849.144939531103,411913.3349045172,0.9870667016080384,1338.26,8.2,0.011772245588153
Bangladesh,BGD,2022,4290.027254251658,427743.0928534741,0.9720568946632882,1335.4,8.0,0.0100294483439414
Bangladesh,BGD,2023,3687.662512810081,424640.4484905183,0.894540741592523,1248.5700000000002,7.9,0.0086841998352222
Bangladesh,BGD,2024,3747.468058077603,435005.2561513605,0.4220845996278425,604.8,8.0,0.0086147650059052
Bangladesh,BGD,2025,3826.63229958464,472081.2329638543,0.3695833020692984,566.4399999999999,8.4,0.0081058767694703
Barbados,BRB,2004,,,0.0,0.0,,
Barbados,BRB,2005,,,0.0,0.0,,
Barbados,BRB,2006,,,0.0,0.0,,
Barbados,BRB,2007,,,0.0088776824916387,10.0,,
Barbados,BRB,2008,,,0.0170071657141661,20.0,,
Barbados,BRB,2009,,,0.0249338504946377,30.0,,
Barbados,BRB,2010,,,0.0240418848100406,30.0,,
Barbados,BRB,2011,,,0.0230216198334017,30.0,,
Barbados,BRB,2012,,,0.0151842049041641,20.0,,
Barbados,BRB,2013,,,0.0074082881705565,10.0,,
Barbados,BRB,2014,,,0.0,0.0,,
Barbados,BRB,2015,,,0.0,0.0,,
Barbados,BRB,2016,,,0.0,0.0,,
Barbados,BRB,2017,,,0.0,0.0,,
Barbados,BRB,2018,,,0.0,0.0,,
Barbados,BRB,2019,,,0.0,0.0,,
Barbados,BRB,2020,,,0.0,0.0,,
Barbados,BRB,2021,,,0.0,0.0,,
Barbados,BRB,2022,,,0.0,0.0,,
Barbados,BRB,2023,,,0.0,0.0,,
Barbados,BRB,2024,,,0.0,0.0,,
Barbados,BRB,2025,,,0.0,0.0,,
Belarus,BLR,2000,140.32620473339037,10214.1668425097,,,,0.0137383897186186
Belarus,BLR,2001,177.6978417266187,5321.6174242264,,,,0.033391697967174
Belarus,BLR,2002,204.3646177469646,3916.3012001172656,,,,0.0521830695097826
Belarus,BLR,2003,231.56376636434769,2528.23256406167,,,,0.0915911651704756
Belarus,BLR,2004,314.314381503131,3689.084669012375,0.0,0.0,,0.0852011839531126
Belarus,BLR,2005,452.6840683065438,8074.132386463394,0.0060813076981984,5.94,,0.0560659705141182
Belarus,BLR,2006,631.8300105266163,17287.44058551594,0.1403642225180436,145.7,,0.0365484993224495
Belarus,BLR,2007,746.9438440814924,24658.29198440305,0.1293478339031769,145.7,,0.030291791684272
Belarus,BLR,2008,883.0285562494807,30322.48884553489,0.1238972022277005,145.7,,0.0291212426772649
Belarus,BLR,2009,675.4266942093977,26776.07828666843,0.1239378595253459,149.11999999999998,,0.0252250044602568
Belarus,BLR,2010,767.6992858845531,33183.924801848974,0.1147439022367207,143.17999999999998,,0.0231346741070778
Belarus,BLR,2011,756.276844524555,38440.4520670442,0.0601785142445121,78.42,,0.0196739841458037
Belarus,BLR,2012,807.4234242591024,39564.20644586467,0.116478035819843,153.42000000000002,,0.0204079266789766
Belarus,BLR,2013,959.8014200929556,49418.31721272272,0.1692201183918532,228.42,,0.0194219769961299
Belarus,BLR,2014,821.490199261989,44054.59287144862,0.2108432556459259,291.0,,0.0186470954721815
Belarus,BLR,2015,642.4926218603086,36512.880716142674,0.2764435762463791,389.48,,0.0175963279056274
Belarus,BLR,2016,726.9637207570821,40690.79384680312,0.3054173184362251,434.78,,0.0178655575876457
Belarus,BLR,2017,750.8351266382351,47150.9784932589,0.355595159188182,517.98,2.0,0.0159240624613035
Belarus,BLR,2018,923.2736091741558,57421.91178994085,0.4017122616848824,584.89,2.0,0.0160787681983081
Belarus,BLR,2019,899.4382783430419,54657.43944037049,0.5856709753606361,851.8499999999999,1.9,0.0164559168441159
Belarus,BLR,2020,861.2032833587818,54058.5485285968,0.5468794432572169,766.3699999999999,1.9,0.015930936120181
Belarus,BLR,2021,951.248190493072,54486.93268135262,0.5271225020834641,714.67,2.8,0.0174582811635976
Belarus,BLR,2022,1201.4660523209322,73775.17992460303,0.5613457506795627,771.1700000000001,3.7,0.0162855048750651
Belarus,BLR,2023,1397.4429314845297,72478.76037042579,0.5783632147640742,807.26,3.9,0.0192807234056219
Belarus,BLR,2024,1503.7220537912403,75961.87327201376,0.6093288094164506,873.0999999999999,3.7,0.0197957473798273
Belarus,BLR,2025,1938.589500490075,80862.5882689958,0.8651709952402546,1326.0,3.6,0.0239738739754557
Belgium,BEL,2000,3198.7473410195853,236792.4603124689,,,,0.0135086536826322
Belgium,BEL,2001,3038.691861102529,236746.14160438307,,,,0.012835232880713
Belgium,BEL,2002,3161.998538039252,258383.59937517944,,,,0.0122376131677303
Belgium,BEL,2003,3884.4047866667943,318082.5285065987,,,,0.0122119401053057
Belgium,BEL,2004,4270.316652895701,369214.7124432002,0.1550605228737512,150.12,,0.0115659439046667
Belgium,BEL,2005,4229.9069260699,385714.7622300262,0.1199573776090755,117.17,,0.0109664118158571
Belgium,BEL,2006,4311.726359999961,408259.8408688199,0.0988618841098258,102.62,,0.0105612306878485
Belgium,BEL,2007,5170.813641960836,470922.15630945575,0.1996679569194477,224.91,,0.0109801876439276
Belgium,BEL,2008,6321.307004687507,517328.0879200787,0.3361296231747803,395.28,,0.0122191451658895
Belgium,BEL,2009,5643.289678906254,485014.5259924614,0.3882034296345129,467.08,,0.0116353003394252
Belgium,BEL,2010,5249.838000000135,481556.5037200125,0.4036632459605827,503.7000000000001,,0.0109018110220613
Belgium,BEL,2011,5506.574980544796,527196.6490486427,0.395319581905897,515.1500000000001,,0.0104450113453523
Belgium,BEL,2012,5168.704826953126,498414.364944961,0.286882775356825,377.87,,0.010370296665755
Belgium,BEL,2013,5264.659907451038,524097.0265985547,0.1740873637199089,234.99,,0.0100452008698069
Belgium,BEL,2014,5198.423569019514,537987.4191643432,0.1790283850087692,247.09,,0.0096627232976827
Belgium,BEL,2015,4203.944342578127,461044.7675445316,0.1838107038629065,258.97,,0.0091182996500921
Belgium,BEL,2016,4259.363178210245,474271.5667397418,0.1659009340242957,236.17,,0.0089808529056256
Belgium,BEL,2017,4442.245290235342,500908.76735153474,0.1442962016096451,210.19,0.2,0.0088683720065889
Belgium,BEL,2018,4842.740158352856,542638.913427912,0.1120541563266401,163.15,1.2,0.0089244247666661
Belgium,BEL,2019,4760.78924784305,536726.3444054804,0.0500176832276648,72.75,0.5,0.0088700495093388
Belgium,BEL,2020,5328.344848248951,529694.4735017823,0.0790808354995169,110.82,0.8,0.0100592796693224
Belgium,BEL,2021,6240.137875968892,598522.4222418509,0.2669430309849964,361.92,0.4,0.0104259049353499
Belgium,BEL,2022,6898.521628404703,591085.7833262675,0.3819221293185069,524.6800000000001,0.4,0.0116709313994731
Belgium,BEL,2023,7635.702793333476,651330.5951100121,0.3835168704794105,535.3000000000001,0.3,0.0117232367873702
Belgium,BEL,2024,8566.824934062508,671370.0816364068,0.722359268668642,1035.06,0.2,0.0127602125390836
Belgium,BEL,2025,14531.958576811136,723381.0996730771,0.8972136404712117,1375.11,0.3,0.0200889387120822
Belize,BLZ,2000,7.116125,1059.9968040895951,,,,0.0067133457125013
Belize,BLZ,2001,7.4546625,1103.045678144695,,,,0.0067582536677344
Belize,BLZ,2002,7.8299375,1225.25695984581,,,,0.0063904452344309
Belize,BLZ,2003,8.552225,1263.31720480901,,,,0.006769657665901
Belize,BLZ,2004,9.48615,1346.158608052635,0.0006197462944594,0.6,,0.0070468293581859
Belize,BLZ,2005,10.7109625,1403.4710271728698,0.0,0.0,,0.007631766023397
Belize,BLZ,2006,12.2830375,1530.17334502585,0.0,0.0,,0.0080272196218347
Belize,BLZ,2007,13.759075,1651.3214425115498,0.0,0.0,,0.0083321603206904
Belize,BLZ,2008,18.7177375,1736.4830887797846,0.0,0.0,,0.0107791072777753
Belize,BLZ,2009,17.2675375,1616.064285455345,0.0,0.0,,0.0106849323108051
Belize,BLZ,2010,15.33725,1757.7998078669998,0.0,0.0,,0.0087252541110531
Belize,BLZ,2011,15.41625,1762.0492202818898,0.0,0.0,,0.008749046180182
Belize,BLZ,2012,15.219125,1885.21856384632,0.0,0.0,,0.0080728703248864
Belize,BLZ,2013,17.778875,1982.015225832625,0.0,0.0,,0.00897010011239
Belize,BLZ,2014,19.916875,2138.815973576656,0.0,0.0,,0.0093121031664513
Belize,BLZ,2015,19.717625,2069.4381563183897,0.0,0.0,,0.009528008817175
Belize,BLZ,2016,21.7128875,2131.680403542275,0.0014751744990939,2.1,,0.0101858080901429
Belize,BLZ,2017,23.05595,2182.880260258685,0.0014416576591667,2.1,0.2,0.0105621689012239
Belize,BLZ,2018,23.3411625,2295.18681863904,0.0014423152208761,2.1,0.2,0.0101696133449565
Belize,BLZ,2019,24.42495,2362.920779696205,0.0014438094127573,2.1,0.1,0.0103367621165616
Belize,BLZ,2020,26.025325,1888.46295911542,0.0014985540024272,2.1,0.4,0.0137812207935444
Belize,BLZ,2021,26.703375,2367.04373317538,0.0,0.0,0.3,0.0112813188137329
Belize,BLZ,2022,27.8050375,2783.0635507238653,0.0,0.0,0.2,0.0099908022196503
Belize,BLZ,2023,32.4903,3109.31087514811,0.0007164522146075,1.0,0.1,0.0104493572063463
Belize,BLZ,2024,35.1847625,3251.3635323109947,0.0006978912030883,1.0,0.3,0.010821540609146
Belize,BLZ,2025,33.31735,3346.2605169437643,0.0006524668139066,1.0,0.2,0.0099565917929276
Benin,BEN,2000,14.532362820171707,3519.990741336996,,,,0.0041285230240838
Benin,BEN,2001,13.1240173043319,3666.222302086779,,,,0.0035797112730621
Benin,BEN,2002,26.123186509684807,4194.343347070908,,,,0.0062281945820977
Benin,BEN,2003,34.62164012783348,5349.257982990091,,,,0.0064722322680875
Benin,BEN,2004,41.85550566888743,6190.270639287792,0.0070237913372069,6.8,,0.0067614985043211
Benin,BEN,2005,44.72380462871873,6567.654910012315,0.0069617663885099,6.8,,0.0068097068499347
Benin,BEN,2006,46.827718309010336,7034.111112604734,0.0065509726363946,6.8,,0.0066572332394775
Benin,BEN,2007,,,0.0024502403676923,2.76,,
Benin,BEN,2008,64.9865410480413,9787.73433934152,0.0023469888685549,2.76,,0.0066395897962646
Benin,BEN,2009,,,0.003091797461335,3.72,,
Benin,BEN,2010,,,0.003189556718132,3.98,,
Benin,BEN,2011,,,0.0032230267766762,4.199999999999999,,
Benin,BEN,2012,78.21859605329027,11141.358876441678,0.0158978625346598,20.94,,0.0070205615778774
Benin,BEN,2013,86.02760145594219,12517.845450700192,0.0175280098115368,23.66,,0.0068723968349625
Benin,BEN,2014,93.11456705181526,13284.527425011698,0.0164472230349227,22.7,,0.0070092494879796
Benin,BEN,2015,90.93272373237332,11388.152539901268,0.0159273745788455,22.44,,0.0079848529788978
Benin,BEN,2016,79.62631267842744,11821.06585212665,0.0162831166138085,23.18,,0.0067359672701681
Benin,BEN,2017,116.93311073744178,12701.655845972404,0.0025263334217778,3.68,1.5,0.0092061312442598
Benin,BEN,2018,90.26072493931687,14262.408079749765,0.0006593441009719,0.96,1.5,0.0063285754014759
Benin,BEN,2019,68.11785254446762,14391.686309113133,0.0006600271601176,0.96,1.7,0.0047331390555208
Benin,BEN,2020,71.80334420242859,15651.545208878344,0.0014271942880259,2.0,3.5,0.0045876201515041
Benin,BEN,2021,97.4517775716807,17690.083519969652,0.0007670776752442,1.04,4.5,0.0055088364880624
Benin,BEN,2022,109.99428129097664,17401.749398276035,0.0031882650880823,4.38,4.4,0.0063208749174306
Benin,BEN,2023,149.0562296838394,19676.05538643397,0.0114059192565518,15.919999999999998,4.9,0.00757551382919
Benin,BEN,2024,167.31720423996865,21482.654218670694,0.0158421303101058,22.7,5.2,0.0077884791393491
Benin,BEN,2025,216.9137373598404,24370.196308315317,0.0165465584006733,25.36,5.5,0.008900779239346
Bhutan,BTN,2004,,,0.0001136201539842,0.11,,
Bhutan,BTN,2005,,,0.0001126168092258,0.11,,
Bhutan,BTN,2006,,,0.0001059716161769,0.11,,
Bhutan,BTN,2007,,,9.765450740802654e-05,0.11,,
Bhutan,BTN,2008,,,9.353941142791395e-05,0.11,,
Bhutan,BTN,2009,,,0.0,0.0,,
Bhutan,BTN,2010,,,0.0,0.0,,
Bhutan,BTN,2011,,,0.0,0.0,,
Bhutan,BTN,2012,,,0.0,0.0,,
Bhutan,BTN,2013,,,0.0,0.0,,
Bhutan,BTN,2014,,,0.0,0.0,,
Bhutan,BTN,2015,,,0.0006742872482131,0.95,,
Bhutan,BTN,2016,,,0.0013346816896564,1.9,,
Bhutan,BTN,2017,,,0.0013043569297222,1.9,,
Bhutan,BTN,2018,,,0.0013049518665069,1.9,,
Bhutan,BTN,2019,,,0.0013063037543994,1.9,,
Bhutan,BTN,2020,,,0.0006779172868123,0.95,,
Bhutan,BTN,2021,,,0.0033190860948068,4.5,,
Bhutan,BTN,2022,,,0.0032756148165229,4.5,,
Bhutan,BTN,2023,,,0.0032240349657338,4.5,,
Bhutan,BTN,2024,,,0.0031405104138976,4.5,,
Bhutan,BTN,2025,,,0.00293610066258,4.5,,
Bolivia,BOL,2000,173.24542252496144,8397.85820581738,,,,0.0206297151343839
Bolivia,BOL,2001,188.9194785527901,8141.513227192097,,,,0.0232044674350969
Bolivia,BOL,2002,157.3455362468619,7905.485150069734,,,,0.0199033371462944
Bolivia,BOL,2003,173.40647453575255,8082.3964742916,,,,0.0214548339823865
Bolivia,BOL,2004,166.3831417517297,8773.153271625084,0.0256678256955283,24.85,,0.0189650330503014
Bolivia,BOL,2005,163.95886622217037,9549.123115870696,0.0063372549918936,6.19,,0.01717004422633
Bolivia,BOL,2006,167.90998585429662,11451.841200656048,0.0144217735833569,14.970000000000002,,0.0146622698404757
Bolivia,BOL,2007,195.36418093042508,13120.076420952078,0.0146392984287123,16.490000000000002,,0.014890475837354
Bolivia,BOL,2008,365.82631809038566,16674.311166126947,0.0122366557313425,14.39,,0.0219395160882893
Bolivia,BOL,2009,305.420456957265,17340.028490028493,0.0162236253885109,19.520000000000003,,0.0176136075631536
Bolivia,BOL,2010,547.246000161045,19649.715326683745,0.0162603280931908,20.290000000000003,,0.0278500726887325
Bolivia,BOL,2011,403.5692023609766,23963.171607868288,0.0280940500700279,36.61,,0.0168412265690433
Bolivia,BOL,2012,499.8732295672937,27084.49748286165,0.0355158552708399,46.78,,0.0184560643919496
Bolivia,BOL,2013,564.5121075774239,30659.338880417505,0.0335002791072568,45.22,,0.0184124031434345
Bolivia,BOL,2014,625.9096546136035,32996.18801255991,0.0620792101159551,85.68,,0.0189691504477836
Bolivia,BOL,2015,580.6173401505065,33000.19824812924,0.0598554143598057,84.33000000000001,,0.0175943591545975
Bolivia,BOL,2016,519.4580239681621,33941.12620006064,0.0607842140031431,86.53,,0.0153046784866918
Bolivia,BOL,2017,576.2930378683068,37508.64216533661,0.0563550844004746,82.09,1.3,0.0153642735273655
Bolivia,BOL,2018,603.0668521331403,40287.64793047612,0.0564906794843159,82.25,2.8,0.0149690260690781
Bolivia,BOL,2019,593.5019310043415,40895.32284378509,0.0481613568398339,70.05,3.0,0.0145127092717043
Bolivia,BOL,2020,509.9048046816209,36629.84380502156,0.0685410056824454,96.05,2.8,0.0139204744468967
Bolivia,BOL,2021,535.7040015730825,40406.11169517902,0.0507082597817708,68.75,3.3,0.0132579943750687
Bolivia,BOL,2022,428.3110041128798,44008.28287796064,0.0447667358258141,61.5,3.8,0.0097325088847621
Bolivia,BOL,2023,588.7047756874097,45135.39800881664,0.0429871328764517,60.0,3.9,0.013043083736016
Bolivia,BOL,2024,570.9117221418234,46627.12379296787,0.0182149604006063,26.1,4.1,0.0122441977051118
Bolivia,BOL,2025,688.3068017366136,56672.57844581593,6.524668139066777e-05,0.1,3.8,0.0121453235517543
Bosnia and Herzegovina,BIH,2000,,,,,,
Bosnia and Herzegovina,BIH,2001,,,,,,
Bosnia and Herzegovina,BIH,2002,241.02551764292625,6173.219707723622,,,,0.0390437290513679
Bosnia and Herzegovina,BIH,2003,202.2828388913574,8370.216915859266,,,,0.0241669769045156
Bosnia and Herzegovina,BIH,2004,200.10030727037253,10589.543284491734,0.0,0.0,,0.0188960280811559
Bosnia and Herzegovina,BIH,2005,173.3048476524747,11222.810614731168,0.0,0.0,,0.0154421965764077
Bosnia and Herzegovina,BIH,2006,178.3755700513768,12864.858591339713,0.0,0.0,,0.0138653346855638
Bosnia and Herzegovina,BIH,2007,195.04968509447167,15778.76699160252,0.0,0.0,,0.0123615289583956
Bosnia and Herzegovina,BIH,2008,233.29239065308568,19112.73845416417,0.0,0.0,,0.012206120604463
Bosnia and Herzegovina,BIH,2009,242.4713578475591,17613.96095788733,0.0,0.0,,0.0137658621151299
Bosnia and Herzegovina,BIH,2010,219.9154895242223,17176.315783414822,0.0,0.0,,0.0128034144398165
Bosnia and Herzegovina,BIH,2011,211.8782606223435,18644.19377514322,0.0,0.0,,0.0113643026444416
Bosnia and Herzegovina,BIH,2012,197.34465021251995,17226.73597466841,0.0,0.0,,0.01145571920895
Bosnia and Herzegovina,BIH,2013,197.61718882590543,18179.1209972506,0.0,0.0,,0.0108705579799921
Bosnia and Herzegovina,BIH,2014,190.38045464127472,18558.73120404808,0.0,0.0,,0.0102582688734533
Bosnia and Herzegovina,BIH,2015,162.21568188047118,16404.351666811006,0.0,0.0,,0.0098885762250917
Bosnia and Herzegovina,BIH,2016,157.9120105787029,17112.782395038917,0.0,0.0,,0.0092277227006919
Bosnia and Herzegovina,BIH,2017,156.2583020939285,18327.408159031376,0.0003226567141944,0.47,1.2,0.0085259356226498
Bosnia and Herzegovina,BIH,2018,172.07331781494943,20483.763975158046,0.0003228038827675,0.47,2.1,0.0084004735664613
Bosnia and Herzegovina,BIH,2019,165.36920435031482,20483.61726960504,0.0006462765942818,0.94,2.2,0.0080732422488532
Bosnia and Herzegovina,BIH,2020,167.52186588921282,20249.27034169096,0.0008919964300162,1.25,2.1,0.0082729828315988
Bosnia and Herzegovina,BIH,2021,209.7218863361548,23667.073025997583,0.0100678944875806,13.65,2.1,0.008861336004912
Bosnia and Herzegovina,BIH,2022,184.48479933661625,24531.61585366838,0.0095939118403939,13.18,2.1,0.0075202873074921
Bosnia and Herzegovina,BIH,2023,216.8131731471897,27592.36466232527,0.0094428401885272,13.18,2.1,0.0078577235333232
Bosnia and Herzegovina,BIH,2024,216.03776945090792,28343.401055386137,0.0088701971912531,12.71,2.1,0.0076221540607898
Bosnia and Herzegovina,BIH,2025,231.39516775581532,31770.63633382075,0.0090040420319121,13.8,2.0,0.0072833029003416
Botswana,BWA,2000,184.7183946121188,5788.289937787416,,,,0.0319124295081057
Botswana,BWA,2001,210.32209355675928,5489.685454668627,,,,0.0383122303260369
Botswana,BWA,2002,223.5492588261323,5438.88146243538,,,,0.0411020648951656
Botswana,BWA,2003,301.01435777879686,7511.525364991808,,,,0.0400736658870518
Botswana,BWA,2004,314.0388971401418,8957.506557175919,0.0945836136394177,91.57,,0.0350587404134874
Botswana,BWA,2005,283.83574510552114,9931.25715459802,0.0388732749664299,37.97,,0.0285800418504025
Botswana,BWA,2006,272.9342747538366,9908.502719662763,0.0219553921152107,22.79,,0.0275454609516548
Botswana,BWA,2007,306.4514027125734,10567.236221913476,0.0189538521196487,21.35,,0.0290001468952761
Botswana,BWA,2008,332.40025428967346,10730.825972803836,0.0086311365999393,10.15,,0.030976203987662
Botswana,BWA,2009,330.1472787394796,10118.462070089096,0.0083112834982125,10.0,,0.0326282073750534
Botswana,BWA,2010,348.67272529225954,12637.282732459898,0.0160279232066937,20.0,,0.0275907988033428
Botswana,BWA,2011,363.3244811530452,15110.628143025691,0.0153477465556011,20.0,,0.0240443003238576
Botswana,BWA,2012,326.87416165079,13946.4992372567,0.0197394663754133,26.0,,0.0234377212582192
Botswana,BWA,2013,306.43857357680935,14271.735529119374,0.0251881797798923,34.0,,0.021471710497407
Botswana,BWA,2014,346.2813216603379,15654.691170053742,0.0173891344862619,24.0,,0.0221199714449013
Botswana,BWA,2015,383.7398775429587,13582.777315820658,0.0099368647105096,14.0,,0.0282519449903661
Botswana,BWA,2016,514.4634492296966,15083.973766101664,0.0131360776824081,18.7,,0.0341066258273303
Botswana,BWA,2017,522.4304555156215,16081.81374556526,0.0087185963197225,12.7,0.3,0.0324857919499091
Botswana,BWA,2018,498.0874323546544,17030.03073061058,0.0067445406995256,9.82,0.1,0.0292475944543874
Botswana,BWA,2019,514.7209302325581,16705.08829953488,0.0117498585066775,17.09,0.1,0.0308122244554007
Botswana,BWA,2020,499.02747951960544,14964.29537103867,0.0662503588501638,92.84,0.2,0.0333478768726661
Botswana,BWA,2021,536.6304009054821,17620.035657376848,0.0769954216526408,104.39,0.4,0.0304556932426419
Botswana,BWA,2022,512.7276890548216,20364.253719952987,0.084176021640604,115.64,0.5,0.0251778285669485
Botswana,BWA,2023,349.6405906963012,19396.1139175492,0.0800778640266835,111.77,0.5,0.0180263217767531
Botswana,BWA,2024,519.3692951972763,19402.063035956096,0.0807460121973237,115.7,0.6,0.0267687665087354
Botswana,BWA,2025,614.3535162293174,19768.015248023763,0.0260660492155717,39.95,0.6,0.0310781587590456
Brazil,BRA,2000,11344.032534901771,655449.3068514664,,,,0.0173072614713626
Brazil,BRA,2001,10930.231568374596,559984.1114690101,,,,0.0195188244532532
Brazil,BRA,2002,9664.561903326989,509795.7974901622,,,,0.0189577119915616
Brazil,BRA,2003,8392.90588403499,558232.8386941557,,,,0.0150347763554506
Brazil,BRA,2004,9780.111585165738,669289.1959859974,1.1109055619234487,1075.51,,0.014612684089062
Brazil,BRA,2005,13588.61973636106,891633.838456451,1.2408529556179202,1212.02,,0.0152401346273319
Brazil,BRA,2006,16404.867307488978,1107625.0040223782,0.7869548555134815,816.87,,0.0148108495636286
Brazil,BRA,2007,20485.758014647723,1397113.0319558715,0.6960990841693966,784.1,,0.0146629209992901
Brazil,BRA,2008,24452.90303582238,1695852.3151758402,0.7244457343434796,851.9300000000001,,0.0144192408837717
Brazil,BRA,2009,25648.809910824584,1666994.793516152,0.7496777715387742,902.0,,0.0153862567601211
Brazil,BRA,2010,34002.94447002382,2208833.9785019583,0.749377535567364,935.09,,0.0153940698128361
Brazil,BRA,2011,36936.20989580531,2616154.660067072,0.7582554185794754,988.1,,0.0141185115924523
Brazil,BRA,2012,33987.00507406289,2465226.5407793885,0.8484098569177188,1117.49,,0.0137865646470436
Brazil,BRA,2013,32874.78723058871,2472818.388842766,0.8564870119743865,1156.12,,0.0132944608382556
Brazil,BRA,2014,32660.23936945255,2455205.885522268,0.8853967642588367,1222.0,,0.01330244423168
Brazil,BRA,2015,24617.70168306547,1802811.6023035788,0.8286209526883868,1167.44,,0.013655171539616
Brazil,BRA,2016,24224.7469014667,1797120.827867783,0.7358521633504275,1047.53,,0.0134797541299482
Brazil,BRA,2017,29261.83309666932,2069404.8584529087,0.5669902272773301,825.9100000000001,7.8,0.0141402166797586
Brazil,BRA,2018,28177.406872263666,1917250.7292980717,0.596019594607774,867.8,7.8,0.014696777235067
Brazil,BRA,2019,25906.871196754564,1873511.9168357,0.5444536542678731,791.8999999999999,8.0,0.0138279724638797
Brazil,BRA,2020,19591.20900446342,1476731.418591112,0.517215209980598,724.8,8.1,0.0132666026860555
Brazil,BRA,2021,19187.122475449323,1669842.829349639,0.6298150258567872,853.9000000000001,8.2,0.0114903763026141
Brazil,BRA,2022,20542.063567371617,1951923.9073813364,0.8932383230337084,1227.12,8.2,0.0105240083845944
Brazil,BRA,2023,21788.291072488297,2191131.735986991,0.832316866753859,1161.72,8.3,0.0099438526285932
Brazil,BRA,2024,20963.641605747773,2185821.726575293,1.0371082012614945,1486.06,8.2,0.0095907371360029
Brazil,BRA,2025,23949.869705559584,2271220.8562742067,1.183072400980005,1813.23,8.1,0.0105449320964971
Brunei,BRN,2000,244.205201976844,6001.299334091279,,,,0.0406920549004446
Brunei,BRN,2001,217.66793918692653,5600.763512155918,,,,0.038863976083707
Brunei,BRN,2002,226.18243148906228,5843.325384370515,,,,0.0387078275829112
Brunei,BRN,2003,243.3732450148664,6557.4165700444255,,,,0.0371141961800388
Brunei,BRN,2004,199.38114931104053,7872.183075676091,0.0064763487771011,6.269999999999999,,0.0253273008763095
Brunei,BRN,2005,248.58807978851237,10580.793200512797,0.0071562863317183,6.989999999999998,,0.0234942763815159
Brunei,BRN,2006,293.4364635320625,12736.161072917625,0.0032080498351756,3.33,,0.0230396319465549
Brunei,BRN,2007,323.1371508194546,13576.322757829874,0.0024236073202173,2.73,,0.0238015224434091
Brunei,BRN,2008,361.98903448421856,16004.520992513462,0.0020918813828424,2.46,,0.0226179236887844
Brunei,BRN,2009,349.75972280467766,11892.252859761851,0.0290562471097511,34.959999999999994,,0.0294107203176036
Brunei,BRN,2010,390.7195400107077,13707.11098013583,0.0537255985888375,67.03999999999999,,0.0285048790060088
Brunei,BRN,2011,415.3715289647113,18524.83525092169,0.2263792616951171,295.0,,0.0224224141990166
Brunei,BRN,2012,411.2614739470378,19048.397607814768,0.239151227240585,315.0,,0.0215903448896044
Brunei,BRN,2013,412.0942797541501,18094.090252430284,0.244103095219839,329.5,,0.0227750759504916
Brunei,BRN,2014,527.785180451652,17097.795711076582,0.3028245316055489,417.95,,0.0308686095781185
Brunei,BRN,2015,424.0220391672654,12930.298313952226,0.2990996277863412,421.4,,0.0327929046083748
Brunei,BRN,2016,403.366488712977,11396.51464448486,0.1348730970600193,192.0,,0.0353938463904119
Brunei,BRN,2017,346.7068044215495,12100.916355524276,0.1180786273222273,172.0,0.1,0.0286512850957168
Brunei,BRN,2018,357.7087675037257,13566.982994049147,0.1081736415657114,157.5,0.1,0.026366124853302
Brunei,BRN,2019,414.72873900293257,13471.397930092964,0.0249229005773587,36.25,0.1,0.030785872494828
Brunei,BRN,2020,436.5482233502538,12011.920097310443,0.0,0.0,0.1,0.0363429176862407
Brunei,BRN,2021,453.3377986157625,14007.611963830246,0.0,0.0,0.1,0.0323636748209722
Brunei,BRN,2022,435.85735115960216,16687.17565355766,0.0,0.0,0.2,0.0261193002463948
Brunei,BRN,2023,449.2324948451928,15095.089168911109,0.0080242648036043,11.2,0.1,0.0297601749693803
Brunei,BRN,2024,560.2667337424988,15340.805417525567,0.0273573351610638,39.2,0.1,0.0365213376021601
Brunei,BRN,2025,,,0.0255766991051417,39.2,0.1,
Bulgaria,BGR,2000,351.3432048528692,13245.959082174748,,,,0.0265245576158902
Bulgaria,BGR,2001,406.0035428043081,14183.4330414563,,,,0.0286251954387639
Bulgaria,BGR,2002,455.9504665427689,16403.004362102667,,,,0.0277967655484011
Bulgaria,BGR,2003,569.0540774513764,21144.98239741444,,,,0.0269120147161228
Bulgaria,BGR,2004,620.9090158782561,26157.72676194044,0.0158551760332539,15.35,,0.0237371168194049
Bulgaria,BGR,2005,667.6703957106465,29868.714782133626,0.1508553349039624,147.35,,0.0223535026726366
Bulgaria,BGR,2006,715.7195354236277,34380.47034830402,0.1629072754138721,169.1,,0.0208176190777138
Bulgaria,BGR,2007,990.1682936216368,44431.25712886183,0.1927344868934778,217.1,,0.0222853990097534
Bulgaria,BGR,2008,1161.451477803039,54480.56195405049,0.2821743899465881,331.83,,0.0213186398257532
Bulgaria,BGR,2009,904.9612921112684,52023.875196383,0.3637266997322769,437.63,,0.0173951150062382
Bulgaria,BGR,2010,832.5492930099703,50689.12000216599,0.2510774170328579,313.3,,0.0164246152423714
Bulgaria,BGR,2011,757.9312600429447,57681.21098360422,0.2459860079198976,320.55,,0.0131400025609445
Bulgaria,BGR,2012,722.0524949903091,54297.05200223383,0.2107188035575376,277.54999999999995,,0.0132981896505284
Bulgaria,BGR,2013,811.6343302320216,55819.148734026894,0.1192512146814491,160.97,,0.0145404283053363
Bulgaria,BGR,2014,747.5325321364387,57080.88410532397,0.0301918847517722,41.67,,0.0130960223173333
Bulgaria,BGR,2015,632.5096350034006,50765.91815914758,0.0269714899285262,38.0,,0.0124593360652027
Bulgaria,BGR,2016,670.5928583597237,53912.860743681376,0.0063221764246884,9.0,,0.0124384580804927
Bulgaria,BGR,2017,720.0379708542399,58912.85673304612,0.002746014588889,4.0,0.2,0.0122220854798634
Bulgaria,BGR,2018,961.2972745944962,66093.49023324787,0.0027472670873831,4.0,0.2,0.0145445076542639
Bulgaria,BGR,2019,2158.5575271894672,68509.37836290782,0.0041251697507352,6.0,0.1,0.0315074750168532
Bulgaria,BGR,2020,1118.6638182171318,70486.86385705977,0.0328254686245964,46.0,0.1,0.0158705290177992
Bulgaria,BGR,2021,1275.2641683421264,84374.61323336004,0.034754519286066,47.12,0.1,0.0151143112776712
Bulgaria,BGR,2022,1436.4497327712547,90506.16951217904,0.0366286527927637,50.32,0.1,0.0158712907696083
Bulgaria,BGR,2023,1991.1920249129407,102199.2502165144,0.0360518754390508,50.32,0.1,0.0194834308538907
Bulgaria,BGR,2024,2192.66989642346,113343.37667845216,0.0337221029332297,48.32,0.5,0.0193453729779369
Bulgaria,BGR,2025,2589.155424306569,129046.46287701406,0.3553464761898547,544.62,0.5,0.0200637457748386
Burkina Faso,BFA,2000,36.65853905187815,2960.998846685534,,,,0.0123804638062972
Burkina Faso,BFA,2001,36.83296523104501,3187.579950670633,,,,0.0115551502396969
Burkina Faso,BFA,2002,42.46844995896629,3605.330581754535,,,,0.0117793497700005
Burkina Faso,BFA,2003,50.757054370268406,4730.143226407879,,,,0.0107305533766709
Burkina Faso,BFA,2004,65.68424240703409,5441.9162089815545,0.0,0.0,,0.0120700576570117
Burkina Faso,BFA,2005,73.8433421553535,6143.910365369047,0.0121626153963968,11.88,,0.0120189484813419
Burkina Faso,BFA,2006,72.63286733347358,6541.60510194605,0.0152695465127727,15.85,,0.0111032179719723
Burkina Faso,BFA,2007,107.81672846242284,7615.646547378414,0.0176221997459029,19.85,,0.0141572652816374
Burkina Faso,BFA,2008,116.99958687375086,9413.339770799856,0.0168796119713099,19.85,,0.0124291260830383
Burkina Faso,BFA,2009,127.33329662463522,9412.81736928344,0.0189912827934157,22.85,,0.0135276497598007
Burkina Faso,BFA,2010,123.70047468386376,10099.762355207287,0.0088874834181116,11.09,,0.0122478599330691
Burkina Faso,BFA,2011,138.85086020183698,12064.484408709252,0.0178954724838309,23.32,,0.0115090587793044
Burkina Faso,BFA,2012,147.72969891896022,12561.745020341728,0.0170974147220888,22.52,,0.0117602847916221
Burkina Faso,BFA,2013,166.13634523520363,13440.470407254474,0.0166834649600934,22.52,,0.0123609025726905
Burkina Faso,BFA,2014,177.16697177629396,13924.47772889402,0.014143162715493,19.52,,0.0127234195224904
Burkina Faso,BFA,2015,147.9347366641305,11827.39031194522,0.0172901445962868,24.36,,0.0125078088033268
Burkina Faso,BFA,2016,149.46736322745178,12826.14649848641,0.0102981229317702,14.66,,0.0116533335437179
Burkina Faso,BFA,2017,191.0658387643044,14011.563264398488,0.0093089894563337,13.56,3.8,0.0136362970468667
Burkina Faso,BFA,2018,305.7810790579835,15881.55877526343,0.0259891466466445,37.84,4.7,0.0192538455062898
Burkina Faso,BFA,2019,357.9215575177743,16176.864714612891,0.0307050135113059,44.66,5.2,0.0221255208491949
Burkina Faso,BFA,2020,382.4646773604908,18089.92115725326,0.0304135102778326,42.620000000000005,5.6,0.021142418147419
Burkina Faso,BFA,2021,458.2790984448859,19638.04747190302,0.0455968671957683,61.82000000000001,6.5,0.0233362863136248
Burkina Faso,BFA,2022,562.583349170273,18868.40597663942,0.052067717294642,71.53,6.9,0.0298161566942536
Burkina Faso,BFA,2023,827.153018861823,20279.761720124097,0.0471640492876136,65.83,8.1,0.040787117239204
Burkina Faso,BFA,2024,1023.7763901984332,23316.908262009056,0.0671790072092859,96.26,9.0,0.0439070385616476
Burkina Faso,BFA,2025,891.5560294421132,27014.39879079221,0.0832808641270483,127.64,9.2,0.0330029935645281
Burundi,BDI,2000,42.32155221577609,870.3836161809129,,,,0.0486240221311557
Burundi,BDI,2001,53.230373106377655,876.6909983249053,,,,0.0607173715802774
Burundi,BDI,2002,44.91006705352356,825.2980047839728,,,,0.0544167885941746
Burundi,BDI,2003,43.41320130793815,784.5614568904159,,,,0.0553343538949835
Burundi,BDI,2004,44.87237714597148,915.1526641149514,0.0049579703556754,4.8,,0.0490326684339249
Burundi,BDI,2005,49.55712938478892,1117.110153664084,0.0049141880389482,4.8,,0.0443619004108441
Burundi,BDI,2006,44.717502041451176,1273.3794766108022,0.0032754863181973,3.4,,0.0351171845179021
Burundi,BDI,2007,46.308706221634765,1356.198988787932,0.0,0.0,,0.0341459524778306
Burundi,BDI,2008,43.85631994872184,1611.836989432314,0.0,0.0,,0.027208905265394
Burundi,BDI,2009,,,0.001097089421764,1.32,,
Burundi,BDI,2010,,,0.0028529703307914,3.5600000000000005,,
Burundi,BDI,2011,,,0.002731898886897,3.5600000000000005,,
Burundi,BDI,2012,58.96666227617139,2333.300982315547,0.0066886422602843,8.81,,0.025271777075949
Burundi,BDI,2013,60.8595000932422,2451.626593959192,0.0065267018782603,8.81,,0.0248241311475409
Burundi,BDI,2014,62.17742874014547,2705.783330387964,0.0054268590542542,7.49,,0.0229794559090695
Burundi,BDI,2015,66.16458443559236,3104.3947922840707,0.004720010737492,6.65,,0.0213131991459473
Burundi,BDI,2016,66.4628430779874,2962.906284024171,0.006736630212529,9.59,,0.0224316386368179
Burundi,BDI,2017,63.908678432008834,3191.110122801109,0.0029794258289445,4.34,7.9,0.0200270990259373
Burundi,BDI,2018,65.43659526279552,3044.3844604010774,0.0029807847898107,4.34,7.6,0.0214941956621913
Burundi,BDI,2019,84.68941391820168,3012.9378322059406,0.0043589293699435,6.34,7.9,0.0281085832614726
Burundi,BDI,2020,67.47409271629704,3089.8278903070595,0.003525169891424,4.94,8.2,0.0218374922849154
Burundi,BDI,2021,68.37639713578308,3351.6955208908576,0.0014751493754696,2.0,8.7,0.0204005395805192
Burundi,BDI,2022,101.434221215165,3908.035040751289,0.0014558288073435,2.0,8.9,0.0259552998264992
Burundi,BDI,2023,145.16802165114814,4235.703416134259,0.001432904429215,2.0,8.0,0.0342724708009978
Burundi,BDI,2024,171.82978457825809,4825.162606985514,0.0,0.0,8.3,0.0356111904559435
Burundi,BDI,2025,226.61547353087303,6989.13878369846,0.0,0.0,8.2,0.032423948149296
Cambodia,KHM,2000,81.02584130703639,3706.913297214607,,,,0.0218580351927625
Cambodia,KHM,2001,70.84694088598255,4153.785116680923,,,,0.0170559956511647
Cambodia,KHM,2002,65.18271609987525,4506.888564019806,,,,0.0144629083177812
Cambodia,KHM,2003,67.52522443391311,5053.895189699773,,,,0.013361025881885
Cambodia,KHM,2004,69.21879863056333,5883.370403524108,0.0,0.0,,0.0117651607638202
Cambodia,KHM,2005,70.95907147220525,7066.2964633478805,0.0,0.0,,0.0100419041063819
Cambodia,KHM,2006,75.88131359288369,8350.531016666131,0.0131019452727892,13.6,,0.009087004579881
Cambodia,KHM,2007,79.01542588205129,10127.908137666664,0.0617886701418058,69.6,,0.0078017518334497
Cambodia,KHM,2008,82.63072342797662,12174.293990392112,0.0591849366852983,69.6,,0.0067873113211483
Cambodia,KHM,2009,136.5897379527605,12502.911237103495,0.0611710465468445,73.6,,0.0109246347000703
Cambodia,KHM,2010,167.8579279890655,13808.662290403689,0.0864225619304928,107.84,,0.0121559876300051
Cambodia,KHM,2011,192.15941850437355,16032.622023823238,0.0723185817699926,94.24,,0.0119855266480329
Cambodia,KHM,2012,217.3057277460947,17826.536699807708,0.0880076516245353,115.92000000000002,,0.0121900137646163
Cambodia,KHM,2013,243.47010987646655,19807.135252859098,0.1363717686436054,184.08,,0.0122920405585316
Cambodia,KHM,2014,277.9740681114551,22041.46396790658,0.1304764724285853,180.08,,0.0126114158531483
Cambodia,KHM,2015,325.1920594923484,24174.17036906337,0.1035137392414807,145.84,,0.0134520463175236
Cambodia,KHM,2016,382.2965906536577,26556.545154314685,0.1024473566418397,145.84,,0.0143955694700575
Cambodia,KHM,2017,458.4816264475306,29355.66591038505,0.0467920885946686,68.16,4.1,0.0156181647470424
Cambodia,KHM,2018,542.6530316110102,33145.89216659167,0.0031936979890829,4.65,3.6,0.0163716525982655
Cambodia,KHM,2019,595.0133870823203,36685.35640650357,0.0037126527756617,5.4,3.4,0.0162193704891152
Cambodia,KHM,2020,619.7982801088503,34818.07390141731,0.00385342457767,5.4,3.2,0.0178010501633067
Cambodia,KHM,2021,626.0242832458104,36790.16368690598,0.0299455323220348,40.6,2.6,0.0170160776824327
Cambodia,KHM,2022,616.6691004225859,39994.532961324345,0.0570684892478671,78.4,3.0,0.0154188348947322
Cambodia,KHM,2023,667.9170363864883,43233.74011934569,0.0926014487380231,129.25,2.6,0.0154489765295049
Cambodia,KHM,2024,720.5829460204235,47335.95555435935,0.0896790195968547,128.5,2.7,0.0152227400415087
Cambodia,KHM,2025,738.9502177180358,50957.77321762846,0.083841985587008,128.5,2.5,0.014501226624683
Cameroon,CMR,2000,123.0343438542872,9287.371148637105,,,,0.0132474886472413
Cameroon,CMR,2001,124.30170836749478,9633.102779019726,,,,0.0129036003475656
Cameroon,CMR,2002,145.6266105011851,10879.781506127436,,,,0.0133850675603337
Cameroon,CMR,2003,188.49965588437712,13621.816930488643,,,,0.013838069976001
Cameroon,CMR,2004,221.10792469973595,15775.351042273694,0.0164026185933597,15.88,,0.0140160383187179
Cameroon,CMR,2005,223.0846231430153,19502.098206312807,0.0211719601344685,20.68,,0.0114390062434822
Cameroon,CMR,2006,256.9278433322496,20891.94249175008,0.0168398531888497,17.48,,0.0122979394296967
Cameroon,CMR,2007,296.69891730496784,23896.63271279829,0.0067470386936454,7.6,,0.0124159299291596
Cameroon,CMR,2008,346.5861256573732,27603.43114257188,0.0069729379428081,8.2,,0.0125559074111929
Cameroon,CMR,2009,343.2651539859293,27821.011688378738,0.0068152524685343,8.2,,0.0123383418917622
Cameroon,CMR,2010,354.0543978420157,27480.690731342664,0.0107387085484848,13.4,,0.0128837517696818
Cameroon,CMR,2011,347.477885670932,30590.83401609694,0.0081343056744686,10.6,,0.0113588889236589
Cameroon,CMR,2012,354.4474631116474,30156.795223776997,0.0149564418306016,19.7,,0.0117534857560787
Cameroon,CMR,2013,392.8406308989168,33719.035009832056,0.1173102431807633,158.35,,0.0116504114303499
Cameroon,CMR,2014,401.5291181013931,36338.14685071942,0.204575921758169,282.35,,0.0110497962306914
Cameroon,CMR,2015,353.81549455348926,32197.281958350337,0.2003200948033675,282.23,,0.0109889864309408
Cameroon,CMR,2016,387.43783087299033,33795.32464553689,0.2146238403372277,305.53000000000003,,0.0114642434992603
Cameroon,CMR,2017,408.1575751355605,35854.441422486794,0.2089373850320923,304.35,7.8,0.0113837382188187
Cameroon,CMR,2018,429.8921805723498,39952.440332239305,0.1149593912715478,167.38,8.0,0.0107600981816735
Cameroon,CMR,2019,422.2947719802443,39667.79530273501,0.0325750904649726,47.38,8.6,0.0106457837839837
Cameroon,CMR,2020,393.299390063774,40781.460371522415,0.0283868943888358,39.78,8.9,0.0096440732254506
Cameroon,CMR,2021,443.3368320056768,44999.277069249554,0.0150022691485268,20.34,9.0,0.0098520878751768
Cameroon,CMR,2022,416.6380216402023,44353.724878664536,0.0105693171413141,14.519999999999998,9.2,0.0093935294674792
Cameroon,CMR,2023,456.5690918880268,49279.415915191465,0.0104172152003934,14.54,9.2,0.0092649046951727
Cameroon,CMR,2024,534.9064324881023,53296.73888365128,0.0073557732805513,10.54,9.2,0.0100363820318504
Cameroon,CMR,2025,627.4678406823966,59290.91117261001,0.0053893758828691,8.26,9.2,0.0105828672265752
Canada,CAN,2000,8299.38523072365,744773.7878002303,,,,0.0111434980213747
Canada,CAN,2001,8375.571424881842,739006.0435445132,,,,0.0113335628281331
Canada,CAN,2002,8495.399281217342,760644.1006295719,,,,0.0111686914736942
Canada,CAN,2003,9958.245601513152,895576.1750115986,,,,0.0111193730688337
Canada,CAN,2004,11336.489831055633,1026679.835821125,2.012212927060716,1948.1,,0.0110418939142686
Canada,CAN,2005,12988.13296362316,1173161.3520829205,1.5612273020821006,1524.95,,0.011071054242081
Canada,CAN,2006,14809.892802990233,1319337.7763672906,1.0618741292264129,1102.24,,0.0112252472932051
Canada,CAN,2007,17417.13993110511,1468821.3387952703,1.031089555308894,1161.44,,0.0118579022996702
Canada,CAN,2008,19342.058404558404,1552932.411156095,1.228504111779937,1444.69,,0.0124551836677547
Canada,CAN,2009,18936.22605196396,1374625.1421572918,1.003994735300581,1207.99,,0.0137755563107525
Canada,CAN,2010,19315.688825036887,1617271.1035179,1.077348914184335,1344.34,,0.0119433833839121
Canada,CAN,2011,21393.72086372231,1792832.1598818027,1.2300528215719329,1602.91,,0.0119329189549638
Canada,CAN,2012,20452.107110974117,1828685.892945072,1.0117007964570996,1332.57,,0.0111840459807103
Canada,CAN,2013,18515.731209943675,1847200.4272674304,0.8227570759338424,1110.59,,0.0100236720047396
Canada,CAN,2014,19686.094098901645,1803534.113917995,0.958090591884114,1322.33,,0.0109152879044442
Canada,CAN,2015,18221.57823475253,1556128.742617224,1.0559480262228182,1487.72,,0.0117095570152544
Canada,CAN,2016,17461.037063332555,1527517.8329399144,0.9678409149341326,1377.78,,0.0114309873749404
Canada,CAN,2017,21371.611227442158,1647293.0365249324,1.046574810190323,1524.5,0.2,0.0129737762217018
Canada,CAN,2018,21586.50049054538,1724952.966433943,1.036035627658496,1508.46,0.2,0.0125142545394567
Canada,CAN,2019,21276.66564807837,1743453.6548605878,0.9488852966299564,1380.14,0.2,0.0122037460466821
Canada,CAN,2020,23457.917015287097,1655873.9746457865,0.8709453142678255,1220.5,0.2,0.0141664869274275
Canada,CAN,2021,24698.52410287081,2022183.4130781493,0.9818668000595075,1331.21,0.2,0.0122137902739865
Canada,CAN,2022,25122.741481581303,2200567.394917617,0.8672226622464791,1191.38,0.2,0.0114164835576516
Canada,CAN,2023,28878.130615249374,2196593.836347417,0.7728799910300183,1078.76,0.2,0.0131467775869156
Canada,CAN,2024,30617.562312508773,2270076.189683472,0.7601710140519696,1089.24,0.1,0.0134874602234288
Canada,CAN,2025,37494.2446423716,2303868.2986890925,0.6027096946781546,923.74,0.2,0.0162744739635099
Cape Verde,CPV,2000,6.801072798215346,589.3344959400262,,,,0.0115402591313905
Cape Verde,CPV,2001,4.638556172298504,615.5072495007604,,,,0.0075361519723136
Cape Verde,CPV,2002,4.520858937593883,679.3377663495723,,,,0.0066548029000165
Cape Verde,CPV,2003,5.782831642835941,891.3757103461869,,,,0.006487535587648
Cape Verde,CPV,2004,6.452150491624591,1022.5627544393016,0.0009089612318738,0.88,,0.0063097843761799
Cape Verde,CPV,2005,7.082416547592599,1090.4459917666434,0.0,0.0,,0.0064949723334012
Cape Verde,CPV,2006,6.985154839495021,1236.8771284593524,0.0,0.0,,0.0056474120822297
Cape Verde,CPV,2007,7.943659594327234,1650.596903958673,0.0,0.0,,0.0048125981426935
Cape Verde,CPV,2008,10.758715968038684,1961.1175700897336,0.0,0.0,,0.0054860127368836
Cape Verde,CPV,2009,8.402927292632258,1867.6970058115,0.0012633150917283,1.52,,0.004499084844322
Cape Verde,CPV,2010,8.239369291894672,1825.1873675815648,0.0012181221637087,1.52,,0.0045142594334367
Cape Verde,CPV,2011,9.757536562397176,2045.6202149935768,0.0011664287382256,1.52,,0.0047699648697633
Cape Verde,CPV,2012,9.736385838662166,1924.1499771621395,0.0087461020247985,11.52,,0.00506009716198
Cape Verde,CPV,2013,9.815671634547035,2029.4395018619384,0.0085343479724811,11.52,,0.0048366416567438
Cape Verde,CPV,2014,10.04886206990117,2039.9797240966268,0.0072454727026091,10.0,,0.0049259617393261
Cape Verde,CPV,2015,8.922219455087319,1749.1494173383746,0.0070977605075069,10.0,,0.0051008903908643
Cape Verde,CPV,2016,10.171216502213984,1849.1505750591552,0.007024640471876,10.0,,0.0055004804040301
Cape Verde,CPV,2017,9.354384166281616,1988.1011014534572,0.0,0.0,0.1,0.0047051853446702
Cape Verde,CPV,2018,10.714071127336044,2205.010784979518,0.0,0.0,0.1,0.0048589654074801
Cape Verde,CPV,2019,9.728061089786552,2252.5700054834588,0.0020900860070391,3.04,0.1,0.0043186498382316
Cape Verde,CPV,2020,11.279268103581954,1822.7094329870265,0.0021693353177994,3.04,0.1,0.0061881877053204
Cape Verde,CPV,2021,11.213723429355868,2051.316509727376,0.0022422270507139,3.04,0.1,0.0054665983412019
Cape Verde,CPV,2022,10.250668273218633,2247.5543069760624,0.0022128597871621,3.04,0.1,0.0045608100509082
Cape Verde,CPV,2023,14.353938320532244,2504.5255487115865,0.0021780147324068,3.04,0.0,0.0057312005972214
Cape Verde,CPV,2024,16.82986656200942,2725.467925824176,0.0,0.0,0.0,0.0061750374688119
Cape Verde,CPV,2025,20.076627568532565,3053.405706326634,0.0,0.0,0.0,0.0065751588552199
Central African Republic,CAF,2000,,,,,,
Central African Republic,CAF,2001,,,,,,
Central African Republic,CAF,2002,10.681962960624858,982.7414532244456,,,,0.0108695556960343
Central African Republic,CAF,2003,15.018926359256708,1188.3430832759805,,,,0.0126385440119305
Central African Republic,CAF,2004,15.103589918320605,1309.8384394786906,0.0,0.0,,0.0115308800406955
Central African Republic,CAF,2005,15.396194650670752,1412.8060849188955,0.0,0.0,,0.0108975993344158
Central African Republic,CAF,2006,,,0.0088630806257103,9.2,,
Central African Republic,CAF,2007,19.11251974369193,1754.92783771885,0.0081674678923076,9.2,,0.010890772448248
Central African Republic,CAF,2008,31.511483793168903,2033.1550563303224,0.0081464323770856,9.58,,0.0154988099383057
Central African Republic,CAF,2009,35.99238435701186,2059.095356490875,0.0079622095912876,9.58,,0.0174797074081845
Central African Republic,CAF,2010,51.58527450295492,2140.503193162614,0.0076773752160063,9.58,,0.0240996017514634
Central African Republic,CAF,2011,49.874328728918805,2434.792928500888,0.0055098410134608,7.18,,0.0204840124780659
Central African Republic,CAF,2012,42.74602518573944,2510.270759430941,0.0054511295605949,7.18,,0.0170284520206217
Central African Republic,CAF,2013,47.92324144890871,1691.0653725906643,0.0050376359559784,6.8,,0.028339082702339
Central African Republic,CAF,2014,38.40700992145633,1892.2930922268824,0.0049269214377742,6.8,,0.0202965439546462
Central African Republic,CAF,2015,26.703885622839135,1695.1438580710103,0.0048264771451046,6.8,,0.0157531677890906
Central African Republic,CAF,2016,26.83299882019353,1823.342394572784,0.0,0.0,,0.0147163796004867
Central African Republic,CAF,2017,27.516264177935216,2049.327293163936,0.0,0.0,8.4,0.0134269739488284
Central African Republic,CAF,2018,30.517648413658087,2277.45508723441,0.0011538521767009,1.68,8.2,0.0133998903358031
Central African Republic,CAF,2019,40.7776666587025,2278.2093597152016,0.0011550475302058,1.68,8.6,0.0178989988276582
Central African Republic,CAF,2020,44.34809807635498,2385.6239247919093,0.0020551597747573,2.88,8.4,0.0185897272472329
Central African Republic,CAF,2021,55.51501209693412,2582.996506131397,0.0344004834359533,46.64000000000001,8.3,0.0214924843936703
Central African Republic,CAF,2022,42.00180265646586,2455.007866599381,0.0352601737138607,48.440000000000005,8.2,0.0171086224316852
Central African Republic,CAF,2023,62.52702181344471,2630.2729398615625,0.0643087507831718,89.76,8.3,0.0237720659578148
Central African Republic,CAF,2024,71.18166075698853,2736.2647975591653,0.0626427143892115,89.76,8.2,0.0260141711505716
Central African Republic,CAF,2025,74.18552658732888,3181.015890486345,0.0577824610395753,88.56,8.2,0.0233213316567201
Chad,TCD,2000,21.34903423710912,2135.744744204861,,,,0.0099960607628967
Chad,TCD,2001,26.192330830965336,2635.7915472437344,,,,0.0099371784003006
Chad,TCD,2002,34.29040385200319,3064.8906437413552,,,,0.0111881329019114
Chad,TCD,2003,40.949759119064005,4219.012388162423,,,,0.0097060058970103
Chad,TCD,2004,50.54090121809251,6807.473238876743,0.016485251432621,15.96,,0.0074243260964228
Chad,TCD,2005,55.491517968862574,9088.18923612428,0.0163396752295028,15.96,,0.006105893762455
Chad,TCD,2006,222.99145135688195,10239.103826808698,0.017446781536045,18.11,,0.0217784149012173
Chad,TCD,2007,389.1359096286621,11975.26222335358,0.0428703287521236,48.29,,0.0324949802660511
Chad,TCD,2008,611.426848739965,14297.504494143655,0.1112438709363609,130.82,,0.0427645851757143
Chad,TCD,2009,738.9037370866565,12959.84844955166,0.1390893293425874,167.35,,0.0570148439592454
Chad,TCD,2010,615.8170074523953,14263.363733829756,0.1683973751711281,210.13,,0.0431747390688638
Chad,TCD,2011,609.7069930870205,16218.574764869689,0.1484280569392188,193.42,,0.0375931302180558
Chad,TCD,2012,,,0.1266059004909205,166.76000000000002,,
Chad,TCD,2013,726.4593960003237,16914.5231155372,0.1059607457034706,143.03,,0.0429488547231354
Chad,TCD,2014,392.382954592792,18184.041457289804,0.1190141346130577,164.26,,0.0215784238896733
Chad,TCD,2015,220.9823315580353,14500.431143799136,0.0871604990321848,122.8,,0.0152397076587984
Chad,TCD,2016,309.5674317268118,13391.311862825236,0.0868245562323874,123.6,,0.0231170355001724
Chad,TCD,2017,219.08103137027837,13200.740829047312,0.0868289813006704,126.48,7.0,0.0165961164003921
Chad,TCD,2018,253.174123337364,15318.794264985318,0.0512914765214433,74.68,7.6,0.0165270267984506
Chad,TCD,2019,234.7096549582052,14915.44445165012,0.0120729968038184,17.560000000000002,8.2,0.015736014821351
Chad,TCD,2020,322.86652649138955,14596.61841625106,0.0141292234514567,19.8,8.5,0.0221192688117357
Chad,TCD,2021,330.9980781919861,15919.985361087174,0.0476842035620579,64.65,8.8,0.0207913556881174
Chad,TCD,2022,331.7467660494676,16228.328654533436,0.0468121753001318,64.31,8.8,0.020442448086408
Chad,TCD,2023,372.75185572335937,17602.646681736805,0.0641582958181042,89.55000000000001,8.8,0.0211758982875057
Chad,TCD,2024,557.7679931147088,18732.647779186707,0.0688399882726362,98.64,8.7,0.0297751817943445
Chad,TCD,2025,648.8099332737154,20369.64555960652,0.0646464119218736,99.08,8.7,0.0318518027903401
Chile,CHL,2000,2103.4606096885213,78235.81739367332,,,,0.0268861587922595
Chile,CHL,2001,1893.09822376358,71517.30562669112,,,,0.0264704914030913
Chile,CHL,2002,1779.5531376599022,70295.19825470254,,,,0.0253154295292261
Chile,CHL,2003,2067.983997639565,76507.80013827057,,,,0.0270297145376308
Chile,CHL,2004,2687.3208657832524,99079.39244892368,0.6365517481441955,616.27,,0.0271229041616155
Chile,CHL,2005,3100.391590801903,122314.85008074772,0.8525706731905243,832.76,,0.0253476302244178
Chile,CHL,2006,3855.358068926501,153840.04903116307,1.8015945452748312,1870.08,,0.0250608218939499
Chile,CHL,2007,4022.4781037545167,172565.92224536042,2.178796347827955,2454.24,,0.0233098056175611
Chile,CHL,2008,4641.877575551094,179663.40071316328,2.26280339826981,2661.0,,0.0258365229486107
Chile,CHL,2009,3902.221588275149,171412.6092072888,2.431956353128483,2926.09,,0.0227650789887703
Chile,CHL,2010,4894.081125097746,217105.5033914814,2.36696362935652,2953.55,,0.0225424093293149
Chile,CHL,2011,5686.752069601463,251224.59621062383,1.6746156483014758,2182.23,,0.0226361278130337
Chile,CHL,2012,5466.101782017839,267176.03310372046,1.2025055152828263,1583.89,,0.0204588028294283
Chile,CHL,2013,5529.879480609684,277239.4053380661,0.9215243738237028,1243.91,,0.0199462247217942
Chile,CHL,2014,5102.777422117338,259405.19811662115,0.7609702615369299,1050.27,,0.0196710685027339
Chile,CHL,2015,4630.772773721746,242496.65135148625,0.504743042970339,711.1300000000001,,0.0190962338981319
Chile,CHL,2016,4796.01096208952,249252.39234490736,0.3196773385941334,455.08,,0.0192415844717468
Chile,CHL,2017,5370.018134870679,276720.5432098766,0.3046909137466519,443.83,0.1,0.0194059250989465
Chile,CHL,2018,5545.831932778564,295365.9313584819,0.317824461171638,462.75,0.1,0.0187761395069211
Chile,CHL,2019,5182.156528660157,277905.7746699072,0.2360834648345779,343.38,0.2,0.0186471710953666
Chile,CHL,2020,5246.204733451836,253988.23811506963,0.3661823744502537,513.1500000000001,0.6,0.0206553058219768
Chile,CHL,2021,5194.059174297632,315094.32899464347,0.375978697072839,509.75000000000006,1.3,0.0164841404504805
Chile,CHL,2022,4649.295736329365,300819.4695517138,0.4858828644509098,667.5,0.8,0.0154554349266615
Chile,CHL,2023,5470.078568904183,335518.0548896318,0.4321639758512617,603.2,1.2,0.0163033806651733
Chile,CHL,2024,5506.745657449897,330267.89639348426,0.4193069926395508,600.82,1.1,0.0166735723259311
Chile,CHL,2025,5327.885653379976,350470.6854343236,0.2028062597666126,310.83,1.0,0.0152020864363515
China,CHN,2000,22237.14015121449,1223755.5112641177,,,,0.0181712277873575
China,CHN,2001,26561.462998292423,1355036.2628321373,,,,0.0196020311240798
China,CHN,2002,30284.127409997203,1489819.9338887706,,,,0.0203273742827085
China,CHN,2003,33144.0004814458,1683902.6995157688,,,,0.0196828477625083
China,CHN,2004,37904.57182699605,1984195.5828339453,14.067931011081994,13619.7,,0.0191032437300654
China,CHN,2005,42789.95365090244,2317550.4495797087,14.96131714982008,14613.670000000002,,0.0184634399905566
China,CHN,2006,51453.37323384863,2791496.5184412245,14.151709736421616,14689.67,,0.0184321824848917
China,CHN,2007,62136.59075458873,3604056.770068603,12.036956726890793,13558.67,,0.0172407358481775
China,CHN,2008,78840.80281986286,4667351.212105949,11.068493043516488,13016.27,,0.0168919798911574
China,CHN,2009,96601.66675295416,5189574.056345533,9.277545006431271,11162.59,,0.0186145656086812
China,CHN,2010,105522.64810183836,6192563.9597829925,6.920552710109444,8635.619999999999,,0.0170402193319511
China,CHN,2011,125286.37316401086,7671756.847523625,5.247218048274648,6837.77,,0.0163308581924689
China,CHN,2012,145127.60959620716,8673670.419639023,5.072450674489974,6681.22,,0.0167319718844294
China,CHN,2013,164070.4693217442,9743121.1021731,4.533072265258203,6118.92,,0.0168396212672703
China,CHN,2014,182109.20461907957,10674533.00407843,4.180782658859526,5770.200000000001,,0.0170601565941574
China,CHN,2015,196538.82723079037,11280815.379842646,4.272851825519161,6020.0,,0.0174223955106986
China,CHN,2016,198704.5694815859,11456022.874010772,4.352045757946063,6195.4,,0.0173449871449164
China,CHN,2017,210662.3877123373,12537558.902128823,4.255601783948378,6198.95,3.9,0.0168025043277418
China,CHN,2018,232542.1365454236,14147765.393703694,4.966818508118587,7231.65,4.3,0.0164366689773435
China,CHN,2019,240319.16152889267,14560167.08035698,5.34144167532494,7769.05,4.2,0.0165052475155388
China,CHN,2020,258019.5133654136,14996412.132046796,5.247793397071355,7354.0,4.1,0.0172054162751392
China,CHN,2021,286064.6305709759,18201698.21084256,5.037893268369722,6830.35,4.5,0.0157163703769448
China,CHN,2022,291568.5336789456,18316763.23187369,4.316750788094727,5930.3,5.3,0.015918125379902
China,CHN,2023,296256.20913908485,18270356.974079844,2.9406422922458737,4104.45,4.4,0.0162151297623458
China,CHN,2024,311900.3506008155,18743803.6362337,1.817622743883489,2604.45,4.3,0.0166401844926437
China,CHN,2025,335524.15562444,19453796.00309424,1.329042276587207,2036.95,4.2,0.0172472331657571
Colombia,COL,2000,3027.922793237224,99875.95191340582,,,,0.0303168353865852
Colombia,COL,2001,3264.438192230924,98211.88625996356,,,,0.0332387281880531
Colombia,COL,2002,3347.522601667572,97963.05465929782,,,,0.0341712762358197
Colombia,COL,2003,3278.3695028929856,94641.46091428769,,,,0.0346398869081495
Colombia,COL,2004,4056.896991185455,117081.651519244,0.6948698744528286,672.73,,0.0346501517406307
Colombia,COL,2005,4914.190181960764,145619.45510873265,0.6380151758316955,623.1899999999999,,0.0337467969392646
Colombia,COL,2006,5326.664238461082,161618.54019668463,0.3937905257136272,408.76,,0.0329582499135229
Colombia,COL,2007,6775.762766505156,206182.00535055264,0.419106512747775,472.09,,0.0328630170949445
Colombia,COL,2008,9051.130501954049,242187.11090557044,0.371402484865961,436.76,,0.0373724698565115
Colombia,COL,2009,9033.202672523235,232397.3942435109,0.566106452913753,681.13,,0.0388696383706353
Colombia,COL,2010,10422.054493645215,286563.044817942,0.738542659479639,921.57,,0.0363691504613461
Colombia,COL,2011,10306.57850595734,334943.7813152683,0.777478471140366,1013.15,,0.0307710698956258
Colombia,COL,2012,11706.271912738606,370920.4741499249,0.7416117517242803,976.82,,0.0315600586340428
Colombia,COL,2013,12503.81262742202,382115.1654278972,0.7705656857722715,1040.14,,0.0327226285651868
Colombia,COL,2014,11845.950895382395,381112.1104853843,0.6864433293178924,947.41,,0.0310825884811044
Colombia,COL,2015,9127.165374889575,293481.7530788729,0.6257101752997792,881.5600000000001,,0.0310996008410671
Colombia,COL,2016,8675.98082276398,282501.161591209,0.5298194583103042,754.23,,0.0307113102611538
Colombia,COL,2017,10018.029817582355,312273.3096357502,0.4430763189537135,645.41,8.3,0.0320809672439435
Colombia,COL,2018,10134.71959055053,334122.7154085007,0.3351940573316179,488.04,8.3,0.030332327385044
Colombia,COL,2019,10167.547855570394,323224.9684418507,0.2337939956229199,340.05,8.3,0.0314565669372153
Colombia,COL,2020,9554.131505351015,270318.0266887584,0.162022231548144,227.05,8.4,0.0353440413219335
Colombia,COL,2021,10180.134292076586,318551.45116266893,0.187417728153425,254.1,8.4,0.031957582534691
Colombia,COL,2022,9661.013161746454,345587.51058460545,0.1547254856444724,212.56,8.4,0.0279553307508237
Colombia,COL,2023,10779.238341591625,366291.8361379164,0.1430611782128314,199.68000000000004,8.4,0.0294280059726283
Colombia,COL,2024,13876.037183895292,418818.2003677,0.132787759211623,190.27,8.4,0.0331314092169654
Colombia,COL,2025,14502.7068526697,452911.6460369258,0.0861190947675423,131.98999999999998,8.5,0.0320210508596356
Comoros,COM,2004,,,0.0,0.0,,
Comoros,COM,2005,,,0.0,0.0,,
Comoros,COM,2006,,,0.0,0.0,,
Comoros,COM,2007,,,0.0,0.0,,
Comoros,COM,2008,,,0.0047620063999665,5.6,,
Comoros,COM,2009,,,0.004654318758999,5.6,,
Comoros,COM,2010,,,0.0044878184978742,5.6,,
Comoros,COM,2011,,,0.0042973690355683,5.6,,
Comoros,COM,2012,,,0.0050411560281824,6.64,,
Comoros,COM,2013,,,0.0007704619697378,1.04,,
Comoros,COM,2014,,,0.0007535291610713,1.04,,
Comoros,COM,2015,,,0.0007381670927807,1.04,,
Comoros,COM,2016,,,0.0007305626090751,1.04,,
Comoros,COM,2017,,,0.0,0.0,,
Comoros,COM,2018,,,0.0,0.0,,
Comoros,COM,2019,,,0.0,0.0,,
Comoros,COM,2020,,,0.0,0.0,,
Comoros,COM,2021,,,0.0,0.0,,
Comoros,COM,2022,,,0.0,0.0,,
Comoros,COM,2023,,,0.0,0.0,,
Comoros,COM,2024,,,0.0,0.0,,
Comoros,COM,2025,,,8.48206858078681e-05,0.13,,
"Congo, DR",COD,2000,132.88382170389949,60330.21698402738,,,,0.0022026080519332
"Congo, DR",COD,2001,,,,,,
"Congo, DR",COD,2002,,,,,,
"Congo, DR",COD,2003,78.70803187986098,8937.535304898654,,,,0.008806458290209
"Congo, DR",COD,2004,137.63780552523806,10297.57231973886,0.1216768558122028,117.8,,0.0133660440783122
"Congo, DR",COD,2005,165.20506089789578,12609.728048481984,0.0563698319634351,55.06,,0.0131013976084745
"Congo, DR",COD,2006,205.10208657659211,15484.03836174588,0.0653748533979028,67.86,,0.013246033223691
"Congo, DR",COD,2007,205.21722302854377,18552.952104499276,0.0442641249033109,49.86,,0.0110611627665861
"Congo, DR",COD,2008,159.9984265849921,22943.846963934822,0.0580454565824491,68.25999999999999,,0.0069734786340098
"Congo, DR",COD,2009,122.37801098067884,18780.696381513146,0.0876507957721498,105.46,,0.006516159384864
"Congo, DR",COD,2010,183.68209750825963,22365.926970912216,0.1884803629491154,235.19,,0.0082125859458964
"Congo, DR",COD,2011,238.78754658827543,26392.387744958894,0.1620645297538704,211.19,,0.0090475916349738
"Congo, DR",COD,2012,332.4939793749422,30029.370865067325,0.1718776074126858,226.39,,0.0110722925521469
"Congo, DR",COD,2013,374.47565335181775,34882.5832363501,0.1549739802398729,209.19,,0.0107353188499407
"Congo, DR",COD,2014,341.22463440621283,38352.98096254937,0.1246148850121745,171.98999999999998,,0.008896952097137
"Congo, DR",COD,2015,491.27687707905375,40157.24072730398,0.0135567225693381,19.1,,0.012233830516772
"Congo, DR",COD,2016,395.73374524705577,38584.2904782008,0.0435527709256312,62.0,,0.0102563437176753
"Congo, DR",COD,2017,295.2360743175798,39812.26107515426,0.0321283706900013,46.8,8.9,0.0074157072807358
"Congo, DR",COD,2018,295.3483646354702,48232.22433832201,0.0317034621884015,46.16,9.1,0.0061234655603641
"Congo, DR",COD,2019,352.7095655968196,50821.42744594202,0.0317363059489898,46.16,9.6,0.0069401743186373
"Congo, DR",COD,2020,362.0916155392711,49619.5813873593,0.037206955088836,52.14,9.2,0.0072973532910842
"Congo, DR",COD,2021,306.0787825606135,57406.403637412695,0.0068151901146699,9.24,9.3,0.0053317881484764
"Congo, DR",COD,2022,371.08159985082017,65364.96100267876,0.0067259290899272,9.24,9.4,0.0056770721523969
"Congo, DR",COD,2023,794.2445980722746,70986.95335182076,0.0256704828493877,35.83,9.3,0.0111885996027452
"Congo, DR",COD,2024,899.1877784038358,73961.76974180843,0.0529210899301906,75.83,10.0,0.0121574670474055
"Congo, DR",COD,2025,1225.2521341519628,89099.83568012982,0.0723585696622505,110.9,9.9,0.0137514522310752
"Congo, Republic",COG,2000,,,,,,
"Congo, Republic",COG,2001,54.44594353097175,3037.897445317672,,,,0.0179222454052521
"Congo, Republic",COG,2002,70.70423020195469,3329.8396795157587,,,,0.0212335238350684
"Congo, Republic",COG,2003,93.77666896077082,3855.483430434532,,,,0.0243229339855318
"Congo, Republic",COG,2004,124.29843739648106,5093.8226831284055,0.0156382648301931,15.14,,0.0244017990277082
"Congo, Republic",COG,2005,100.91607452963972,6647.358702328861,0.0189400997334462,18.5,,0.0151813794092809
"Congo, Republic",COG,2006,126.56964179846622,8065.136070684083,0.0183234558153273,19.02,,0.0156934291857187
"Congo, Republic",COG,2007,168.0795882044873,8771.098364794572,0.0170007619714882,19.15,,0.019162889436872
"Congo, Republic",COG,2008,207.72434430164915,11602.90081620348,0.0097366023713601,11.45,,0.0179027941022784
"Congo, Republic",COG,2009,,,0.0069149878705128,8.32,,
"Congo, Republic",COG,2010,218.3909206363308,13135.581341350397,0.0291307504281659,36.35,,0.016625904477394
"Congo, Republic",COG,2011,,,0.0311789471277037,40.63,,
"Congo, Republic",COG,2012,,,0.0504722971014415,66.48,,
"Congo, Republic",COG,2013,367.05729547164015,17953.616566398592,0.0753274741182192,101.68,,0.0204447551898046
"Congo, Republic",COG,2014,704.893729407907,17889.08166333514,0.0749544151084915,103.45,,0.0394035726748698
"Congo, Republic",COG,2015,,,0.0525660143185961,74.06,,
"Congo, Republic",COG,2016,501.8121449378365,10921.290895048547,0.0486526599082132,69.26,,0.0459480614297478
"Congo, Republic",COG,2017,371.9370550768078,11702.99848937312,0.029711877851779,43.28000000000001,4.7,0.03178134692699
"Congo, Republic",COG,2018,292.2604652501871,14765.990431071768,0.0056868428708831,8.28,5.8,0.0197928115025179
"Congo, Republic",COG,2019,299.95323896934593,13975.516569873049,0.0036714010781543,5.34,4.9,0.0214627657925685
"Congo, Republic",COG,2020,298.38219194745164,11471.000024216848,0.0022121511464401,3.1,5.0,0.026011872663022
"Congo, Republic",COG,2021,313.056395870817,13376.483953511231,0.004720478001503,6.4,4.8,0.0234034890602654
"Congo, Republic",COG,2022,265.8479752872548,13933.442388847896,0.0046586521834993,6.4,5.1,0.0190798488893193
"Congo, Republic",COG,2023,284.99442966404865,14166.665339040432,0.0044420037305666,6.199999999999999,5.5,0.0201172557439231
"Congo, Republic",COG,2024,182.06151562628844,14771.102498556938,0.0082351161964426,11.8,5.1,0.0123255197534561
"Congo, Republic",COG,2025,204.91676411914423,15651.198665474309,0.0076991084040987,11.8,5.3,0.0130927201487244
Costa Rica,CRI,2000,0.0,,,,,0.0
Costa Rica,CRI,2001,0.0,,,,,0.0
Costa Rica,CRI,2002,0.0,,,,,0.0
Costa Rica,CRI,2003,0.0,,,,,0.0
Costa Rica,CRI,2004,0.0,,0.0,0.0,,0.0
Costa Rica,CRI,2005,0.0,,0.0,0.0,,0.0
Costa Rica,CRI,2006,0.0,,0.0,0.0,,0.0
Costa Rica,CRI,2007,0.0,,0.0,0.0,,0.0
Costa Rica,CRI,2008,0.0,,0.0,0.0,,0.0
Costa Rica,CRI,2009,0.0,,0.0,0.0,,0.0
Costa Rica,CRI,2010,0.0,,0.0,0.0,,0.0
Costa Rica,CRI,2011,0.0,,0.0,0.0,,0.0
Costa Rica,CRI,2012,0.0,,0.0,0.0,,0.0
Costa Rica,CRI,2013,0.0,,0.0,0.0,,0.0
Costa Rica,CRI,2014,0.0,,0.0,0.0,,0.0
Costa Rica,CRI,2015,0.0,,0.0,0.0,,0.0
Costa Rica,CRI,2016,0.0,,0.0,0.0,,0.0
Costa Rica,CRI,2017,0.0,,0.0,0.0,0.5,0.0
Costa Rica,CRI,2018,0.0,,0.0001236270189322,0.18,0.5,0.0
Costa Rica,CRI,2019,0.0,,0.0052802172809411,7.68,0.5,0.0
Costa Rica,CRI,2020,0.0,,0.0054804260660195,7.68,0.5,0.0
Costa Rica,CRI,2021,0.0,,0.0056645736018036,7.68,0.5,0.0
Costa Rica,CRI,2022,0.0,,0.0055903826201992,7.68,0.5,0.0
Costa Rica,CRI,2023,0.0,,0.0053733916095564,7.5,0.4,0.0
Costa Rica,CRI,2024,0.0,,0.0,0.0,0.5,0.0
Costa Rica,CRI,2025,0.0,,0.0,0.0,0.5,0.0
Cote d'Ivoire,CIV,2000,,,,,,
Cote d'Ivoire,CIV,2001,,,,,,
Cote d'Ivoire,CIV,2002,,,,,,
Cote d'Ivoire,CIV,2003,213.00757054370263,21157.902615278734,,,,0.0100675182420909
Cote d'Ivoire,CIV,2004,250.8115884418449,22882.735644585784,0.1064724133881313,103.08,,0.0109607344304215
Cote d'Ivoire,CIV,2005,249.8729780763952,23616.0259958898,0.105368381868448,102.92000000000002,,0.0105806530751568
Cote d'Ivoire,CIV,2006,267.360247853277,24605.67614603454,0.0991508976084903,102.92000000000002,,0.0108657956101874
Cote d'Ivoire,CIV,2007,323.61919347670505,28120.42973958149,0.0627474598509028,70.68,,0.011508330294867
Cote d'Ivoire,CIV,2008,368.9105749154208,33485.43227520908,0.0079933678856581,9.4,,0.0110170468125789
Cote d'Ivoire,CIV,2009,420.0590445290628,33558.12539973656,0.0,0.0,,0.0125173572577555
Cote d'Ivoire,CIV,2010,387.6921399540056,34397.15956929153,0.0,0.0,,0.011271051005622
Cote d'Ivoire,CIV,2011,357.33025901421166,35482.594634917536,0.0,0.0,,0.0100705786228657
Cote d'Ivoire,CIV,2012,407.5965341232372,37031.88078201545,0.0,0.0,,0.0110066387533086
Cote d'Ivoire,CIV,2013,430.0036108364891,43215.61286880693,0.0,0.0,,0.0099501911992289
Cote d'Ivoire,CIV,2014,521.2605292510298,48817.398948274575,0.0045646478026437,6.3,,0.0106777612179489
Cote d'Ivoire,CIV,2015,569.6716215445381,45796.583912007365,0.0080204693734828,11.3,,0.0124391728133935
Cote d'Ivoire,CIV,2016,602.5387312353536,48363.312541984975,0.0116749524642579,16.62,,0.0124585910179804
Cote d'Ivoire,CIV,2017,501.5787322456487,51928.96045505637,0.0209520913132231,30.520000000000003,5.2,0.0096589403648809
Cote d'Ivoire,CIV,2018,607.8482178844936,58491.14520354696,0.0280702014653373,40.870000000000005,5.3,0.0103921408235247
Cote d'Ivoire,CIV,2019,535.9513821809754,60378.14826318609,0.0342870359115277,49.870000000000005,4.6,0.0088765786563175
Cote d'Ivoire,CIV,2020,607.1558899681999,63040.55815246667,0.0344453341415058,48.27,4.7,0.0096311947064263
Cote d'Ivoire,CIV,2021,637.6569128174989,72774.12126117972,0.0371368855274496,50.35,5.3,0.0087621382679291
Cote d'Ivoire,CIV,2022,607.2456995565701,70183.4046202457,0.0421971979808527,57.97,4.9,0.008652269049105
Cote d'Ivoire,CIV,2023,682.1771113492144,78875.48791695137,0.0840899964284857,117.37,4.2,0.0086487846777884
Cote d'Ivoire,CIV,2024,658.420212994546,86265.22912421043,0.076049204400539,108.97,4.3,0.0076325098730858
Cote d'Ivoire,CIV,2025,759.4414253284722,98008.24136738396,0.0785113317173905,120.33,4.8,0.0077487506635457
Croatia,HRV,2000,667.820477128836,22079.75840243229,,,,0.0302458235709349
Croatia,HRV,2001,623.6075293667859,23047.4809979329,,,,0.0270575135487785
Croatia,HRV,2002,721.3910267159096,26631.306046774265,,,,0.0270880829294997
Croatia,HRV,2003,712.4964033255708,35165.08324736974,,,,0.0202614735279736
Croatia,HRV,2004,726.8100823241949,41761.384589596026,0.0939948546596813,91.0,,0.0174038789534115
Croatia,HRV,2005,784.7273184548906,44994.870366679104,0.0931648149050599,91.0,,0.0174403729149538
Croatia,HRV,2006,825.6410920829061,49539.44378587226,0.0327548631819731,34.0,,0.0166663375481491
Croatia,HRV,2007,953.886579582177,59211.33869695253,0.0463415026063544,52.2,,0.0161098634243726
Croatia,HRV,2008,1243.402599965793,68194.72041585381,0.1116520429135009,131.29999999999998,,0.0182331211622172
Croatia,HRV,2009,1100.0105478921544,62065.46632840076,0.105802638932246,127.3,,0.0177233913312079
Croatia,HRV,2010,981.7993289997144,58918.42070193962,0.1100316928139527,137.3,,0.0166637075010293
Croatia,HRV,2011,1090.9239019325412,62804.73082178478,0.119175252004243,155.3,,0.0173700911962851
Croatia,HRV,2012,953.0700020107224,57550.85172876445,0.1159314044432931,152.7,,0.0165604847431713
Croatia,HRV,2013,962.0514956138462,59830.0552591405,0.0367451093259606,49.6,,0.0160797360364608
Croatia,HRV,2014,1076.4249457247915,59527.71749878173,0.0523412948036484,72.24000000000001,,0.0180827518835544
Croatia,HRV,2015,891.5404797242875,50976.66584463681,0.0518420427468304,73.04,,0.0174891877480073
Croatia,HRV,2016,836.0456833801545,52602.98091932349,0.0526918281795419,75.01,,0.0158935039187681
Croatia,HRV,2017,911.3635214684042,55800.08892924442,0.0485426728950854,70.71,0.6,0.0163326535666283
Croatia,HRV,2018,950.5824881790668,61632.2592576455,0.05028185586683,73.21,1.0,0.0154234568005252
Croatia,HRV,2019,985.7625515255588,61470.57486870802,0.0353183283492115,51.37,0.9,0.0160363320764609
Croatia,HRV,2020,981.3893288335564,57841.12265244386,0.028950636132606,40.56999999999999,0.9,0.0169669827249124
Croatia,HRV,2021,1360.3460034644795,68996.08178589404,0.0151940385673378,20.6,0.9,0.0197162790734385
Croatia,HRV,2022,1282.1106128046986,71113.528891516,0.0264232928532854,36.3,0.5,0.0180290675036048
Croatia,HRV,2023,1408.809814996478,85550.98156692063,0.0879086867323438,122.7,0.5,0.0164674886154808
Croatia,HRV,2024,1730.7363634200217,92924.56785307128,0.1452660539228429,208.15,0.5,0.0186251752728793
Croatia,HRV,2025,2101.617670284051,104114.78453774752,0.2280175774559666,349.47,0.5,0.0201855834367317
Cuba,CUB,2000,,,,,,
Cuba,CUB,2001,,,,,,
Cuba,CUB,2002,,,,,,
Cuba,CUB,2003,296.9339622641509,,,,,
Cuba,CUB,2004,62.04761904761904,,0.0085318406537249,8.26,,
Cuba,CUB,2005,78.55714285714285,,0.00845649858369,8.26,,
Cuba,CUB,2006,76.58744394618834,,0.0079575049965617,8.26,,
Cuba,CUB,2007,83.36563876651984,,0.0073329657380936,8.26,,
Cuba,CUB,2008,89.05726872246696,,0.0070239594399506,8.26,,
Cuba,CUB,2009,92.4625550660793,2734.8017621145377,0.0,0.0,,0.0338096005154639
Cuba,CUB,2010,94.27753303964758,2833.8325991189427,0.0,0.0,,0.0332685611242382
Cuba,CUB,2011,93.74449339207048,3039.207048458149,0.0,0.0,,0.0308450500072474
Cuba,CUB,2012,126.87224669603523,3222.070484581498,0.0,0.0,,0.0393759997812444
Cuba,CUB,2013,119.38325991189429,3398.590308370044,0.0,0.0,,0.0351272878104422
Cuba,CUB,2014,125.6387665198238,3553.1277533039647,0.0,0.0,,0.0353600476096012
Cuba,CUB,2015,118.37004405286343,3838.4581497797353,0.0,0.0,,0.0308379144526184
Cuba,CUB,2016,123.65894744865882,4025.11013215859,0.0,0.0,,0.0307218792501319
Cuba,CUB,2017,122.55291900664083,4266.563876651983,0.0,0.0,2.0,0.0287240323946138
Cuba,CUB,2018,128.60912695598049,4471.483113069031,0.0,0.0,2.0,0.0287620737245072
Cuba,CUB,2019,,,0.0,0.0,2.0,
Cuba,CUB,2020,,,0.0,0.0,1.9,
Cuba,CUB,2021,,,0.0,0.0,2.0,
Cuba,CUB,2022,,,0.0,0.0,2.1,
Cuba,CUB,2023,,,0.0,0.0,2.0,
Cuba,CUB,2024,,,0.0,0.0,2.1,
Cuba,CUB,2025,,,0.0,0.0,2.1,
Cyprus,CYP,2000,275.474479454579,9761.363552607336,,,,0.0282209015133953
Cyprus,CYP,2001,322.1447682794785,10216.367638768335,,,,0.0315322215947894
Cyprus,CYP,2002,238.10644204978587,11177.862688814645,,,,0.0213016073536179
Cyprus,CYP,2003,287.7993395287314,14497.515896681169,,,,0.0198516312435715
Cyprus,CYP,2004,336.4933911952965,17205.16908482489,0.2810342863275394,272.08,,0.019557691617927
Cyprus,CYP,2005,375.5658359448839,18432.95279311545,0.2930494133892786,286.23999999999995,,0.0203746974323698
Cyprus,CYP,2006,381.3628956483232,20071.753930609517,0.1235340031124826,128.23,,0.018999978625024
Cyprus,CYP,2007,403.7567167324995,23967.51742997216,0.0700715479065048,78.92999999999999,,0.016845996583175
Cyprus,CYP,2008,453.8030541619365,27845.718680191887,0.0616084577995669,72.45,,0.0162970494449744
Cyprus,CYP,2009,471.3527810925438,25943.84192108557,0.0465847440074814,56.05,,0.0181681950779023
Cyprus,CYP,2010,477.5874285638605,25774.79090650227,0.0655461919537741,81.78999999999999,,0.0185292455056688
Cyprus,CYP,2011,479.7353184449959,27605.389550361087,0.0776289020782306,101.16,,0.0173783209097558
Cyprus,CYP,2012,414.4963214415118,25048.85300413468,0.0689818428796176,90.86,,0.0165475170209627
Cyprus,CYP,2013,384.9253610459412,23952.90503067745,0.067311706317677,90.86,,0.0160700908951524
Cyprus,CYP,2014,357.80684002920407,23195.02044961151,0.0658323649759066,90.86,,0.0154260195978916
Cyprus,CYP,2015,327.8917600088721,19900.35821226572,0.0334446475113725,47.12,,0.0164766762744388
Cyprus,CYP,2016,295.34070697916104,21027.311689551727,0.0042147842831256,6.0,,0.0140455761221208
Cyprus,CYP,2017,357.3809208319405,22790.65435861291,0.0202655876660008,29.52,1.3,0.0156810293907546
Cyprus,CYP,2018,450.4089798519882,25740.109533420677,0.0202748311048876,29.52,1.3,0.0174983319036456
Cyprus,CYP,2019,463.6139722346619,26198.896103896102,0.0337713896926858,49.120000000000005,1.3,0.0176959353705638
Cyprus,CYP,2020,483.4150233671492,25502.83597401117,0.0571734031783188,80.12,1.3,0.0189553437845021
Cyprus,CYP,2021,541.8046357615895,30368.83514664145,0.0677978652965872,91.92,1.3,0.0178408105923519
Cyprus,CYP,2022,532.5123898794249,31180.21384637391,0.0454218587891187,62.400000000000006,1.3,0.0170785355258669
Cyprus,CYP,2023,558.8783108111028,35046.47235750926,0.0505098811298308,70.5,1.3,0.0159467778984995
Cyprus,CYP,2024,596.0223351527699,37611.24740659972,0.1191998174874925,170.8,1.3,0.0158469175113874
Cyprus,CYP,2025,663.3125014101031,41319.876166613656,0.1096535727451562,168.06,1.3,0.0160531096157073
Czechia,CZE,2000,1157.2935850132042,62170.94397222695,,,,0.0186147018377297
Czechia,CZE,2001,1182.519041398224,68135.97025607384,,,,0.0173552829284442
Czechia,CZE,2002,1494.389559780018,82608.07567599662,,,,0.0180901146474017
Czechia,CZE,2003,1885.706689354461,100435.9247048814,,,,0.0187752210665195
Czechia,CZE,2004,2042.089903598284,120148.1337367095,0.2188324165736272,211.86,,0.0169964346518547
Czechia,CZE,2005,2439.536817060833,137264.0901043174,0.8179870748664263,798.98,,0.017772578503284
Czechia,CZE,2006,2449.9655168598624,156236.37362758972,0.7595467420568012,788.4200000000001,,0.0156811468416419
Czechia,CZE,2007,2707.682199701065,190041.0144380026,0.6715256590325404,756.42,,0.014247883319863
Czechia,CZE,2008,2918.701552279617,236506.7265449584,0.5844002282701782,687.24,,0.0123408817792114
Czechia,CZE,2009,2718.559513193097,206971.88270471597,0.5883058911374791,707.8400000000001,,0.0131349218921278
Czechia,CZE,2010,2497.9094943253963,211168.6672862697,0.1264923699472272,157.84,,0.0118289778802227
Czechia,CZE,2011,2474.3109286040653,231429.3787173132,0.171472698392454,223.45,,0.0106914296806992
Czechia,CZE,2012,2220.610394585621,210363.2230877283,0.1953068355798111,257.25,,0.0105560770651415
Czechia,CZE,2013,2148.786231035529,213024.36054111863,0.1857998673175588,250.8,,0.010087044625212
Czechia,CZE,2014,2022.883295194508,210911.2850776828,0.1627333169006012,224.6,,0.0095911572225708
Czechia,CZE,2015,1779.8871893897049,189107.6985619188,0.1237849432509205,174.4,,0.0094120292453716
Czechia,CZE,2016,1955.121232682877,198160.65930393976,0.0486456352677413,69.25,,0.0098663440036506
Czechia,CZE,2017,2091.525617077104,221563.5756962173,0.0171969163629174,25.05,0.2,0.0094398441192552
Czechia,CZE,2018,2751.9203555773806,251992.3607622372,0.009615434805841,14.0,0.2,0.0109206499246773
Czechia,CZE,2019,2979.254107207099,256794.2090287695,0.0105879356935537,15.4,0.2,0.0116017184284452
Czechia,CZE,2020,3201.645824581812,251109.66060253556,0.0164127343122982,23.0,0.2,0.0127499906491032
Czechia,CZE,2021,3918.412534885343,290972.7144823142,0.0354035850112727,48.0,0.2,0.0134665978624724
Czechia,CZE,2022,3887.785246392944,301831.2283255555,0.0854207552708827,117.35,0.2,0.0128806593935322
Czechia,CZE,2023,4536.247498845628,345059.2956599111,0.1850954296438552,258.35,0.2,0.0131462840036529
Czechia,CZE,2024,6511.697690612424,347034.0629284791,0.2195914670517537,314.65,0.6,0.0187638574601664
Czechia,CZE,2025,7051.481133023375,384141.46350374975,0.2128672980370536,326.25,0.6,0.0183564696940207
Denmark,DNK,2000,2392.5108311868903,164043.0054409549,,,,0.0145846561683975
Denmark,DNK,2001,2525.225824900695,164881.1981996487,,,,0.0153154262127752
Denmark,DNK,2002,2694.0824932138103,178787.98309247583,,,,0.0150685882049484
Denmark,DNK,2003,3199.158427790099,218422.18811810552,,,,0.0146466732860502
Denmark,DNK,2004,3578.8324603659453,251987.83804535423,0.5331987244381768,516.21,,0.0142024015449579
Denmark,DNK,2005,3468.4529199204258,265149.64556746726,0.5970533709487127,583.1800000000001,,0.0130811146758175
Denmark,DNK,2006,3896.730667689069,283387.1046179613,0.5016696309817846,520.74,,0.0137505574678223
Denmark,DNK,2007,4175.6525892315885,320213.1575950181,0.5465367672327581,615.6300000000001,,0.0130402280174653
Denmark,DNK,2008,4788.030120848232,354977.3830796782,0.5658964319731654,665.48,,0.0134882681237568
Denmark,DNK,2009,4337.355690400998,322620.9576057617,0.4723634863374135,568.34,,0.0134441225473677
Denmark,DNK,2010,4503.49212671228,322345.3074991821,0.378860034798224,472.75,,0.0139710181036952
Denmark,DNK,2011,4518.59012686474,344315.6937141325,0.3014220684787291,392.7900000000001,,0.0131233928901779
Denmark,DNK,2012,4422.4580835842335,326792.3224594647,0.2752137138879749,362.5,,0.0135329314051825
Denmark,DNK,2013,4216.647585336279,344631.1204331669,0.2212855676545248,298.7,,0.0122352490397163
Denmark,DNK,2014,4056.861510684545,352832.6020644515,0.246563436069789,340.3,,0.011497978040996
Denmark,DNK,2015,3364.047774074063,301758.92233763734,0.2562859364050595,361.08,,0.0111481302624418
Denmark,DNK,2016,3592.7279437738093,312120.32015482266,0.3223467019734463,458.88,,0.0115107146564238
Denmark,DNK,2017,3764.033343563552,330182.5888646333,0.2807937217868454,409.02,0.2,0.011399854112558
Denmark,DNK,2018,4558.690186911818,355285.854803778,0.2946375269541242,428.99,0.6,0.0128310489294023
Denmark,DNK,2019,4487.779277252962,345424.6041385516,0.2119924734902841,308.34000000000003,0.6,0.0129920660644454
Denmark,DNK,2020,4887.155963302753,355748.0541284404,0.2351159870093921,329.48,0.6,0.0137376885314972
Denmark,DNK,2021,5273.695928753181,406052.8805661578,0.3613894697494436,489.97,0.6,0.0129877072203011
Denmark,DNK,2022,5469.774011299434,399896.8353107344,0.4734355281481224,650.4,0.6,0.0136779627351869
Denmark,DNK,2023,8142.235123367199,404634.23889695207,0.6279846951477916,876.52,0.6,0.0201224571246447
Denmark,DNK,2024,9637.155297532656,424800.8428156749,0.8804595418162802,1261.6,0.6,0.0226862904359027
Denmark,DNK,2025,14948.790190933383,459559.486740121,0.9633607260650704,1476.49,0.6,0.0325285205120504
Djibouti,DJI,2000,26.02506175409772,513.4058439914248,,,,0.0506910119132426
Djibouti,DJI,2001,26.048131622036788,,,,,
Djibouti,DJI,2002,33.250994536380055,,,,,
Djibouti,DJI,2003,41.763775805898014,,,,,
Djibouti,DJI,2004,37.35574299041756,666.212771703963,0.0085834861782632,8.31,,0.0560717905405405
Djibouti,DJI,2005,44.84726059385216,994.890868271054,0.0146606609828621,14.32,,0.0450775678258951
Djibouti,DJI,2006,49.51581411313238,1079.3322117251198,0.0137955776695839,14.32,,0.0458763424043374
Djibouti,DJI,2007,34.51871191361741,1189.8593863415128,0.0102270902303678,11.52,,0.0290107489253439
Djibouti,DJI,2008,36.27483527551612,1380.540285053539,0.0097961274513597,11.52,,0.0262758252462798
Djibouti,DJI,2009,,,0.005984124118713,7.2,,
Djibouti,DJI,2010,,,0.0,0.0,,
Djibouti,DJI,2011,,,0.0,0.0,,
Djibouti,DJI,2012,,,0.0046767351104825,6.16,,
Djibouti,DJI,2013,,,0.0081343004112711,10.98,,
Djibouti,DJI,2014,,,0.0188527199721889,26.02,,
Djibouti,DJI,2015,,,0.0212364994384606,29.92,,
Djibouti,DJI,2016,,,0.0290398637107354,41.34,,
Djibouti,DJI,2017,,,0.0241511983092788,35.18,2.9,
Djibouti,DJI,2018,,,0.020851757193238,30.36,3.3,
Djibouti,DJI,2019,,,0.0179238625669446,26.07,3.9,
Djibouti,DJI,2020,,,0.0163913263979778,22.97,3.8,
Djibouti,DJI,2021,,,0.0422999083415935,57.35,3.8,
Djibouti,DJI,2022,,,0.0554306818396056,76.14999999999999,4.2,
Djibouti,DJI,2023,,,0.0547584427624534,76.42999999999999,4.2,
Djibouti,DJI,2024,,,0.0458374942188437,65.67999999999999,4.4,
Djibouti,DJI,2025,,,0.0423320468862652,64.88,5.1,
Dominican Republic,DOM,2000,246.8108437404813,23959.97370696053,,,,0.0103009647155322
Dominican Republic,DOM,2001,305.90032799263787,25208.18485234249,,,,0.0121349605211345
Dominican Republic,DOM,2002,271.66331717697125,25654.772741937955,,,,0.0105891921128922
Dominican Republic,DOM,2003,155.8024955644861,20389.126413807247,,,,0.0076414502712082
Dominican Republic,DOM,2004,152.87846684466066,22233.05021868996,0.064556905672858,62.5,,0.0068761805213818
Dominican Republic,DOM,2005,272.2004811442581,35510.44557809614,0.0534622707070574,52.220000000000006,,0.0076653637179973
Dominican Republic,DOM,2006,259.24032513675166,37932.611036212205,0.0458375408881847,47.580000000000005,,0.0068342336067841
Dominican Republic,DOM,2007,274.7756807627304,43780.646497385016,0.041902661360535,47.2,,0.0062761905715381
Dominican Republic,DOM,2008,333.5388816070624,47657.83039937676,0.0325091972626286,38.23,,0.0069986165717569
Dominican Republic,DOM,2009,320.8552892083701,48071.00450148695,0.0101730110018121,12.24,,0.0066746117027457
Dominican Republic,DOM,2010,354.8567813738052,53159.53965838029,0.048885165780416,61.0,,0.0066753170485339
Dominican Republic,DOM,2011,348.5598300881993,57811.18065819061,0.0560192749279442,73.0,,0.00602928060143
Dominican Republic,DOM,2012,396.1871785680692,60657.7802595876,0.055422347900199,73.0,,0.0065315146197663
Dominican Republic,DOM,2013,383.3802540655997,62661.773592025216,0.0540805036450629,73.0,,0.0061182477304535
Dominican Republic,DOM,2014,437.5724658441615,67170.25455624856,0.0456464780264375,63.0,,0.0065143785554324
Dominican Republic,DOM,2015,458.00715752636086,71155.03522907094,0.0088722006343836,12.5,,0.0064367497823855
Dominican Republic,DOM,2016,479.7221727669855,75662.31162876479,0.0005268480353907,0.75,,0.0063403055291349
Dominican Republic,DOM,2017,533.0731578214711,80033.39061058627,0.0005148777354166,0.75,1.0,0.0066606344396329
Dominican Republic,DOM,2018,593.6787220899047,85545.58026053046,0.0005151125788843,0.75,1.1,0.0069399111009808
Dominican Republic,DOM,2019,613.299023334698,88937.65864935942,0.0005156462188419,0.75,1.2,0.0068958305474698
Dominican Republic,DOM,2020,599.0525253980835,80276.98999841974,0.0032111871480583,4.5,1.3,0.0074623192201137
Dominican Republic,DOM,2021,611.467713114467,95081.8842886579,0.0031346924228731,4.25,1.4,0.0064309591431541
Dominican Republic,DOM,2022,773.3603765162561,113825.25612720988,0.0068933494027717,9.47,1.1,0.0067942774989406
Dominican Republic,DOM,2023,946.42577318119,120456.23915344068,0.0133475047581382,18.63,1.3,0.0078570091498175
Dominican Republic,DOM,2024,1012.0702603424604,124282.24494334194,0.0198270890797404,28.41,1.9,0.0081433213634324
Dominican Republic,DOM,2025,1037.25344008817,129284.64852068818,0.0241216981101298,36.97,1.9,0.0080230209228761
Ecuador,ECU,2000,266.0,17530.6846819522,,,,0.0151733948117751
Ecuador,ECU,2001,384.0,23127.055074149903,,,,0.0166039298461831
Ecuador,ECU,2002,505.0,27054.197610410905,,,,0.0186662346180863
Ecuador,ECU,2003,739.0,30965.2077388978,,,,0.0238654946619875
Ecuador,ECU,2004,710.0,35194.9475681835,0.0530606119106354,51.37,,0.0201733501271598
Ecuador,ECU,2005,954.0,40278.8502524591,0.0824866938120953,80.57,,0.0236848865849083
Ecuador,ECU,2006,950.0,45690.762288671496,0.0841992659442485,87.4,,0.0207919490158198
Ecuador,ECU,2007,1310.0,49848.7262641089,0.0781058505614379,87.98,,0.0262795079870115
Ecuador,ECU,2008,1646.0,61139.4370824506,0.1615510671188645,189.98,,0.026922066648737
Ecuador,ECU,2009,1949.0,60094.97693705661,0.2217782888663044,266.84000000000003,,0.0324319951406484
Ecuador,ECU,2010,2094.0,68151.3292467747,0.2551244676425482,318.35,,0.0307257396611834
Ecuador,ECU,2011,2453.7,78986.64783919993,0.2617327958859444,341.07000000000005,,0.0310647440690889
Ecuador,ECU,2012,2589.776,87735.04774071148,0.3248508797196874,427.88000000000005,,0.0295181465866835
Ecuador,ECU,2013,2735.825,96570.3347341686,0.2503556904357888,337.94,,0.0283298697009901
Ecuador,ECU,2014,2786.519,102717.79336089898,0.2300365128351375,317.49,,0.0271279094772759
Ecuador,ECU,2015,2597.51,97209.55710183972,0.180765764605186,254.68,,0.0267207266182559
Ecuador,ECU,2016,2513.2,97671.432666647,0.147924879056765,210.58,,0.0257311675623471
Ecuador,ECU,2017,2462.7,104467.485714113,0.0973256220666986,141.76999999999998,2.2,0.0235738419773924
Ecuador,ECU,2018,2549.4,107478.961,0.092761473205492,135.05999999999997,1.4,0.0237199911152844
Ecuador,ECU,2019,2346.0,107595.83,0.055930426537052,81.35,1.4,0.0218038189769993
Ecuador,ECU,2020,2356.3,95865.473,0.0532700268005679,74.65,3.1,0.0245792351121033
Ecuador,ECU,2021,2408.81,107179.074,0.0473154162181905,64.15,3.7,0.0224746297024361
Ecuador,ECU,2022,2586.48,116133.12099999998,0.0385430676744204,52.95,4.9,0.0222716825116583
Ecuador,ECU,2023,2692.0,121147.057,0.0393188975376612,54.88,5.3,0.0222209277440392
Ecuador,ECU,2024,2882.2,124676.074670084,0.0493618447944399,70.73,6.5,0.0231175067680534
Ecuador,ECU,2025,2735.6,130529.07817552208,0.0524974798469312,80.46000000000001,7.0,0.0209577822676526
Egypt,EGY,2000,2627.6983338373584,102995.89379468182,,,,0.0255126513982738
Egypt,EGY,2001,2834.256229549459,94931.8755295482,,,,0.0298556856033806
Egypt,EGY,2002,2902.768425240073,88540.74878005609,,,,0.0327845479650373
Egypt,EGY,2003,2383.914898271713,75029.92950326874,,,,0.0317728527009725
Egypt,EGY,2004,2369.743586433063,82353.3575011962,3.788674363709062,3667.96,,0.0287753123653597
Egypt,EGY,2005,2659.4397135752392,97981.71538066356,3.755309882555001,3668.05,,0.0271422040657605
Egypt,EGY,2006,2952.520159004529,113287.50995960122,3.408673372165187,3538.25,,0.026062186026133
Egypt,EGY,2007,3306.9082572226075,138967.0562389028,3.0899217796273337,3480.5499999999997,,0.0237963467509709
Egypt,EGY,2008,3779.880349746893,173326.55481725687,2.6987735877696024,3173.69,,0.0218078548537016
Egypt,EGY,2009,4017.404478271456,197644.17264901925,2.167923498957266,2608.41,,0.0203264504307225
Egypt,EGY,2010,4407.286452719168,225671.3163071822,1.9745199296406228,2463.85,,0.0195296705174529
Egypt,EGY,2011,4463.974191069017,243000.11967307335,1.8590878880265245,2422.62,,0.0183702551137618
Egypt,EGY,2012,4557.748767350389,276532.9273488043,1.572058694240373,2070.65,,0.0164817579267928
Egypt,EGY,2013,4359.83424376995,270787.5749782034,1.8253281223434337,2463.9,,0.0161005697699419
Egypt,EGY,2014,5085.12157627973,300949.1103895701,2.027913618315164,2798.8700000000003,,0.0168969483568075
Egypt,EGY,2015,5475.490833441686,317761.0193732935,2.5218485038382203,3553.02,,0.0172314742829084
Egypt,EGY,2016,4513.022526816316,270791.3461223812,3.198199387957125,4552.83,,0.0166660515243227
Egypt,EGY,2017,2765.5884340120665,194481.4896497456,4.616585996767255,6724.780000000001,8.6,0.0142203170028818
Egypt,EGY,2018,3119.587363842486,249573.73829579647,5.249017783334583,7642.53,8.7,0.0124996619642132
Egypt,EGY,2019,3743.671451545655,316999.22568348324,5.707254853537224,8301.12,8.9,0.011809717968471
Egypt,EGY,2020,4505.374644325008,401378.4381915903,5.891857635371697,8256.56,8.7,0.0112247550332398
Egypt,EGY,2021,5165.445626552845,460374.5938714405,5.828167667543225,7901.799999999999,8.8,0.0112200927143153
Egypt,EGY,2022,4645.9220475088,457836.3867793304,4.487264737154841,6164.55,8.8,0.010147559655952
Egypt,EGY,2023,3167.1501259135607,391528.851804486,4.068868252676935,5679.1900000000005,8.6,0.0080891870709316
Egypt,EGY,2024,2398.4243892725844,359708.35113229445,3.292853084619797,4718.29,8.0,0.0066676917055797
Egypt,EGY,2025,2501.7478152309614,413115.8427241461,2.621109258830322,4017.23,7.5,0.0060558021661286
El Salvador,SLV,2000,110.37032028469751,13134.147768,,,,0.0084033103810209
El Salvador,SLV,2001,150.65145907473308,13812.7438857143,,,,0.0109067003863398
El Salvador,SLV,2002,161.7,14306.712,,,,0.0113023872990523
El Salvador,SLV,2003,126.6,15046.686000000002,,,,0.0084138128488891
El Salvador,SLV,2004,128.0,15798.2868603,0.0299544042322061,29.0,,0.0081021443104476
El Salvador,SLV,2005,132.9,14698.0,0.0296898860686454,29.0,,0.0090420465369438
El Salvador,SLV,2006,142.1,15999.889999999998,0.0279379715375652,29.0,,0.0088813110590135
El Salvador,SLV,2007,165.6,17011.749999999996,0.0088776824916387,10.0,,0.0097344482490043
El Salvador,SLV,2008,173.0,17986.8862428623,0.0028061823428374,3.3,,0.0096181183148723
El Salvador,SLV,2009,189.9,17601.616010157995,0.0046875638929918,5.64,,0.010788782114688
El Salvador,SLV,2010,201.0,18447.92,0.0057700523544097,7.199999999999999,,0.0108955372746629
El Salvador,SLV,2011,220.7,20283.78,0.0067223129913533,8.76,,0.0108806149544118
El Salvador,SLV,2012,224.3,21386.15,0.0093306939136088,12.29,,0.0104880962679117
El Salvador,SLV,2013,237.5,21990.96,0.0077194362737199,10.42,,0.0107998923193894
El Salvador,SLV,2014,233.9,22593.470000000005,0.0213813899453995,29.51,,0.0103525487674093
El Salvador,SLV,2015,247.7,23438.237939965195,0.0198382406184818,27.95,,0.0105682005889034
El Salvador,SLV,2016,247.6,24191.4299751074,0.0185380262052807,26.39,,0.0102350295230491
El Salvador,SLV,2017,260.9,24979.190371893004,0.0161740259285562,23.56,2.8,0.0104446940079198
El Salvador,SLV,2018,294.61,26020.8537343418,0.0159684899454145,23.25,3.3,0.0113220727885334
El Salvador,SLV,2019,317.2,26881.136765622497,0.002736362601321,3.98,3.3,0.0118000962074512
El Salvador,SLV,2020,343.9,24921.192365875297,0.0057515929807445,8.06,3.4,0.0137995002386364
El Salvador,SLV,2021,351.578,29043.144334085,0.0090795444060159,12.31,3.1,0.0121053697201576
El Salvador,SLV,2022,458.494,31870.1080292659,0.013692069933066,18.81,3.8,0.0143863334124556
El Salvador,SLV,2023,454.7666666666667,33853.9414596934,0.0157547841992195,21.99,3.4,0.0134331970535281
El Salvador,SLV,2024,490.6,35364.967208392496,0.0139787607978599,20.03,3.8,0.0138724856468571
El Salvador,SLV,2025,490.0,36587.0,0.0123381474509752,18.91,3.0,0.0133927351244977
Equatorial Guinea,GNQ,2000,,,,,,
Equatorial Guinea,GNQ,2001,,,,,,
Equatorial Guinea,GNQ,2002,,,,,,
Equatorial Guinea,GNQ,2003,,,,,,
Equatorial Guinea,GNQ,2004,,,0.0144607468707202,14.0,,
Equatorial Guinea,GNQ,2005,,,0.0250828347821315,24.5,,
Equatorial Guinea,GNQ,2006,,,0.0240362893055949,24.95,,
Equatorial Guinea,GNQ,2007,196.31437173850904,13071.713303857769,0.0466522214935617,52.55,,0.0150182586762036
Equatorial Guinea,GNQ,2008,292.75465883587725,19749.906767454584,0.0697718973423667,82.05,,0.0148230906749545
Equatorial Guinea,GNQ,2009,371.9275878573274,15027.804721020952,0.1184773462670202,142.54999999999998,,0.0247492960390331
Equatorial Guinea,GNQ,2010,,,0.1081484118371662,134.95,,
Equatorial Guinea,GNQ,2011,,,0.1411225295787526,183.9,,
Equatorial Guinea,GNQ,2012,,,0.164217176038535,216.3,,
Equatorial Guinea,GNQ,2013,,,0.1397203148966969,188.6,,
Equatorial Guinea,GNQ,2014,166.54027052149743,21736.4987400286,0.1542198864750354,212.85,,0.0076617799634311
Equatorial Guinea,GNQ,2015,137.26265956547465,13180.184292839627,0.1490174818551075,209.95,,0.0104143202034014
Equatorial Guinea,GNQ,2016,139.20081764180193,11230.493424910315,0.1080038472550936,153.75,,0.0123948977462594
Equatorial Guinea,GNQ,2017,136.21036138833068,12065.363261691477,0.0643597169270861,93.75,1.3,0.0112893709401033
Equatorial Guinea,GNQ,2018,149.49869004433694,13090.00187136523,0.0768547967695435,111.9,1.3,0.0114208303034218
Equatorial Guinea,GNQ,2019,148.6369330225033,11363.220572122917,0.0137161894211946,19.95,1.1,0.0130805287179895
Equatorial Guinea,GNQ,2020,162.37336438041947,9895.806905659723,0.0142362630230586,19.95,1.0,0.0164082995887432
Equatorial Guinea,GNQ,2021,162.8071326712182,12212.436923886806,0.0148990086922439,20.2,1.1,0.01333125679059
Equatorial Guinea,GNQ,2022,156.79163491983198,13689.64494527378,0.0147038709541698,20.2,1.5,0.0114533017873456
Equatorial Guinea,GNQ,2023,162.192394152675,12337.55886763722,0.0001791130536518,0.25,1.5,0.0131462306192616
Equatorial Guinea,GNQ,2024,114.53473833118764,12765.778889557134,0.0085491672378324,12.25,1.6,0.008972013327356
Equatorial Guinea,GNQ,2025,120.73106555685492,13449.8847767765,0.0079927184703568,12.25,1.8,0.0089763643005565
Eritrea,ERI,2000,230.67012987012987,706.3708122891024,,,,0.3265567119380373
Eritrea,ERI,2001,166.55024536893762,752.3684944618294,,,,0.2213679155824717
Eritrea,ERI,2002,150.76442521241995,729.3213640950481,,,,0.2067187835632519
Eritrea,ERI,2003,181.58366899891195,870.2477017069369,,,,0.2086574530938109
Eritrea,ERI,2004,,,0.198101903023959,191.79,,
Eritrea,ERI,2005,,,0.2768837823194885,270.45,,
Eritrea,ERI,2006,,,0.2056331042997694,213.45,,
Eritrea,ERI,2007,,,0.1764883279337788,198.8,,
Eritrea,ERI,2008,,,0.1545951363417705,181.8,,
Eritrea,ERI,2009,,,0.0849911850527217,102.26,,
Eritrea,ERI,2010,,,0.0028850261772048,3.6,,
Eritrea,ERI,2011,,,0.0027625943800082,3.6,,
Eritrea,ERI,2012,,,0.0,0.0,,
Eritrea,ERI,2013,,,0.0,0.0,,
Eritrea,ERI,2014,,,0.0,0.0,,
Eritrea,ERI,2015,,,0.0,0.0,,
Eritrea,ERI,2016,,,0.0,0.0,,
Eritrea,ERI,2017,,,0.0,0.0,4.1,
Eritrea,ERI,2018,,,0.0,0.0,3.4,
Eritrea,ERI,2019,,,0.0,0.0,3.0,
Eritrea,ERI,2020,,,0.0,0.0,2.8,
Eritrea,ERI,2021,,,0.0,0.0,3.3,
Eritrea,ERI,2022,,,0.0,0.0,3.6,
Eritrea,ERI,2023,,,0.0,0.0,3.3,
Eritrea,ERI,2024,,,0.0,0.0,3.9,
Eritrea,ERI,2025,,,0.0,0.0,3.5,
Estonia,EST,2000,78.44241378823475,5700.208662955021,,,,0.0137613232122575
Estonia,EST,2001,93.86197448819412,6253.391949392111,,,,0.0150097699373087
Estonia,EST,2002,122.5463548235308,7398.978095617192,,,,0.0165626054354886
Estonia,EST,2003,171.7101475294174,9893.934878454063,,,,0.0173550917444735
Estonia,EST,2004,205.2438822393797,12164.891310490264,0.054971496318552,53.22,,0.0168718221150393
Estonia,EST,2005,204.631723504176,14114.753527853458,0.0539946410779435,52.74,,0.0144977185113692
Estonia,EST,2006,236.40078830130892,17039.935745517843,0.0548547620465161,56.940000000000005,,0.0138733380120574
Estonia,EST,2007,372.5269482563812,22478.804676396965,0.0655350521532774,73.82000000000001,,0.0165723646617001
Estonia,EST,2008,431.9226783394641,24442.370157376758,0.0751886796223286,88.42,,0.0176710636308365
Estonia,EST,2009,354.6102331636748,19711.82158481359,0.0994694409066081,119.68,,0.0179897241682054
Estonia,EST,2010,332.3061091014534,19543.40428705372,0.085156355997164,106.26,,0.0170034915217706
Estonia,EST,2011,389.7474708171241,23303.91534933134,0.0788720695492343,102.78,,0.0167245488569073
Estonia,EST,2012,436.82814843750015,23237.406524961632,0.0657324230301265,86.58,,0.0187984897526434
Estonia,EST,2013,479.4506121568679,25451.03312739634,0.0566141381993933,76.41999999999999,,0.0188381591331462
Estonia,EST,2014,512.8013027450887,27055.689454693696,0.0258083737666937,35.62,,0.0189535477779564
Estonia,EST,2015,463.7763882812503,23311.847484656373,0.0290156449546882,40.88,,0.0198944501754527
Estonia,EST,2016,498.1064007782251,24561.028047912467,0.0508021998926072,72.32,,0.0202803563355142
Estonia,EST,2017,541.1172835294176,27469.46217894579,0.0727007362408364,105.9,1.0,0.019698867054782
Estonia,EST,2018,615.2772996078324,31222.63290369589,0.073187195207887,106.56,1.0,0.0197061311743187
Estonia,EST,2019,636.9809960784197,31873.74898385042,0.085611022893592,124.52,1.0,0.0199845018670744
Estonia,EST,2020,719.583548638122,31820.77093650512,0.0936239452945011,131.2,0.9,0.0226136428332918
Estonia,EST,2021,748.6746162790578,37201.10078028037,0.0875427396872491,118.69,0.9,0.0201250662097589
Estonia,EST,2022,819.2718404669301,38226.64209727355,0.0712118661112097,97.83,0.9,0.0214319593748822
Estonia,EST,2023,1236.971309803945,41470.34442862796,0.0730566323235297,101.97,0.9,0.029827852332715
Estonia,EST,2024,1424.4126968750013,43130.41999711901,0.1378753860821372,197.56,0.9,0.0330257089304984
Estonia,EST,2025,1575.9312320916906,46702.31503998864,0.2456211320951688,376.45,0.9,0.0337441780079275
Eswatini,SWZ,2000,24.471060530301177,1675.833557882542,,,,0.0146023215821152
Eswatini,SWZ,2001,19.665055208509987,1566.0028016605531,,,,0.0125574840528111
Eswatini,SWZ,2002,18.338440521028016,1315.9467587541626,,,,0.0139355489870953
Eswatini,SWZ,2003,31.92769093492845,2161.0760434911926,,,,0.0147739784683141
Eswatini,SWZ,2004,42.695547309545816,2703.0708903987656,0.0024789851778377,2.4,,0.0157952007330622
Eswatini,SWZ,2005,59.47167390275391,2924.993670716884,0.0012899743602239,1.26,,0.0203322402021396
Eswatini,SWZ,2006,58.520575052979005,3498.1651172922,0.0,0.0,,0.016728934481594
Eswatini,SWZ,2007,61.87751672374908,3762.896767664438,0.0,0.0,,0.016444117536117
Eswatini,SWZ,2008,66.65783019941365,3334.8585317907045,0.0,0.0,,0.0199882032667876
Eswatini,SWZ,2009,75.91161798842768,3630.186212113523,0.0,0.0,,0.0209112187510158
Eswatini,SWZ,2010,102.03217496537462,4311.030128858305,0.0,0.0,,0.023667701666561
Eswatini,SWZ,2011,106.62940892120098,4806.001269774814,0.0,0.0,,0.0221867209215691
Eswatini,SWZ,2012,90.63979527330794,4734.2438522917855,0.0,0.0,,0.0191455696202531
Eswatini,SWZ,2013,86.04037675581507,4408.051322311823,0.0,0.0,,0.0195189144736842
Eswatini,SWZ,2014,81.355664003534,4463.055119829173,0.0,0.0,,0.0182286935337352
Eswatini,SWZ,2015,73.52745574242415,4202.523708754605,0.0,0.0,,0.0174960240174858
Eswatini,SWZ,2016,80.52777990285844,3883.054397355385,0.0,0.0,,0.020738256965368
Eswatini,SWZ,2017,87.76282312823491,4560.398737398133,0.0,0.0,1.1,0.0192445503522586
Eswatini,SWZ,2018,95.86338032309556,4573.53852912872,0.0,0.0,1.0,0.0209604400864986
Eswatini,SWZ,2019,86.53228597134749,4577.271783514429,0.0,0.0,1.2,0.0189047734248605
Eswatini,SWZ,2020,76.79529997571046,4139.786252125334,0.0014985540024272,2.1,2.8,0.0185505471294041
Eswatini,SWZ,2021,82.79251539554714,4932.517136540388,0.0015489068442431,2.1,2.9,0.0167850436407438
Eswatini,SWZ,2022,83.20058048067726,5027.239577312252,0.0015286202477107,2.1,3.8,0.0165499533493805
Eswatini,SWZ,2023,83.07185989317617,5012.629747913842,0.0015045496506758,2.1,4.0,0.0165725106522677
Eswatini,SWZ,2024,83.15755226336753,5386.1619557740605,0.0014655715264855,2.1,4.0,0.0154391109933523
Eswatini,SWZ,2025,93.36142500097849,5827.133909828751,0.0,0.0,3.1,0.0160218430613897
Ethiopia,ETH,2000,617.5417388808719,8030.202592310724,,,,0.0769023859338487
Ethiopia,ETH,2001,349.80820751621616,7963.47584857712,,,,0.0439265735424712
Ethiopia,ETH,2002,288.9323334597768,7691.0507426103795,,,,0.0375673419834585
Ethiopia,ETH,2003,278.6730519147024,8454.148505468227,,,,0.0329628763599851
Ethiopia,ETH,2004,311.03862892875424,9935.63453540101,0.5651259877077455,547.12,,0.0313053613053613
Ethiopia,ETH,2005,342.0665728821809,12163.585016149467,0.4433826158141028,433.08,,0.0281221837499407
Ethiopia,ETH,2006,345.6871826063516,14983.303378056611,0.4172198866720268,433.08,,0.0230714932404437
Ethiopia,ETH,2007,362.76133594320737,18991.96404173568,0.3667193083646146,413.08,,0.0191007804746272
Ethiopia,ETH,2008,390.63551189311545,25608.60578713492,0.2035077449357124,239.32,,0.0152540718202378
Ethiopia,ETH,2009,339.6277774103465,28194.199941719915,0.0,0.0,,0.0120460157802806
Ethiopia,ETH,2010,291.4725579257173,26311.29720218258,0.0464809772994119,58.0,,0.0110778482598546
Ethiopia,ETH,2011,322.49998180699976,30479.44369342525,0.1031982478398622,134.48,,0.0105809011821487
Ethiopia,ETH,2012,367.1328780504634,42210.50959304903,0.2486945000228522,327.57,,0.0086976651452443
Ethiopia,ETH,2013,375.5107816847191,46542.0233567658,0.3565831345133995,481.33,,0.0080682092139883
Ethiopia,ETH,2014,395.4142281980328,54163.24820186187,0.3726781339314036,514.36,,0.0073004157122253
Ethiopia,ETH,2015,425.23518087287295,63078.65775608619,0.3307698351708371,466.02,,0.0067413479614163
Ethiopia,ETH,2016,493.2920739779616,72157.65332580637,0.3120766776035635,444.26,,0.0068363098194261
Ethiopia,ETH,2017,518.6016017857437,76794.51691140112,0.2077154085400367,302.57,8.4,0.0067531071571693
Ethiopia,ETH,2018,507.01097351399017,80210.34596527576,0.1118206386242126,162.81,8.5,0.0063210171632158
Ethiopia,ETH,2019,516.0003096001858,92561.9020263198,0.1413420662260252,205.58,8.4,0.0055746511070338
Ethiopia,ETH,2020,450.9383975997671,96622.41121719991,0.157291082483338,220.42,8.3,0.0046670166053514
Ethiopia,ETH,2021,440.1632042779008,99260.21463584858,0.1338329270894882,181.45,8.2,0.0044344373613608
Ethiopia,ETH,2022,1024.0316059777565,118961.85278028184,0.1272030420416426,174.75,9.3,0.0086080670571692
Ethiopia,ETH,2023,1227.0849201552187,159746.456951481,0.1162443718200716,162.25,9.8,0.0076814531199769
Ethiopia,ETH,2024,700.3518654291887,142262.20302826152,0.0937616831349217,134.35,10.0,0.0049229651342462
Ethiopia,ETH,2025,528.1112063192609,106961.57920116938,0.1127788887837692,172.85,9.2,0.0049373916341119
Fiji,FJI,2000,32.03953735283893,1824.3221307998983,,,,0.0175624341841376
Fiji,FJI,2001,32.811655824617965,1798.3091703033735,,,,0.018245836904164
Fiji,FJI,2002,30.9143042680947,1996.3172174861547,,,,0.015485667306433
Fiji,FJI,2003,37.29689807976367,2509.039767618933,,,,0.0148650087420329
Fiji,FJI,2004,46.79881127557056,2954.7017997541243,0.0,0.0,,0.0158387595253994
Fiji,FJI,2005,43.11135029007019,3257.1415618349115,0.0,0.0,,0.0132359461422313
Fiji,FJI,2006,54.06716805878072,3361.13397331787,0.0,0.0,,0.0160859901711711
Fiji,FJI,2007,75.57691829992301,3378.343317311276,0.0,0.0,,0.0223709999847121
Fiji,FJI,2008,53.58565862045165,3523.1637867538016,0.0,0.0,,0.0152095281013957
Fiji,FJI,2009,51.28572232079398,2870.609972954809,0.0,0.0,,0.0178657925681223
Fiji,FJI,2010,50.40895371446742,3140.492482231073,0.0,0.0,,0.0160512894075313
Fiji,FJI,2011,60.78552746780876,3774.551637896325,0.0,0.0,,0.0161040391811109
Fiji,FJI,2012,59.22151640603612,3972.03473723322,0.0,0.0,,0.0149096169403814
Fiji,FJI,2013,58.10827689951612,4190.165984416293,0.0,0.0,,0.0138677744785355
Fiji,FJI,2014,74.78794112721579,4857.075446246837,0.0,0.0,,0.0153977309916003
Fiji,FJI,2015,42.61755760351153,4682.4900902973895,0.0,0.0,,0.0091014731012073
Fiji,FJI,2016,54.411608003680406,4929.512401885573,0.0,0.0,,0.0110379290217157
Fiji,FJI,2017,75.27655501156583,5358.379459464694,0.0009611051061111,1.4,0.2,0.0140483807802379
Fiji,FJI,2018,81.37831357093523,5589.618468938069,0.0009615434805841,1.4,0.1,0.0145588315236828
Fiji,FJI,2019,79.02219897721992,5468.181885151651,0.0009625396085048,1.4,0.1,0.0144512747814401
Fiji,FJI,2020,71.18100399753999,4434.112055970817,0.0059942160097089,8.4,0.1,0.0160530458182016
Fiji,FJI,2021,68.72685185185186,4306.348097012435,0.0061956273769727,8.4,0.2,0.0159594278733601
Fiji,FJI,2022,67.77292547472017,4979.979575514525,0.0050954008257024,7.0,0.2,0.0136090769946015
Fiji,FJI,2023,73.05102679480768,5442.046565047186,0.0050151655022527,7.0,0.1,0.0134234475801796
Fiji,FJI,2024,77.45407353524665,5930.706975403178,0.0160235820229088,22.96,0.1,0.0130598382041933
Fiji,FJI,2025,81.15943222357386,6102.059330969345,0.0104133703499505,15.96,0.1,0.0133003348249452
Finland,FIN,2000,1562.0135429019497,125967.82111058732,,,,0.0124000997169797
Finland,FIN,2001,1480.5651720079554,129519.67286890474,,,,0.011431199131475
Finland,FIN,2002,1619.0113327843324,140360.9638117663,,,,0.011534626785233
Finland,FIN,2003,2480.6201304130336,171612.86773569195,,,,0.0144547443507181
Finland,FIN,2004,2898.132073886702,197458.2976397659,0.8291172509376502,802.6999999999999,,0.0146771855552706
Finland,FIN,2005,3000.584415982224,204859.36879065476,0.4333187682260067,423.25,,0.0146470451104851
Finland,FIN,2006,3131.2996706264707,217044.0682341157,0.5282685066422046,548.35,,0.0144270225678265
Finland,FIN,2007,3300.920195828051,256360.2515376496,0.6053336583748817,681.86,,0.0128760998478864
Finland,FIN,2008,3974.140756071164,285698.6620710941,0.4884628064765668,574.42,,0.0139102532971688
Finland,FIN,2009,3956.443178812126,253480.7834394533,0.451817993529832,543.62,,0.0156084541207723
Finland,FIN,2010,3720.807508634634,249429.61368333976,0.3941827293838232,491.87,,0.0149172644486325
Finland,FIN,2011,4104.876040856067,275126.91551556665,0.3222950037943466,419.99,,0.0149199362525612
Finland,FIN,2012,3943.016433984376,257443.3844929688,0.2719339256286754,358.17999999999995,,0.0153160526604717
Finland,FIN,2013,4162.3219349020055,270268.0366262774,0.3538717010429758,477.67,,0.0154007184381096
Finland,FIN,2014,3990.816356078359,273478.52895489696,0.4517986958438953,623.56,,0.0145927959000267
Finland,FIN,2015,3400.6570097656268,233210.7335062501,0.6035296737138202,850.31,,0.0145819060668341
Finland,FIN,2016,3418.1168124514647,238777.81879261415,0.6409211720134952,912.39,,0.0143150516649128
Finland,FIN,2017,3454.565037647096,253846.13844000272,0.5989126468731646,872.4099999999999,0.2,0.0136088933984851
Finland,FIN,2018,3756.616295686209,273869.25559607364,0.4811838303551584,700.6,0.6,0.0137168236993596
Finland,FIN,2019,3634.933733333267,267014.82112940686,0.4152052106944202,603.9100000000001,0.5,0.0136132283517386
Finland,FIN,2020,3876.6135937742633,270000.31160622183,0.3083167820422423,432.06,0.5,0.0143578115547809
Finland,FIN,2021,3832.078604651101,294223.21049611934,0.243738931308858,330.46,0.5,0.0130243925969995
Finland,FIN,2022,4454.922263618699,280253.0993093399,0.2153461971822579,295.84000000000003,0.5,0.0158960677851466
Finland,FIN,2023,5926.831253913837,295021.98246275063,0.1800444415308721,251.3,0.9,0.0200894564006333
Finland,FIN,2024,6502.950515293755,298696.9612976565,0.188744675875248,270.45000000000005,0.9,0.0217710635121374
Finland,FIN,2025,8081.582925343501,314315.366739616,0.1473596299208231,225.85,0.9,0.0257117016236702
France,FRA,2000,28473.83608578663,1360959.0694774806,,,,0.0209218901026308
France,FRA,2001,27976.022700854275,1370376.6772989335,,,,0.0204148415280943
France,FRA,2002,30722.709467365985,1492427.7563824484,,,,0.0205857264018165
France,FRA,2003,38655.76391205133,1835095.9830491587,,,,0.0210647095678459
France,FRA,2004,44604.51856243448,2109792.2972370014,0.3562508282650998,344.90000000000003,,0.0211416633859403
France,FRA,2005,44459.73267382473,2192146.4030280984,0.2544116099330483,248.50000000000003,,0.0202813701732743
France,FRA,2006,45832.87145494313,2317861.5446908027,0.2465285143607917,255.9,,0.0197737744775679
France,FRA,2007,50751.53984394615,2655816.911866576,0.2599918094501332,292.86,,0.0191095777789428
France,FRA,2008,55590.086700365326,2926802.941585863,0.2044431390499916,240.42,,0.0189934504679171
France,FRA,2009,56668.596297868695,2700075.882518986,0.1826570774402177,219.77,,0.0209877791453034
France,FRA,2010,52094.84206706855,2646230.0279884017,0.2572641953906417,321.02,,0.0196864375039496
France,FRA,2011,54191.76777901866,2870408.553990298,0.2255121140147256,293.87,,0.0188794614981494
France,FRA,2012,50213.6608597692,2683007.095787227,0.231004901309501,304.27,,0.0187154409463221
France,FRA,2013,52016.23368655652,2816077.6078752847,0.3007987245891085,406.03,,0.0184711648361859
France,FRA,2014,53205.5171474677,2861236.11255238,0.2546566290786033,351.47,,0.0185952906556898
France,FRA,2015,45667.91136757406,2442483.452642502,0.2015551051316737,283.97,,0.0186973268204402
France,FRA,2016,45744.98494435936,2470407.619777196,0.1971605841241439,280.67,,0.0185171809616119
France,FRA,2017,47953.83626000052,2588868.323334734,0.1916992784503416,279.24,2.0,0.018523088187904
France,FRA,2018,51349.08304078342,2781576.320884344,0.2588062959669295,376.82,4.2,0.0184604257144589
France,FRA,2019,50450.2382588226,2722793.5151717146,0.3186212362638723,463.43,1.1,0.0185288520696513
France,FRA,2020,53532.44723424048,2647926.055110001,0.4654651450967777,652.28,2.0,0.0202167455284232
France,FRA,2021,58741.98024030914,2966433.692008092,0.5305964788626952,719.38,0.8,0.0198022225807934
France,FRA,2022,54743.7865019458,2794788.13706694,0.5566652610639531,764.74,0.8,0.019587812677421
France,FRA,2023,59541.1382392168,3056250.648138292,0.4848590362356454,676.75,0.8,0.0194817588915641
France,FRA,2024,63574.69921250005,3160442.622465081,0.527256803933259,755.5,1.0,0.020115758077871
France,FRA,2025,68007.58071430183,3355698.427783032,0.5002136828815544,766.6500000000001,2.4,0.0202662969208563
Gabon,GAB,2000,91.29521219816398,5396.63932408195,,,,0.0169170490588037
Gabon,GAB,2001,90.03613723144335,5018.870755853372,,,,0.0179395209821724
Gabon,GAB,2002,94.69316544904646,5310.382675168008,,,,0.0178317027682097
Gabon,GAB,2003,108.39642119752236,6497.309015829318,,,,0.0166832793289402
Gabon,GAB,2004,125.12185657362976,7756.29063857577,0.0072303734353601,7.0,,0.016131661692941
Gabon,GAB,2005,118.11143045644477,9458.886605443364,0.0071665242234661,7.0,,0.0124868216929965
Gabon,GAB,2006,130.23771730191817,10154.043871559985,0.0255584270652278,26.53,,0.0128261921013257
Gabon,GAB,2007,,,0.0399584488948661,45.010000000000005,,
Gabon,GAB,2008,,,0.0382746264397309,45.010000000000005,,
Gabon,GAB,2009,,,0.031591188576706,38.010000000000005,,
Gabon,GAB,2010,268.7385039079141,14358.584300317922,0.0520025968441179,64.89000000000001,,0.0187162256589574
Gabon,GAB,2011,265.96533761703535,18186.48197412704,0.0387991032925597,50.56,,0.0146243422997042
Gabon,GAB,2012,278.1439571266554,17171.45073588008,0.024886911837925,32.78000000000001,,0.0161980464787094
Gabon,GAB,2013,282.163387579953,17590.71623252985,0.0259141920206069,34.98000000000001,,0.0160404717948982
Gabon,GAB,2014,208.1247733381356,18179.719509294304,0.0253446635137267,34.98000000000001,,0.0114481839629996
Gabon,GAB,2015,170.374503339251,14377.28451690212,0.0089431782394587,12.6,,0.0118502560854907
Gabon,GAB,2016,202.81539068040223,14010.982595127403,0.0071791825622572,10.22,,0.0144754580418175
Gabon,GAB,2017,267.4307708028203,14763.901660889844,0.0065355147215558,9.52,1.8,0.0181138276957814
Gabon,GAB,2018,261.2173950595958,16813.310995565982,0.0050274987699111,7.32,1.8,0.0155363446931115
Gabon,GAB,2019,266.8791961198584,16873.052334808977,0.0229771955115953,33.42,1.6,0.0158168890147569
Gabon,GAB,2020,263.471597129303,15345.305096218102,0.0206372294048549,28.92,1.7,0.0171695248466735
Gabon,GAB,2021,311.4549286354286,19439.43304412308,0.0210208786004431,28.5,1.8,0.0160218113320741
Gabon,GAB,2022,277.6747689905686,20443.62752489449,0.0207455605046455,28.5,1.7,0.0135824607767109
Gabon,GAB,2023,265.3858026318787,20055.69669407948,0.0317746557178439,44.35,1.7,0.0132324399735373
Gabon,GAB,2024,319.1283922923394,20895.747109708675,0.0170983344756649,24.5,1.8,0.0152724088120335
Gabon,GAB,2025,356.1119900942423,21427.393891449403,0.0159854369407136,24.5,2.9,0.0166194728065529
"Gambia, The",GMB,2000,3.3235256495206618,1052.436040971371,,,,0.0031579359886355
"Gambia, The",GMB,2001,2.4542367190998635,1044.9694302636583,,,,0.0023486205892938
"Gambia, The",GMB,2002,2.2592828283208632,924.492732853311,,,,0.0024438080993323
"Gambia, The",GMB,2003,1.9978613536795864,878.6109046362275,,,,0.0022738863621397
"Gambia, The",GMB,2004,1.931396571771087,1002.6905389797042,0.0047513882575223,4.6,,0.0019262140178727
"Gambia, The",GMB,2005,2.985081591063656,1077.5400843197936,0.004709430203992,4.6,,0.002770274289098
"Gambia, The",GMB,2006,2.7863167618153457,1070.6621953862227,0.0044315403128551,4.6,,0.0026024237839183
"Gambia, The",GMB,2007,4.547020046823726,1279.7030313028308,0.0040837339461538,4.6,,0.0035531837743593
"Gambia, The",GMB,2008,17.163572131838222,1567.567388650485,0.0039116481142582,4.6,,0.0109491765751865
"Gambia, The",GMB,2009,7.095309906321879,1471.4288757261552,0.0132980535971401,16.0,,0.00482205427892
"Gambia, The",GMB,2010,,,0.012822338565355,16.0,,
"Gambia, The",GMB,2011,,,0.0122781972444809,16.0,,
"Gambia, The",GMB,2012,11.173068056654888,1410.161713940474,0.0121473639233313,16.0,,0.0079232530185729
"Gambia, The",GMB,2013,10.37889449370404,1375.6094592576387,0.0118532610728905,16.0,,0.0075449426607644
"Gambia, The",GMB,2014,14.599970284939412,1229.4617326374696,0.0,0.0,,0.0118750912674762
"Gambia, The",GMB,2015,13.9038513789719,1378.1766059647211,0.0,0.0,,0.0100885846696252
"Gambia, The",GMB,2016,,,0.0,0.0,,
"Gambia, The",GMB,2017,,,0.0,0.0,3.1,
"Gambia, The",GMB,2018,11.477457171436782,1670.671341220552,0.0,0.0,3.2,0.0068699671133711
"Gambia, The",GMB,2019,14.460355727867311,1813.609678167692,0.0,0.0,2.1,0.0079732457881878
"Gambia, The",GMB,2020,14.79763942718573,1812.1708787946468,0.0,0.0,1.8,0.0081656976173396
"Gambia, The",GMB,2021,15.882447947414416,2048.910886087961,0.0,0.0,2.1,0.0077516538446136
"Gambia, The",GMB,2022,15.563929975828326,2204.7626120876603,0.0010190801651404,1.4,1.9,0.0070592316336002
"Gambia, The",GMB,2023,14.420505399032434,2401.157156758746,0.0010890073662034,1.52,1.9,0.0060056483010459
"Gambia, The",GMB,2024,14.674916178744011,2464.681872269325,0.0010607946286943,1.52,2.0,0.0059540812726602
"Gambia, The",GMB,2025,14.738181340450687,2586.7761730897814,0.0016572657073229,2.54,3.4,0.0056975093144014
Georgia,GEO,2000,18.82429143241725,3057.9640771486565,,,,0.0061558249075213
Georgia,GEO,2001,23.82996787295829,3219.456691109357,,,,0.0074018600525876
Georgia,GEO,2002,33.97580703927713,3395.7707680682934,,,,0.0100053299706695
Georgia,GEO,2003,42.64740288490667,3991.374539820552,,,,0.0106848912472203
Georgia,GEO,2004,70.419742780372,5125.763952156445,0.1340614525964839,129.79000000000002,,0.0137383897186186
Georgia,GEO,2005,214.0714301476267,6410.917778367279,0.2239538819833171,218.75,,0.033391697967174
Georgia,GEO,2006,404.1720258589217,7745.271208761535,0.2223477183058645,230.8,,0.0521830695097826
Georgia,GEO,2007,931.750564205712,10172.930571103389,0.3481205635446313,392.13,,0.0915911651704756
Georgia,GEO,2008,1090.1602506053837,12795.13030247694,0.4447118726768743,522.97,,0.0852011839531126
Georgia,GEO,2009,603.6552149369347,10766.87354916875,0.4349793331624533,523.36,,0.0560659705141182
Georgia,GEO,2010,454.1782151553575,12426.726776067191,0.3433181150873806,428.4,,0.0365484993224495
Georgia,GEO,2011,468.7796268362529,15475.467140481174,0.2555706756438705,333.04,,0.030291791684272
Georgia,GEO,2012,491.9825293585331,16894.283489578746,0.1373487254606166,180.91,,0.0291212426772649
Georgia,GEO,2013,441.87892697677154,17517.49648540091,0.0403529456650216,54.47,,0.0252250044602568
Georgia,GEO,2014,415.6432108574821,17966.244475011652,0.0126650862841607,17.479999999999997,,0.0231346741070778
Georgia,GEO,2015,299.51417628460484,15223.86996273394,0.012406885367122,17.479999999999997,,0.0196739841458037
Georgia,GEO,2016,315.19444632233643,15444.706916113904,0.011098931945564,15.8,,0.0204079266789766
Georgia,GEO,2017,321.13664460766495,16534.704199868753,0.0095835909152226,13.96,2.7,0.0194219769961299
Georgia,GEO,2018,333.9123818409045,17906.937964630935,0.034141661728454,49.71,2.4,0.0186470954721815
Georgia,GEO,2019,310.61412850550226,17652.213016908197,0.0374427907708402,54.46,2.3,0.0175963279056274
Georgia,GEO,2020,287.86407766990294,16112.795598888251,0.0388625004629461,54.46,2.2,0.0178655575876457
Georgia,GEO,2021,300.48943443132384,18870.1491947505,0.0401683174940398,54.46,2.5,0.0159240624613035
Georgia,GEO,2022,401.3817261846843,24963.462451490475,0.0360754378459731,49.56,2.1,0.0160787681983081
Georgia,GEO,2023,506.4768277021142,30777.79454647714,0.0062402987892315,8.709999999999999,2.2,0.0164559168441159
Georgia,GEO,2024,538.0846254219339,33776.08329872704,0.0120456021653051,17.259999999999998,4.4,0.015930936120181
Georgia,GEO,2025,657.8787270171082,37682.9036519846,0.0112615772080292,17.259999999999998,3.2,0.0174582811635976
Germany,DEU,2000,26440.4657520856,1966980.701145084,,,,0.0134421581953972
Germany,DEU,2001,25718.26955624885,1966381.4966418403,,,,0.0130789826898646
Germany,DEU,2002,27613.12335278544,2102350.7983059064,,,,0.0131344033426944
Germany,DEU,2003,32918.257863559775,2534715.5183491027,,,,0.012986963477858
Germany,DEU,2004,35674.73928941148,2852317.768061741,0.6525928480657873,631.8,,0.0125072808117217
Germany,DEU,2005,35668.47343976993,2893393.187361772,0.742503099009832,725.25,,0.0123275583821681
Germany,DEU,2006,35915.56937384085,3046308.7536705607,0.9681952205259696,1005.0,,0.0117898651377886
Germany,DEU,2007,40163.93932487962,3484056.680854937,0.8705899335425565,980.65,,0.0115279236258073
Germany,DEU,2008,45281.51641899224,3808197.7201250046,1.0097154284500458,1187.4,,0.0118905371377371
Germany,DEU,2009,44708.12840124651,3478545.516683596,1.0564472454578004,1271.1,,0.0128525351146966
Germany,DEU,2010,43067.89714310112,3467093.769666756,1.0942583731673972,1365.4399999999998,,0.0124219014553046
Germany,DEU,2011,45222.37537567161,3823575.803793808,0.7918209402965751,1031.84,,0.0118272469793331
Germany,DEU,2012,43795.742628853135,3596483.233406251,0.8545974204161657,1125.64,,0.0121773798976879
Germany,DEU,2013,44255.21461699969,3807023.797051021,0.7051875426671095,951.89,,0.0116246225335603
Germany,DEU,2014,44722.314292438015,3964870.735760712,0.5074656626180414,700.3899999999999,,0.011279639936069
Germany,DEU,2015,38187.11259434534,3425099.578746096,0.3679833935116958,518.45,,0.0111491977726163
Germany,DEU,2016,39946.00698153389,3536787.8951790947,0.3467924508155747,493.68,,0.0112944310389614
Germany,DEU,2017,42570.39144918281,3765351.6261059223,0.2723222667801228,396.68,0.2,0.0113058209900063
Germany,DEU,2018,46522.7888549341,4055433.215301891,0.211113739329958,307.38,0.9,0.0114717186512639
Germany,DEU,2019,49075.25488690106,3959894.794039144,0.1843125844628506,268.08,0.3,0.0123930703817622
Germany,DEU,2020,53427.93629027161,3941398.9570738734,0.1815248414940184,254.38,0.2,0.013555576807159
Germany,DEU,2021,56520.20256782855,4355251.953410783,0.3208523649115364,435.01,0.2,0.0129774817099996
Germany,DEU,2022,56126.48148575903,4201021.706478619,0.4813697951481447,661.3,0.2,0.013360197924996
Germany,DEU,2023,68584.87336429147,4562207.532490281,0.6098942767289515,851.27,0.2,0.0150332646807179
Germany,DEU,2024,86148.2850785157,4685592.577804692,0.7349422470603252,1053.09,0.2,0.0183857822992536
Germany,DEU,2025,113585.94860456196,5007070.821018432,1.6835274965827052,2580.25,0.2,0.0226851092514522
Ghana,GHA,2000,50.88259181885999,11469.59086186609,,,,0.004436304
Ghana,GHA,2001,32.35213337131857,12233.612873602517,,,,0.0026445281296359
Ghana,GHA,2002,36.97547740959672,14204.640741379544,,,,0.0026030561478322
Ghana,GHA,2003,53.24400022899481,17528.40943616724,,,,0.0030375830974791
Ghana,GHA,2004,56.35385213621471,20302.506366375084,0.0592374166454145,57.35,,0.0027757091227685
Ghana,GHA,2005,64.2724152922897,24628.55322320912,0.0575676652979288,56.23,,0.0026096707634341
Ghana,GHA,2006,75.8439343508357,28924.49277407158,0.043053377517717,44.690000000000005,,0.0026221353281196
Ghana,GHA,2007,126.43316868467411,34140.40818664471,0.0534880370121236,60.25,,0.0037033291457286
Ghana,GHA,2008,114.271459456891,38863.41498182508,0.046063908336819,54.17,,0.0029403350042792
Ghana,GHA,2009,118.61349023701686,35222.18795226475,0.019082706911896,22.96,,0.0033675787091298
Ghana,GHA,2010,122.56926071399462,43358.54730241621,0.0199066806227136,24.84,,0.0028268765523692
Ghana,GHA,2011,232.97525688450477,53538.51212494863,0.077229860667785,100.64,,0.0043515452267478
Ghana,GHA,2012,331.8927410221763,55948.74511379847,0.0937624652832135,123.5,,0.0059320855248337
Ghana,GHA,2013,251.4835844247609,62824.629058789214,0.1299265579352211,175.38,,0.0040029457904069
Ghana,GHA,2014,265.69310306137425,54783.319801599486,0.1347223194323143,185.94000000000003,,0.0048498905145506
Ghana,GHA,2015,194.1237041706584,49406.01450042475,0.1398542730399161,197.04,,0.0039291512609054
Ghana,GHA,2016,163.67161290597627,56164.9341029468,0.1006209501191519,143.24,,0.0029141245426546
Ghana,GHA,2017,188.8900824419996,60405.91943912635,0.0713826492381697,103.98,3.0,0.0031270127860954
Ghana,GHA,2018,219.31117205432548,67298.91463001685,0.0360922213604961,52.55,2.7,0.0032587623925291
Ghana,GHA,2019,234.95837619233237,68337.97361657422,0.0260229458442214,37.85,2.6,0.0034381817861708
Ghana,GHA,2020,245.815706977818,70043.09550279586,0.0260819756136739,36.55,2.4,0.003509492337728
Ghana,GHA,2021,304.3732883200992,79524.42186392873,0.010731711706542,14.55,2.7,0.0038274190643083
Ghana,GHA,2022,249.2896861853876,74263.3640440976,0.0400571296340577,55.03,2.6,0.0033568326643182
Ghana,GHA,2023,301.9797360805605,76370.39441023502,0.0447782634129705,62.5,4.4,0.0039541466089389
Ghana,GHA,2024,274.37709810539707,78629.5667034011,0.050080672733621,71.75999999999999,4.7,0.0034894901448506
Ghana,GHA,2025,506.651717200633,106257.24077490576,0.0424625402490465,65.08,4.2,0.0047681618071931
Greece,GRC,2000,4564.522446239066,126975.74522819258,,,,0.0359479870587567
Greece,GRC,2001,4431.97793564985,132050.47444239203,,,,0.0335627566229103
Greece,GRC,2002,4756.519511333388,150253.79994497553,,,,0.0316565671755075
Greece,GRC,2003,5046.898321686441,196930.5093496155,,,,0.0256278132746133
Greece,GRC,2004,6278.721333281776,234979.616026343,5.358801600722045,5188.06,,0.0267202808458836
Greece,GRC,2005,7031.224992373309,242315.668654232,4.97860485382543,4862.92,,0.0290167987543817
Greece,GRC,2006,7613.951265882284,269073.4148126006,4.613339437298425,4788.71,,0.0282969288184234
Greece,GRC,2007,8544.382383294203,314226.9971263838,5.372613645654938,6051.82,,0.027191751381749
Greece,GRC,2008,10616.942502265638,351121.40024656523,3.715793593893883,4369.68,,0.0302372412926417
Greece,GRC,2009,10684.172829804696,326829.0544240874,3.730345061219252,4488.29,,0.0326904009456304
Greece,GRC,2010,8171.584961666877,296417.64504171064,3.776274875036293,4712.12,,0.0275678087939636
Greece,GRC,2011,7137.946536965044,283228.07943083846,3.117840995657432,4062.93,,0.0252021146748907
Greece,GRC,2012,5914.653129843751,238841.14009018108,1.8345328602137545,2416.3700000000003,,0.0247639628901893
Greece,GRC,2013,5656.789414765552,236556.2794029741,1.4531505412310128,1961.52,,0.0239130807647223
Greece,GRC,2014,5538.652619882254,233911.58210294228,0.6877547598770646,949.22,,0.0236784026258466
Greece,GRC,2015,4820.278753320315,194567.3741973514,0.7438665944682468,1048.03,,0.0247743424261411
Greece,GRC,2016,4968.002551050734,193097.2388531229,0.899210177523904,1280.08,,0.02572798337541
Greece,GRC,2017,5122.991167176526,200381.10366460003,0.9012282580004276,1312.78,1.5,0.0255662388992099
Greece,GRC,2018,5760.223717019508,213298.8738888288,0.9097987049932404,1324.66,1.9,0.0270054108209766
Greece,GRC,2019,5382.657338039116,207305.64948064653,0.834563092271247,1213.86,1.9,0.0259648367110305
Greece,GRC,2020,5785.109072217815,191362.9856439492,0.411766960009802,577.03,1.9,0.0302310765728833
Greece,GRC,2021,8300.944592247928,218303.8015322247,0.3734119371595218,506.2700000000001,1.8,0.0380247367841763
Greece,GRC,2022,8755.994121206268,217990.1892752977,0.652531588027526,896.44,1.8,0.0401669182925861
Greece,GRC,2023,7020.677198039348,242946.18754580343,0.9035322168858474,1261.12,1.8,0.0288980752032411
Greece,GRC,2024,7391.576221093756,256238.37132351843,1.2556039791243991,1799.14,1.8,0.0288464845562157
Greece,GRC,2025,8388.421361369943,280660.511243813,1.48849864123786,2281.34,0.9,0.0298881425256252
Guatemala,GTM,2000,157.8480927869579,17187.26174037106,,,,0.0091840163471874
Guatemala,GTM,2001,196.76557753999128,18702.833459946374,,,,0.0105206292918867
Guatemala,GTM,2002,158.3681192587242,20776.536919959344,,,,0.0076224502605429
Guatemala,GTM,2003,178.7717939515291,21917.565499915,,,,0.0081565534252525
Guatemala,GTM,2004,114.89334927326496,23965.26772793053,0.0,0.0,,0.0047941608905692
Guatemala,GTM,2005,104.4676798612512,27211.243473226143,0.0,0.0,,0.0038391365673545
Guatemala,GTM,2006,130.54692915477932,30231.13054298315,0.0,0.0,,0.0043182946456192
Guatemala,GTM,2007,135.9258728317673,34113.093453924645,0.0,0.0,,0.0039845660146699
Guatemala,GTM,2008,166.49404830404112,35558.092417982734,0.0003401433142833,0.4,,0.0046823110291439
Guatemala,GTM,2009,147.4105440626547,37288.34345610828,0.0003324513399285,0.4,,0.0039532607351187
Guatemala,GTM,2010,169.79884012574198,38469.76261342952,0.0003205584641338,0.4,,0.0044138260438983
Guatemala,GTM,2011,197.4331506842277,42955.786936851575,0.000306954931112,0.4,,0.00459619447723
Guatemala,GTM,2012,224.3665436497349,47148.63282969078,0.0018980256130205,2.5,,0.0047587073088669
Guatemala,GTM,2013,249.7578533781522,52996.47316628606,0.0015557405158168,2.1,,0.0047127259316764
Guatemala,GTM,2014,245.67287588320764,57852.15046123921,0.0015215492675479,2.1,,0.0042465642836873
Guatemala,GTM,2015,252.4554806353909,62186.06475516873,0.0249131393813492,35.1,,0.0040596793128706
Guatemala,GTM,2016,290.91270400085006,66041.99936439208,0.0246564880562847,35.1,,0.0044049651252336
Guatemala,GTM,2017,275.014798544949,71646.378266472,0.0226546203583343,33.0,5.1,0.003838502450495
Guatemala,GTM,2018,273.11497684402644,73321.1028240625,0.0256045292544109,37.28,5.3,0.0037249163791136
Guatemala,GTM,2019,331.8825516434975,77169.28931682395,0.0349126866570559,50.78,5.0,0.0043007076335889
Guatemala,GTM,2020,342.7664810257739,77726.0071152032,0.0126877572205505,17.78,4.5,0.0044099329651365
Guatemala,GTM,2021,337.8159832936586,86455.51596343241,0.0131140779479256,17.78,3.9,0.0039073965325305
Guatemala,GTM,2022,441.49359653276326,95641.44431863994,0.0202214621340019,27.78,5.4,0.004616132678443
Guatemala,GTM,2023,437.6291247981436,104368.7577331865,0.0208129368343487,29.05,5.9,0.0041931046637243
Guatemala,GTM,2024,453.4617510065525,113199.5932948582,0.010852208208024,15.55,5.7,0.0040058602492094
Guatemala,GTM,2025,632.8722739811586,120973.4693336946,0.0101458589562488,15.55,5.8,0.0052314964385739
Guinea,GIN,2000,45.96793121411439,2995.360845397769,,,,0.0153463751403247
Guinea,GIN,2001,87.71839881880076,2829.4335985563125,,,,0.0310021054615164
Guinea,GIN,2002,98.08486517126894,2950.204469997571,,,,0.0332468024398829
Guinea,GIN,2003,84.13394930803605,3446.44395520245,,,,0.0244118141486197
Guinea,GIN,2004,81.01857009799771,3635.460107935631,0.0346954633848208,33.59,,0.0222856440980185
Guinea,GIN,2005,,,0.0087943490113677,8.59,,
Guinea,GIN,2006,,,0.002138699890117,2.22,,
Guinea,GIN,2007,,,0.0021483991629765,2.42,,
Guinea,GIN,2008,,,0.0007823296228516,0.92,,
Guinea,GIN,2009,,,0.0007646380818355,0.92,,
Guinea,GIN,2010,,,0.0039268411856399,4.9,,
Guinea,GIN,2011,,,0.0042206303027903,5.5,,
Guinea,GIN,2012,168.9133574679029,7523.687527711725,0.0070606552804363,9.3,,0.0224508735704068
Guinea,GIN,2013,196.818705594191,8248.26087310644,0.0068897079986176,9.3,,0.0238618429535759
Guinea,GIN,2014,196.94558975324065,8651.480843657793,0.0104479716371623,14.420000000000002,,0.0227643791059905
Guinea,GIN,2015,221.4142323102065,8794.195511145057,0.0068990232132967,9.72,,0.025177315199509
Guinea,GIN,2016,161.85674445321777,8600.21817668542,0.0064064721103509,9.12,,0.0188200742269539
Guinea,GIN,2017,181.63777587054463,10291.516754579496,0.0051625074271113,7.52,4.6,0.0176492717450729
Guinea,GIN,2018,197.07952635247597,11799.9557954543,0.0060439875922429,8.799999999999999,3.9,0.0167017173427375
Guinea,GIN,2019,197.75433070763407,13423.43497221808,0.0051702127542548,7.52,4.0,0.0147320213579398
Guinea,GIN,2020,206.99289078606407,14084.61470553106,0.0053662505229775,7.52,4.5,0.0146963829052971
Guinea,GIN,2021,244.5585904158029,15814.583601475126,0.0060628639331804,8.219999999999999,4.4,0.0154641182201592
Guinea,GIN,2022,441.26016972619306,20161.22830848325,0.0042364618293697,5.82,4.4,0.0218865717393083
Guinea,GIN,2023,504.6671802862754,23658.894857965726,0.0037542096045434,5.24,5.0,0.0213309701622161
Guinea,GIN,2024,562.4559504996824,25902.454743966824,0.0054435513840892,7.800000000000001,4.8,0.0217143879242058
Guinea,GIN,2025,600.5396424306408,29612.94441130181,0.0092650287574748,14.2,5.1,0.0202796329230079
Guinea-Bissau,GNB,2000,9.531360607660933,362.6807645201524,,,,0.0262803036170707
Guinea-Bissau,GNB,2001,6.1831635151745,380.0984667937177,,,,0.0162672677091595
Guinea-Bissau,GNB,2002,6.363093769189713,408.25625138558473,,,,0.015586028989376
Guinea-Bissau,GNB,2003,7.505161734342739,476.3902271163111,,,,0.0157542311053966
Guinea-Bissau,GNB,2004,,,,,,
Guinea-Bissau,GNB,2005,12.116374832217312,639.5217678913073,,,,0.0189459928348781
Guinea-Bissau,GNB,2006,,,,,,
Guinea-Bissau,GNB,2007,,,,,,
Guinea-Bissau,GNB,2008,,,,,,
Guinea-Bissau,GNB,2009,13.744583702185157,886.5999360381946,,,,0.0155025769160365
Guinea-Bissau,GNB,2010,17.129808167954497,939.1962273913932,,,,0.0182387957578709
Guinea-Bissau,GNB,2011,17.519804351235308,1155.5604410177868,,,,0.0151613050510835
Guinea-Bissau,GNB,2012,24.49175068115888,1049.4716760868534,,,,0.0233372193259
Guinea-Bissau,GNB,2013,21.710792648368557,1109.367520039677,,,,0.019570423918299
Guinea-Bissau,GNB,2014,21.47083120865868,1133.7407205136176,,,,0.0189380436110046
Guinea-Bissau,GNB,2015,17.036957292550245,1151.92081717723,,,,0.0147900420224188
Guinea-Bissau,GNB,2016,15.730078467708704,1243.9310243461898,,,,0.0126454587592398
Guinea-Bissau,GNB,2017,19.166184134337,1453.6479444122756,,,2.0,0.0131848871716226
Guinea-Bissau,GNB,2018,10.630254217769332,1537.54246559567,,,2.0,0.0069137955247635
Guinea-Bissau,GNB,2019,22.442512944613775,1511.0451602333276,,,1.8,0.0148523111917769
Guinea-Bissau,GNB,2020,24.1032547309156,1591.170695257789,,,1.8,0.01514812634669
Guinea-Bissau,GNB,2021,25.59641743902417,1758.0365142864357,,,2.2,0.0145596620041839
Guinea-Bissau,GNB,2022,18.69807509719314,1754.9038596802511,,,1.9,0.0106547575207909
Guinea-Bissau,GNB,2023,18.266819268467025,2048.1580991978185,,,2.2,0.0089186568535023
Guinea-Bissau,GNB,2024,23.221751789816413,2233.1549317454883,,,2.0,0.0103986299650359
Guinea-Bissau,GNB,2025,22.3601843571576,2520.7453006233877,,,2.2,0.0088704655530361
Guyana,GUY,2000,12.585649290138685,712.6733541632407,,,,0.01765977248429
Guyana,GUY,2001,14.371052898500436,712.162544509158,,,,0.0201794562341176
Guyana,GUY,2002,16.65224346366664,726.130038681221,,,,0.0229328668097934
Guyana,GUY,2003,16.345330568708157,743.0652147964752,,,,0.0219971682743689
Guyana,GUY,2004,22.132238739738185,787.8134444917604,0.0100192317604275,9.7,,0.0280932483375125
Guyana,GUY,2005,18.506566604127578,1312.070360460978,0.0099307549953745,9.7,,0.0141048583687429
Guyana,GUY,2006,19.17697364477392,2379.8229664115734,0.0026011214879802,2.7,,0.0080581513479929
Guyana,GUY,2007,24.97195411842033,2730.967101068956,0.0001775536498327,0.2,,0.0091439966847809
Guyana,GUY,2008,30.52059342051632,3025.192380409855,0.0004081719771399,0.48,,0.0100888107540391
Guyana,GUY,2009,31.055650894827163,3165.663152733513,0.0002327159379499,0.28,,0.0098101564811186
Guyana,GUY,2010,31.07505549117052,3432.909701624467,0.0002243909248937,0.28,,0.009052103956147
Guyana,GUY,2011,32.41674754188356,3691.375270809438,0.0002148684517784,0.28,,0.0087817534560162
Guyana,GUY,2012,33.54260660213939,4063.095156539016,0.0002125788686582,0.28,,0.0082554322037368
Guyana,GUY,2013,35.163485788289826,4167.804317555528,0.0,0.0,,0.0084369330009508
Guyana,GUY,2014,39.28096746979678,4127.660158473225,0.0,0.0,,0.0095165217003539
Guyana,GUY,2015,46.43050847457627,4279.8401937046,0.0,0.0,,0.0108486547097886
Guyana,GUY,2016,51.56213082321534,4467.625644596013,0.0,0.0,,0.0115412827584567
Guyana,GUY,2017,59.51089588377724,4748.174334140436,0.0,0.0,1.4,0.0125334268912328
Guyana,GUY,2018,61.79956671748396,4787.637005536403,0.0003296720504859,0.48,1.3,0.0129081562879598
Guyana,GUY,2019,67.23884892086332,5173.7601918465225,0.0017050701636372,2.48,1.3,0.012996127850461
Guyana,GUY,2020,76.73860911270984,5471.25659472422,0.0017697209171521,2.48,1.2,0.0140257741131546
Guyana,GUY,2021,76.789448441247,8041.362110311751,0.0055170586642566,7.48,1.3,0.0095493086106366
Guyana,GUY,2022,88.51553956834532,14718.388489208632,0.0054447997394648,7.48,1.7,0.0060139423302519
Guyana,GUY,2023,110.59856115107914,16918.503597122304,0.0085974265752903,12.0,1.6,0.0065371361312291
Guyana,GUY,2024,206.62065227817743,24662.709832134293,0.0132599328586789,19.0,1.9,0.0083778568407337
Guyana,GUY,2025,247.64380340654924,24979.391628565565,0.0159201902593229,24.4,2.0,0.0099139245298253
Haiti,HTI,2000,,,,,,
Haiti,HTI,2001,,,,,,
Haiti,HTI,2002,,,,,,
Haiti,HTI,2003,,,,,,
Haiti,HTI,2004,,,0.0,0.0,,
Haiti,HTI,2005,,,0.0,0.0,,
Haiti,HTI,2006,,,0.0,0.0,,
Haiti,HTI,2007,,,0.0,0.0,,
Haiti,HTI,2008,,,0.0,0.0,,
Haiti,HTI,2009,,,0.0,0.0,,
Haiti,HTI,2010,,,0.0,0.0,,
Haiti,HTI,2011,,,0.0,0.0,,
Haiti,HTI,2012,,,0.0,0.0,,
Haiti,HTI,2013,4.48084338790874,14786.75248433189,0.0,0.0,,0.0003030309320898
Haiti,HTI,2014,5.313386887964036,14940.990008876472,0.0,0.0,,0.0003556248203638
Haiti,HTI,2015,5.679753413742172,14204.421652779363,0.0,0.0,,0.0003998581253486
Haiti,HTI,2016,6.564216121309848,13333.356319394405,0.0,0.0,,0.0004923153603689
Haiti,HTI,2017,6.650488285640123,15237.363268783783,0.0,0.0,2.3,0.0004364592592777
Haiti,HTI,2018,9.682978336575797,15822.209353927028,0.0,0.0,3.5,0.0006119864881052
Haiti,HTI,2019,12.036259720805988,14006.80586736897,0.0,0.0,4.4,0.0008593150954455
Haiti,HTI,2020,15.984954354416269,15505.195825918574,0.0,0.0,3.9,0.0010309417909895
Haiti,HTI,2021,29.316357785817008,19043.730285389767,0.0,0.0,4.7,0.001539423072396
Haiti,HTI,2022,12.889784459732924,18751.27094604292,0.0,0.0,5.1,0.0006874085760279
Haiti,HTI,2023,11.786377442106629,19841.2182515377,0.0,0.0,6.0,0.0005940349676458
Haiti,HTI,2024,19.781061318649925,25312.21672473493,0.0,0.0,6.6,0.0007814827730721
Haiti,HTI,2025,39.14469697650407,32307.754822415303,0.0006394174776285,0.98,7.1,0.0012116192286238
Honduras,HND,2000,52.46239689471131,7187.328157852176,,,,0.0072992906045894
Honduras,HND,2001,62.95197657961574,7652.707497237248,,,,0.0082261051532862
Honduras,HND,2002,63.602176056080914,7860.00462472769,,,,0.0080918751441936
Honduras,HND,2003,82.19517679140746,8233.80396995151,,,,0.0099826492215956
Honduras,HND,2004,60.561786644110256,8871.016466917863,0.0,0.0,,0.0068269275420646
Honduras,HND,2005,62.58927480976833,9757.034456757803,0.0,0.0,,0.0064147846445718
Honduras,HND,2006,75.59591854015835,10917.481688471147,0.0,0.0,,0.0069243000077561
Honduras,HND,2007,95.92434017284904,12361.252388185296,0.0,0.0,,0.0077600826486264
Honduras,HND,2008,132.42840063902497,13881.695743712904,0.0003401433142833,0.4,,0.0095397855625097
Honduras,HND,2009,156.8025572767543,14587.496229181112,0.0003324513399285,0.4,,0.0107491069621038
Honduras,HND,2010,170.18697969314795,15839.344591984163,0.0003205584641338,0.4,,0.0107445720815541
Honduras,HND,2011,200.3584058867374,17710.31500599986,0.000460432396668,0.6000000000000001,,0.0113130910330426
Honduras,HND,2012,209.7056742316252,18528.60190132396,0.0006073681961665,0.8,,0.0113179437578957
Honduras,HND,2013,254.07160674981657,18417.187576424552,0.0151129078679354,20.4,,0.013795353155606
Honduras,HND,2014,241.8879921741257,20280.435314257767,0.0241998788267145,33.4,,0.0119271597688078
Honduras,HND,2015,288.1489026761738,21317.029354569877,0.0295763680347812,41.67,,0.0135173104039658
Honduras,HND,2016,334.21713429792385,21822.06888631178,0.0291311840368698,41.47,,0.0153155567439147
Honduras,HND,2017,367.9285964367496,23142.594579303524,0.0351970419930848,51.27,4.9,0.0158983296006831
Honduras,HND,2018,358.4975844894758,24065.13967832785,0.0221635772274635,32.27,4.2,0.0148969667029327
Honduras,HND,2019,392.6301403394256,24878.71246736293,0.0287180567480351,41.77,5.4,0.0157817708956802
Honduras,HND,2020,342.5307512205786,23352.28989484206,0.0242480309535605,33.98,5.2,0.014667972724004
Honduras,HND,2021,421.6665419587796,28144.5434792491,0.0281974803121032,38.23,4.7,0.0149821773541885
Honduras,HND,2022,460.5761315591221,31426.26677377197,0.0205490236156542,28.23,5.2,0.0146557698015697
Honduras,HND,2023,524.2246623744479,34355.80577420503,0.019508993803763,27.23,5.0,0.0152586921063584
Honduras,HND,2024,547.3303524805732,37093.56519359143,0.0078373182106823,11.23,5.6,0.0147553989384426
Honduras,HND,2025,580.2460116353736,39648.58463769048,0.0070140182494967,10.75,5.4,0.0146347219437382
Hungary,HUN,2000,715.8576648155959,47275.9879367352,,,,0.0151420984744635
Hungary,HUN,2001,845.0556738455094,53799.598589828616,,,,0.015707471728335
Hungary,HUN,2002,1079.1548236243004,67630.25278513458,,,,0.015956687712714
Hungary,HUN,2003,1401.561253104005,85190.35518285209,,,,0.0164521118628476
Hungary,HUN,2004,1532.6122340268118,104015.26047369617,0.1022581385858071,99.0,,0.0147344940256568
Hungary,HUN,2005,1596.0878431529738,113097.95423457908,0.100331339128526,98.0,,0.0141124377885959
Hungary,HUN,2006,1410.0717714720283,115604.1114121394,0.3246584968330864,337.0,,0.012197418882837
Hungary,HUN,2007,1776.4641172818665,140123.17427815232,0.4727365926797648,532.5,,0.012677875208247
Hungary,HUN,2008,1867.8774990849035,158228.54171387403,0.457067578568216,537.5,,0.0118049340457336
Hungary,HUN,2009,1475.8181692382204,130807.247136037,0.3902563166585714,469.55,,0.0112823884115793
Hungary,HUN,2010,1350.8204131881662,131898.8429577194,0.3808555112374575,475.24,,0.0102413363369773
Hungary,HUN,2011,1472.069831638109,141712.80495386836,0.177396928562916,231.17,,0.0103876980779352
Hungary,HUN,2012,1322.2777027507284,128470.36480915484,0.0270810294465767,35.67,,0.0102924725458279
Hungary,HUN,2013,1280.0509622477034,135646.05377858246,0.0238620961973627,32.21,,0.0094366988687865
Hungary,HUN,2014,1209.8018902128802,141128.6964123213,0.0256199914764259,35.36,,0.0085723309360013
Hungary,HUN,2015,1132.4762917378182,125243.90243902436,0.0121868547913893,17.169999999999998,,0.0090421670810614
Hungary,HUN,2016,1288.6960228281862,128983.56086529251,0.0160442788377648,22.84,,0.0099911648754531
Hungary,HUN,2017,1708.1197619336835,143335.09899186218,0.0194005930705008,28.26,1.0,0.0119169678184033
Hungary,HUN,2018,1615.400272625785,161184.69101383525,0.0367172246228757,53.46,1.0,0.0100220452852258
Hungary,HUN,2019,2190.0708731851646,164936.6820339916,0.0425992529592592,61.96,1.0,0.0132782522734015
Hungary,HUN,2020,2767.305923224283,158468.4877541968,0.0837477608213617,117.36,1.0,0.0174628152413286
Hungary,HUN,2021,2410.401106196517,183282.6854404858,0.0906921836038769,122.96,1.0,0.0131512755850535
Hungary,HUN,2022,3255.307471232236,177002.58054415544,0.1149304051957365,157.89,1.0,0.0183912995009706
Hungary,HUN,2023,4358.422113446592,213240.31663464775,0.2700308396855778,376.9,1.0,0.0204390153899181
Hungary,HUN,2024,4732.68083923351,222722.73892564097,0.6572739350686212,941.8,1.0,0.021249203660402
Hungary,HUN,2025,5001.983632200586,245580.3771224994,0.8405403730152775,1288.25,0.9,0.0203680102246341
Iceland,ISL,2000,0.0,,,,,0.0
Iceland,ISL,2001,0.0,,,,,0.0
Iceland,ISL,2002,0.0,,,,,0.0
Iceland,ISL,2003,0.0,,,,,0.0
Iceland,ISL,2004,0.0,,0.0,0.0,,0.0
Iceland,ISL,2005,0.0,,0.0,0.0,,0.0
Iceland,ISL,2006,0.0,,0.0,0.0,,0.0
Iceland,ISL,2007,0.0,,0.0,0.0,,0.0
Iceland,ISL,2008,0.0,,0.0,0.0,,0.0
Iceland,ISL,2009,0.0,,0.0,0.0,,0.0
Iceland,ISL,2010,0.0,,0.0,0.0,,0.0
Iceland,ISL,2011,0.0,,0.0383693663890029,50.0,,0.0
Iceland,ISL,2012,0.0,,0.0379605122604103,50.0,,0.0
Iceland,ISL,2013,0.0,,0.0370414408527828,50.0,,0.0
Iceland,ISL,2014,0.0,,0.0362273635130456,50.0,,0.0
Iceland,ISL,2015,0.0,,0.0354888025375345,50.0,,0.0
Iceland,ISL,2016,0.0,,0.0,0.0,,0.0
Iceland,ISL,2017,0.0,,0.0,0.0,0.1,0.0
Iceland,ISL,2018,0.0,,0.0,0.0,0.1,0.0
Iceland,ISL,2019,0.0,,0.0,0.0,0.1,0.0
Iceland,ISL,2020,0.0,,0.0,0.0,0.1,0.0
Iceland,ISL,2021,0.0,,0.0,0.0,0.0,0.0
Iceland,ISL,2022,0.0,,0.0,0.0,0.0,0.0
Iceland,ISL,2023,0.0,,0.0,0.0,0.0,0.0
Iceland,ISL,2024,0.0,,0.0,0.0,0.0,0.0
Iceland,ISL,2025,0.0,,0.0,0.0,0.0,0.0
India,IND,2000,14287.514240703493,484498.26530430594,,,,0.0294892990622571
India,IND,2001,14600.642346099725,499263.6054032517,,,,0.0292443554628959
India,IND,2002,14749.667251590712,521767.318243253,,,,0.0282686683045837
India,IND,2003,16333.986643282034,609983.0963027523,,,,0.0267777693222748
India,IND,2004,20238.566526541108,715459.1407213511,9.279709165458936,8984.039999999999,,0.0282875224798104
India,IND,2005,23072.312925170067,792702.947845805,9.417119966386952,9198.3,,0.0291058750164482
India,IND,2006,23951.92795815216,893601.4302425674,9.282275437956605,9635.13,,0.0268038156022763
India,IND,2007,28254.77345006469,1140111.4913479327,8.90652608205411,10032.489999999998,,0.0247824652803556
India,IND,2008,33002.37672737971,1254146.6307475886,7.549361810358368,8877.86,,0.0263146078124112
India,IND,2009,38722.154392184326,1237372.7670317092,7.139475637799585,8590.1,,0.0312938472737472
India,IND,2010,46090.44565650027,1595121.3538090093,8.242880416546491,10285.65,,0.028894632716464
India,IND,2011,49633.81579370266,1835242.81933984,9.534327115270552,12424.4,,0.0270448222276965
India,IND,2012,47216.92004820612,1803434.6859491144,11.10796713712901,14630.95,,0.0261816634758562
India,IND,2013,47403.52880142257,1859818.9693128408,13.549684981066267,18289.9,,0.025488248901417
India,IND,2014,50914.096277082994,2001354.6081623265,14.210944112625947,19613.550000000003,,0.0254398176462256
India,IND,2015,51295.483753943605,2087345.92724076,13.804789299075566,19449.5,,0.0245745006060162
India,IND,2016,56637.62264087408,2227064.418692794,12.978234011005084,18475.300000000003,,0.0254315152114541
India,IND,2017,64639.5670064827,2553398.258974505,11.431246831356605,16651.4,8.4,0.025315113605679
India,IND,2018,66228.14802467873,2731863.6617603083,9.15591317646988,13330.94,8.3,0.0242428452604416
India,IND,2019,71426.94442711257,2805459.3104265053,9.110231136011246,13250.7,8.2,0.0254599823143589
India,IND,2020,72815.43572954128,2597197.356376593,9.410569472642434,13187.51,8.7,0.0280361581112679
India,IND,2021,76253.50047049722,3088759.982902634,10.690791062866516,14494.52,8.8,0.0246874153034185
India,IND,2022,79887.01126903249,3352233.4361329284,10.564207182200397,14512.98,8.8,0.0238309809835882
India,IND,2023,82262.1715631578,3490426.496813315,10.08144270549551,14071.34,8.7,0.0235679426678262
India,IND,2024,85597.08311910968,3849868.9496740536,8.70437824139931,12472.4,8.5,0.0222337654185233
India,IND,2025,92057.0135881601,4010885.704103067,8.26398807290664,12665.759999999998,8.4,0.0229517917935151
Indonesia,IDN,2000,1129.5421689608188,165021.0317896168,,,,0.0068448376350043
Indonesia,IDN,2001,919.0271761111408,160446.74661455923,,,,0.0057279265270421
Indonesia,IDN,2002,1369.8568836964128,195660.24040961472,,,,0.0070012020880104
Indonesia,IDN,2003,2134.7458746900684,234771.91291573728,,,,0.0090928503677365
Indonesia,IDN,2004,2428.947795298053,256837.28891300337,0.7123983654811231,689.7,,0.0094571462172721
Indonesia,IDN,2005,2146.2704227916097,285868.5058592495,0.564814249834863,551.69,,0.0075078939400493
Indonesia,IDN,2006,2611.87606790172,396518.1500075518,0.5710328706612571,592.74,,0.0065870277762871
Indonesia,IDN,2007,3348.758341538125,470092.26561645337,0.9795546084449313,1103.39,,0.0071236193115127
Indonesia,IDN,2008,3232.2013823643506,558290.837808683,0.8412849627998013,989.3300000000002,,0.0057894580449338
Indonesia,IDN,2009,3304.4472115448243,578576.6276264896,1.126494742780736,1355.38,,0.0057113389199642
Indonesia,IDN,2010,4663.364049385253,755094.1575942477,1.2369790153614022,1543.53,,0.0061758709195193
Indonesia,IDN,2011,5838.0239668887525,892969.104529233,1.3332127000454064,1737.34,,0.006537767026068
Indonesia,IDN,2012,6531.0985351060135,917869.913365244,1.0031369048911511,1321.29,,0.0071154947340638
Indonesia,IDN,2013,8383.996543430798,912524.1367180182,1.4189242498830414,1915.32,,0.0091876983918306
Indonesia,IDN,2014,6929.248704206713,890814.7555112912,1.932910980238553,2667.75,,0.0077785517823283
Indonesia,IDN,2015,7595.030527643327,860854.2327178527,2.0476968086552363,2884.99,,0.0088226673448123
Indonesia,IDN,2016,7382.520842878277,931877.3640339092,2.0937011172831164,2980.51,,0.0079222021349685
Indonesia,IDN,2017,8787.045789836942,1015618.744168151,2.7390122516873405,3989.8,6.0,0.0086519137622199
Indonesia,IDN,2018,7493.183871711699,1042271.5329533672,2.412904078345464,3513.17,6.4,0.0071892819047634
Indonesia,IDN,2019,8153.355917051296,1119099.8713861587,1.7580098421050028,2557.0,6.8,0.0072856374355152
Indonesia,IDN,2020,9386.167207313243,1059054.8427117215,1.7139033485474624,2401.78,6.6,0.0088627772885489
Indonesia,IDN,2021,8798.276063573387,1186509.6980600343,1.7815747794891394,2415.45,6.8,0.0074152584491797
Indonesia,IDN,2022,10130.672035309675,1319076.274025546,0.9681552734596076,1330.04,7.3,0.0076801260357696
Indonesia,IDN,2023,11258.797569510034,1371171.1392050586,0.977033049582434,1363.71,7.3,0.0082110812046681
Indonesia,IDN,2024,12012.394513002397,1396300.0982199465,0.9143910121104364,1310.22,7.2,0.0086030177383187
Indonesia,IDN,2025,15025.41611528609,1438267.399749906,1.5033814092630713,2304.15,7.5,0.0104468863842
Iran,IRN,2000,8327.053824362605,362827.9142867734,,,,0.0229504222152572
Iran,IRN,2001,10378.79176571862,429198.603241786,,,,0.0241817929679323
Iran,IRN,2002,3243.891033232663,149173.47046356046,,,,0.0217457636612742
Iran,IRN,2003,3717.0684497839247,154553.2731125534,,,,0.0240504026535689
Iran,IRN,2004,5243.621132599411,184989.03511570243,1.8370519660366635,1778.52,,0.0283455780463947
Iran,IRN,2005,6796.744965394759,223823.45340121552,1.4479450298925964,1414.3000000000002,,0.0303665449804816
Iran,IRN,2006,8751.474767035876,263980.7894836527,1.2583551394018075,1306.19,,0.033151938003344
Iran,IRN,2007,9330.901881771117,351581.09567930805,1.0616820491750814,1195.9,,0.0265398282115891
Iran,IRN,2008,11081.950208569098,412990.6115830124,0.8250601267084866,970.25,,0.0268334192055636
Iran,IRN,2009,12584.623338706246,412921.2332243241,0.7859149675909812,945.6,,0.0304770554917661
Iran,IRN,2010,13561.272454213882,486669.2466525784,0.7852480277039448,979.85,,0.027865480606164
Iran,IRN,2011,14277.667360568184,599490.270474298,0.4995691503848178,651.0,,0.0238163454250427
Iran,IRN,2012,16493.96328692867,613932.5279555623,0.2773015420622974,365.25,,0.0268660846849973
Iran,IRN,2013,11997.1869840994,550134.8827012175,0.2383616718876577,321.75,,0.0218077190909836
Iran,IRN,2014,9901.118855302648,467793.6180242659,0.1762461234909672,243.25,,0.0211655706144948
Iran,IRN,2015,10588.769670868436,414094.3936141671,0.118710044488053,167.25,,0.0255709080686915
Iran,IRN,2016,12234.378306652772,437499.0244494981,0.344909847169112,491.0,,0.0279643556281004
Iran,IRN,2017,13931.196489797549,489786.8779277852,0.312187533574319,454.75,8.2,0.028443384495596
Iran,IRN,2018,11795.842412294844,500609.770711546,0.3049466466995295,444.0,8.5,0.0235629488324383
Iran,IRN,2019,4921.057693827596,229211.83718248436,0.2975278682717794,432.75,8.8,0.0214694745014837
Iran,IRN,2020,3349.702008045814,153867.07379507562,0.3022083904894913,423.5,9.2,0.0217701027609522
Iran,IRN,2021,5699.580109499255,245923.77114505816,0.0077445342212159,10.5,9.4,0.0231762065251405
Iran,IRN,2022,7459.331830845907,333292.5161881709,0.0054593580275383,7.5,9.3,0.0223807360457937
Iran,IRN,2023,7390.861136377818,296368.14149152563,0.018269531472492,25.5,9.3,0.0249381094040067
Iran,IRN,2024,7891.903306818182,355686.58727273066,0.0453629282007436,65.0,9.3,0.0221878012531489
Iran,IRN,2025,7396.05710981132,353611.137788982,0.0411054092761206,63.0,9.3,0.0209157922910927
Iraq,IRQ,2000,,,,,,
Iraq,IRQ,2001,,,,,,
Iraq,IRQ,2002,,,,,,
Iraq,IRQ,2003,,,,,,
Iraq,IRQ,2004,613.7248696178667,36627.64975024425,0.0509431454045657,49.32,,0.0167557807777108
Iraq,IRQ,2005,1120.2785326086955,49954.89035326087,0.2502447879916901,244.43,,0.0224258030532453
Iraq,IRQ,2006,1236.0810129342656,65140.147197121485,0.530599882198098,550.77,,0.0189757172208061
Iraq,IRQ,2007,1989.9487473795805,88839.85222028266,0.7547716877566373,850.19,,0.0223992802514507
Iraq,IRQ,2008,3116.3040198477893,131614.0255473229,1.0456175552726508,1229.62,,0.0236775982414373
Iraq,IRQ,2009,3237.1794871794878,111659.9888888889,1.328276083550341,1598.1600000000003,,0.0289914007639813
Iraq,IRQ,2010,3752.9059829059834,138516.72264957265,1.5093655562975594,1883.42,,0.0270935227972458
Iraq,IRQ,2011,4278.632478632479,185749.6644444444,1.6880065571712382,2199.68,,0.0230344021962535
Iraq,IRQ,2012,4141.066053834346,218000.36932865705,1.8398397398277595,2423.36,,0.0189956836613945
Iraq,IRQ,2013,7780.188679245283,234637.6751286449,1.7919686007114175,2418.87,,0.0331583096149398
Iraq,IRQ,2014,6923.644082332762,234650.96086725997,1.9052550109326944,2629.5800000000004,,0.0295061399141229
Iraq,IRQ,2015,9604.23101085097,177431.4338894183,2.581590354029906,3637.19,,0.0541292532011925
Iraq,IRQ,2016,5970.184433164129,168167.8252115059,3.4035226043095883,4845.12,,0.0355013476903526
Iraq,IRQ,2017,7416.385135135135,189726.62432432428,3.615787249773711,5266.959999999999,9.6,0.0390898492056515
Iraq,IRQ,2018,6330.162756288311,230043.4487423378,3.671921639151414,5346.290000000001,9.7,0.0275172485497662
Iraq,IRQ,2019,7661.844331641286,236681.59272419623,3.3425562961915887,4861.700000000001,9.5,0.0323719485045446
Iraq,IRQ,2020,5676.426174496644,182393.9547818792,2.4107380956475644,3378.2900000000004,9.0,0.0311217889939661
Iraq,IRQ,2021,4765.369655172414,210753.3898510345,1.141588598688489,1547.76,9.1,0.022611117470237
Iraq,IRQ,2022,4724.206896551725,288059.4033793104,0.4785454872618983,657.4200000000001,9.3,0.0164001134527484
Iraq,IRQ,2023,5726.552380952381,253085.4892952381,0.167384730898757,233.63,9.2,0.0226269486919182
Iraq,IRQ,2024,6335.846153846154,278770.6638461539,0.1183065167475394,169.51999999999998,9.1,0.022727808107322
Iraq,IRQ,2025,6447.958100793246,263467.0074285584,0.1436405690815551,220.15,8.9,0.0244734935266673
Ireland,IRL,2000,694.6747742767644,99958.8066288926,,,,0.0069496105216203
Ireland,IRL,2001,767.7783643994237,109251.079474904,,,,0.0070276501439584
Ireland,IRL,2002,811.2559408968989,127991.99440026352,,,,0.0063383334613873
Ireland,IRL,2003,965.1999810391025,164301.65698607502,,,,0.005874560237216
Ireland,IRL,2004,1101.860647035816,194023.76663997068,0.0947901957375709,91.77,,0.0056789983315828
Ireland,IRL,2005,1144.9783614385913,211792.72405984183,0.0985397080726595,96.25,,0.005406126988173
Ireland,IRL,2006,1190.3791173707034,231974.321712219,0.0631783508080528,65.58,,0.0051315124388959
Ireland,IRL,2007,1372.2253701559457,269722.3467271069,0.0622325542663878,70.1,,0.0050875479425674
Ireland,IRL,2008,1582.8908338521258,274336.95829787233,0.0921788381707806,108.4,,0.0057698781953156
Ireland,IRL,2009,1415.7253734494882,235495.3976117014,0.0678616297629056,81.64999999999999,,0.0060116901978008
Ireland,IRL,2010,1274.2286883563231,221516.6815633506,0.0650733682191767,81.2,,0.0057522922398596
Ireland,IRL,2011,1300.331547010864,240660.6124625532,0.0522744247683775,68.11999999999999,,0.0054031755911582
Ireland,IRL,2012,1157.5317296548606,226934.69161268105,0.0321525538845675,42.35,,0.0051007262108275
Ireland,IRL,2013,1195.7634443723036,242855.2613671216,0.0030003567090754,4.05,,0.0049237699757497
Ireland,IRL,2014,1192.7336912241997,266135.9958284836,0.0319163072549932,44.05,,0.0044816699353697
Ireland,IRL,2015,997.005655983143,301966.17593434633,0.058556524186932,82.5,,0.0033017130243087
Ireland,IRL,2016,1001.6104182993564,305153.4820055877,0.0878080058984501,125.0,,0.0032823168581147
Ireland,IRL,2017,1025.063447419505,345988.03248120955,0.0873575891090315,127.25,0.6,0.0029627135946535
Ireland,IRL,2018,1107.1373770994887,395566.67905645457,0.0909345405923822,132.4,0.6,0.0027988640998284
Ireland,IRL,2019,1112.7407075682938,407246.5596260636,0.0874879751301766,127.25,0.5,0.0027323514005619
Ireland,IRL,2020,1144.420380713553,435117.6260173258,0.0668283725368143,93.65,0.5,0.0026301402477958
Ireland,IRL,2021,1267.7388836329233,530327.7237594606,0.0377269452776374,51.15,0.5,0.0023904820110968
Ireland,IRL,2022,1164.3120987488114,547677.2578977593,0.0363229287432215,49.9,0.1,0.0021259091590145
Ireland,IRL,2023,1269.225284246827,566904.1532275142,0.0773410165668827,107.95,0.1,0.0022388710278815
Ireland,IRL,2024,1333.2762614062513,609157.4593564667,0.0510158469457594,73.10000000000001,0.1,0.0021887218828687
Ireland,IRL,2025,1551.1134174130812,707851.4540983236,0.0510229048475021,78.2,0.1,0.0021912979177091
Israel,ISR,2000,8207.420459420304,136408.7773126041,,,,0.0601678324600153
Israel,ISR,2001,8381.601417141226,134890.77788213475,,,,0.0621362078915797
Israel,ISR,2002,7918.078124538289,125215.30999489214,,,,0.0632357027655906
Israel,ISR,2003,8134.269311591896,131277.89500958472,,,,0.0619622161903038
Israel,ISR,2004,8568.349948014047,139925.90328381653,1.95192194171472,1889.73,,0.0612349089548814
Israel,ISR,2005,8812.766695634735,147346.14613276286,2.666254147881842,2604.3,,0.0598099572125503
Israel,ISR,2006,9227.826164042004,158706.1611693497,3.480589564416196,3612.900000000001,,0.0581440953271834
Israel,ISR,2007,11229.603853868472,184449.8403146969,3.642664046921748,4103.17,,0.0608816133140002
Israel,ISR,2008,13643.372417099125,220951.10952558788,3.906937129355397,4594.46,,0.061748377034147
Israel,ISR,2009,12608.369825600024,213110.41262963015,3.2505595987179343,3911.02,,0.0591635559709248
Israel,ISR,2010,13671.57235816281,239373.22310689843,2.310665549093008,2883.3,,0.0571140421669361
Israel,ISR,2011,14547.215137515966,267739.210146082,1.4152924486247611,1844.3,,0.0543335252598183
Israel,ISR,2012,13982.349581941537,263172.2649847508,0.8659096530697679,1140.54,,0.0531300271430643
Israel,ISR,2013,15737.01550366128,298045.0099148102,0.4598028135937643,620.66,,0.0528008018257355
Israel,ISR,2014,17153.824605043425,314376.79660697194,0.729401736971662,1006.7,,0.054564537809986
Israel,ISR,2015,15975.541957892045,302839.43227134366,1.1536132108061132,1625.3200000000002,,0.0527525158730913
Israel,ISR,2016,16596.402553045307,320961.05155150144,1.5392181462760552,2191.17,,0.0517084626711545
Israel,ISR,2017,18736.105777247696,355598.32485184504,1.7983786843363554,2619.6200000000003,7.8,0.0526889596149077
Israel,ISR,2018,19262.76554105404,375467.6032636012,2.02661085318852,2950.73,7.6,0.051303402407079
Israel,ISR,2019,19796.98007856341,399268.2659932659,2.006688825245159,2918.7,7.9,0.049583154396992
Israel,ISR,2020,21049.888662790698,411196.8604651163,1.8582212349526448,2604.02,8.1,0.0511917543314425
Israel,ISR,2021,23596.70427774333,490372.78363298194,1.7778279000754469,2410.37,8.0,0.0481199305208671
Israel,ISR,2022,22772.600916336258,525159.1965938893,1.949747846810996,2678.54,7.6,0.0433632335947579
Israel,ISR,2023,27102.92800616771,513394.306770479,2.185121938375796,3049.92,7.6,0.0527916411396523
Israel,ISR,2024,45921.46720991868,542285.5486247041,1.933235400587108,2770.11,8.4,0.0846813405343007
Israel,ISR,2025,48281.25678226126,618272.0008240795,1.9103575844373617,2927.9,9.5,0.078090640879594
Italy,ITA,2000,19878.72093237516,1146806.891468583,,,,0.017333974080779
Italy,ITA,2001,19519.381482044904,1171016.9036518692,,,,0.0166687444230504
Italy,ITA,2002,21610.059761893557,1275725.6599689424,,,,0.0169394254893482
Italy,ITA,2003,26824.21329204071,1579381.8295911895,,,,0.0169839951235756
Italy,ITA,2004,30261.076654684523,1809559.8889944311,1.91987072918626,1858.7,,0.0167228931403317
Italy,ITA,2005,29737.642391682835,1864240.5362383728,1.758235052985185,1717.38,,0.0159516123663349
Italy,ITA,2006,29633.02226331352,1956823.447796563,1.7987814805544973,1867.16,,0.015143431716684
Italy,ITA,2007,31982.43179248821,2219586.85422877,1.8589600807016848,2093.97,,0.0144091823807458
Italy,ITA,2008,36839.98974621891,2407761.819313729,1.391356227075935,1636.2,,0.0153005124720846
Italy,ITA,2009,34054.4813243999,2200628.192536428,1.0313637918601948,1240.9199999999998,,0.0154748909606347
Italy,ITA,2010,32020.819951128746,2142845.393320928,0.9633583243383292,1202.1,,0.0149431312454622
Italy,ITA,2011,33828.804971119964,2303955.904942622,0.847080501770017,1103.85,,0.0146829220552996
Italy,ITA,2012,29781.008205125567,2098048.423860392,0.6267736100340869,825.56,,0.0141946238544526
Italy,ITA,2013,29957.44590451684,2152614.122648737,0.5462279033914772,737.3199999999999,,0.0139167747666985
Italy,ITA,2014,27146.433069530005,2170364.959261975,0.5579158890463088,770.02,,0.012507773383312
Italy,ITA,2015,21748.364200953754,1844602.0849506485,0.6456264912838435,909.62,,0.0117902741075648
Italy,ITA,2016,24444.7352170575,1885394.978941659,0.9539953485640652,1358.0700000000002,,0.0129653125684991
Italy,ITA,2017,25146.368195672017,1957329.256325739,1.289404880285778,1878.2200000000005,0.3,0.0128472857156778
Italy,ITA,2018,27705.227624139843,2098301.9959161025,1.4300898823372985,2082.2000000000003,0.3,0.0132036416483719
Italy,ITA,2019,25206.4487236901,2019779.2207792208,1.4667041048739158,2133.3,0.3,0.0124798039629131
Italy,ITA,2020,31645.047304228887,1903581.329077853,1.4968056894243975,2097.55,0.3,0.0166239533981763
Italy,ITA,2021,35038.55250709555,2178934.957426679,1.1612007096353585,1574.35,0.3,0.0160805867048349
Italy,ITA,2022,33664.29106329988,2101517.7076409166,0.8025984214884991,1102.6,0.2,0.0160190375464835
Italy,ITA,2023,35508.16547897373,2314814.650757776,0.8974280440173911,1252.6,0.2,0.0153395285740695
Italy,ITA,2024,37849.54613562503,2380825.077243596,1.0947819302847166,1568.7,0.2,0.0158976593859828
Italy,ITA,2025,48143.62746204002,2548998.471281049,1.2616685533832035,1933.69,0.2,0.0188872720028915
Jamaica,JAM,2000,43.56623249127035,8958.35126565346,,,,0.0048631976129697
Jamaica,JAM,2001,46.37438228727093,9194.717835999852,,,,0.0050435894950144
Jamaica,JAM,2002,56.89814709630514,9719.01792592929,,,,0.0058543103356674
Jamaica,JAM,2003,54.8458718170309,9430.230564469895,,,,0.0058159629758865
Jamaica,JAM,2004,54.53313223480812,10174.661928002735,0.0,0.0,,0.0053596996755953
Jamaica,JAM,2005,59.32977631914862,11243.861748343208,0.0102378917478087,10.0,,0.0052766369461889
Jamaica,JAM,2006,72.6455230066972,11930.179066876806,0.0194120733269634,20.15,,0.0060892231876377
Jamaica,JAM,2007,83.51194209751966,12799.590714363194,0.0303616741214046,34.2,,0.0065245791026587
Jamaica,JAM,2008,130.699170654872,13709.40208532056,0.0307829699426407,36.2,,0.0095335427352312
Jamaica,JAM,2009,114.8083318447996,12120.460872800337,0.0300868462635295,36.2,,0.0094722744497647
Jamaica,JAM,2010,115.57133456163186,13220.54985820142,0.0215575567130031,26.9,,0.008741794842212
Jamaica,JAM,2011,133.63706121580378,14444.661488129614,0.0128537377403159,16.75,,0.0092516575293664
Jamaica,JAM,2012,137.63720787394655,14807.086490853288,0.0020498676620621,2.7,,0.0092953605666427
Jamaica,JAM,2013,128.23063434410074,14264.205123688644,0.0010371603438779,1.4,,0.0089896796373986
Jamaica,JAM,2014,121.31024502042168,13899.22533969172,0.0010143661783652,1.4,,0.0087278421678651
Jamaica,JAM,2015,123.77770066032733,14188.938780503864,0.002115132631237,2.9799999999999995,,0.0087235347600768
Jamaica,JAM,2016,134.41260920817854,14077.105502917531,0.0177442418319587,25.26,,0.0095483129809832
Jamaica,JAM,2017,144.15555588716634,14808.984880579688,0.017341082128834,25.26,1.4,0.0097343306816532
Jamaica,JAM,2018,209.6673508321348,15730.791525650156,0.0297116935500487,43.260000000000005,1.4,0.0133284679598135
Jamaica,JAM,2019,266.1984179865448,15830.76637226508,0.0320525689632128,46.620000000000005,1.3,0.0168152578167608
Jamaica,JAM,2020,235.70493192020228,13812.421859402551,0.0387768688056645,54.34,1.0,0.0170647069948671
Jamaica,JAM,2021,214.9928856224109,14657.58635938034,0.0449478014705616,60.940000000000005,0.9,0.0146676867767402
Jamaica,JAM,2022,220.56101910560656,17097.76074520971,0.0443591037597579,60.940000000000005,0.9,0.012899994472516
Jamaica,JAM,2023,230.3602183609181,19423.357001185464,0.0374274636910973,52.24,0.7,0.0118599590352408
Jamaica,JAM,2024,276.1699501811271,19930.28743054408,0.0410918340378428,58.88,0.9,0.0138567971557642
Jamaica,JAM,2025,286.6460456699049,20949.114631808126,0.0318925778637584,48.88,0.8,0.0136829670708219
Japan,JPN,2000,45509.67382730942,5042405.23361017,,,,0.0090253900110932
Japan,JPN,2001,40757.9672341581,4438789.09560681,,,,0.0091822265839342
Japan,JPN,2002,39333.708169840815,4245946.980572304,,,,0.009263824619058
Japan,JPN,2003,42486.17736106199,4573432.931089508,,,,0.0092897781603502
Japan,JPN,2004,45339.809414657146,4941485.123806532,2.2967281217421363,2223.55,,0.0091753406675705
Japan,JPN,2005,44300.61332994611,4875658.240940682,2.151656757069981,2101.66,,0.0090860784617666
Japan,JPN,2006,41552.592885579405,4648070.9206442,2.065415700639047,2143.93,,0.0089397501877661
Japan,JPN,2007,40530.04568846917,4624649.693428673,2.0010207559328883,2253.99,,0.0087639169180878
Japan,JPN,2008,46361.468280459376,5160223.105873703,2.369353291469061,2786.3,,0.0089843922111987
Japan,JPN,2009,51465.15820758982,5336765.697589294,2.807518320562215,3377.96,,0.0096435109060226
Japan,JPN,2010,54655.45073530501,5811575.315077825,2.933342351711458,3660.29,,0.0094045844322974
Japan,JPN,2011,60762.21384089115,6279424.110666985,2.6785884892361262,3490.53,,0.0096763991044454
Japan,JPN,2012,60011.53019469736,6333799.13648868,2.4121324226657053,3177.16,,0.0094748079156748
Japan,JPN,2013,49023.93240685809,5272294.78347919,1.87292637383926,2528.15,,0.0092984050437534
Japan,JPN,2014,46903.466612518736,4985764.233448736,1.3431367477188716,1853.76,,0.0094074778542175
Japan,JPN,2015,42106.10330579276,4534437.754349252,1.092615057004599,1539.38,,0.009285848783657
Japan,JPN,2016,46510.02499080132,5110357.383254436,1.1043999257074024,1572.18,,0.0091011296280774
Japan,JPN,2017,45029.86107290042,5038231.631660706,1.2213380436636916,1779.07,0.9,0.0089376321624295
Japan,JPN,2018,48518.34580357746,5154292.816022593,1.5123018499272385,2201.9,0.9,0.009413191592987
Japan,JPN,2019,50782.35452106064,5245755.000479026,1.9787889271643528,2878.12,0.9,0.0096806569343065
Japan,JPN,2020,51388.072739201816,5189196.607092903,2.471693563689152,3463.71,0.9,0.0099028956946748
Japan,JPN,2021,53616.49586224865,5225933.520753096,3.053765728134838,4140.28,0.9,0.0102596972673548
Japan,JPN,2022,43144.132919706935,4447976.207314818,3.756140230962872,5160.139999999999,0.9,0.0096997220553372
Japan,JPN,2023,48096.46302863076,4384853.558173068,3.760048690092505,5248.150000000001,0.9,0.0109687729340429
Japan,JPN,2024,54245.069554999216,4190008.1883586016,3.69819527428555,5299.1,0.9,0.0129462920157798
Japan,JPN,2025,62158.09381244194,4403160.399340971,3.970554172688392,6085.450000000001,0.9,0.0141166998644303
Jordan,JOR,2000,529.3370944992948,8460.518190634699,,,,0.0625655642564825
Jordan,JOR,2001,528.9266456318417,8975.38769383751,,,,0.0589307853514786
Jordan,JOR,2002,521.8617771509169,9582.45300944993,,,,0.0544601446661175
Jordan,JOR,2003,611.8476727785613,10195.66086022567,,,,0.0600105948173936
Jordan,JOR,2004,586.7418899858957,11411.39040870945,0.9098082184762692,880.82,,0.0514172128874041
Jordan,JOR,2005,603.6671368124119,12588.66531541608,0.839957590557224,820.44,,0.0479532278988433
Jordan,JOR,2006,701.5514809590974,15056.937007856135,0.6839889797226203,709.99,,0.0465932400854871
Jordan,JOR,2007,1032.4400564174896,17644.679516486747,0.6721914852194133,757.17,,0.0585128256624215
Jordan,JOR,2008,1358.3835799043777,22658.715991725418,0.5383703342647874,633.11,,0.0599497156149729
Jordan,JOR,2009,1568.3098591549297,24537.876123688035,0.5773183743528418,694.62,,0.0639138388037152
Jordan,JOR,2010,1557.887323943662,27133.8042443669,0.5631250539439792,702.6800000000001,,0.0574149982771798
Jordan,JOR,2011,1594.7887323943662,29524.14916489944,0.6627617395105251,863.6600000000001,,0.0540164163067694
Jordan,JOR,2012,1472.8169014084508,31634.56167043564,0.6599359135447814,869.24,,0.046557209066212
Jordan,JOR,2013,1444.929577464789,34454.44018065817,0.5810764909457753,784.3599999999999,,0.0419373981956594
Jordan,JOR,2014,1548.8732394366198,36847.64358723832,0.5423453682084017,748.53,,0.0420345261907888
Jordan,JOR,2015,1614.929577464789,38587.01794433522,0.6314380680293372,889.6299999999999,,0.041851629472753
Jordan,JOR,2016,1769.43661971831,39892.55114883014,0.6476999500688555,922.04,,0.0443550630070496
Jordan,JOR,2017,1939.718309859155,41408.45070422535,0.7551952021633103,1100.06,4.0,0.0468435374149659
Jordan,JOR,2018,1957.7464788732395,42932.18126967493,0.823046878541399,1198.35,5.3,0.0456009087117148
Jordan,JOR,2019,2032.1126760563384,44503.00000000001,0.8372788290238143,1217.81,5.3,0.0456623750321627
Jordan,JOR,2020,2055.9154929577467,43700.380281690144,0.812194861401238,1138.17,4.4,0.0470457117239125
Jordan,JOR,2021,2176.760563380282,46296.112676056335,0.7099598914260556,962.56,3.4,0.0470182146525246
Jordan,JOR,2022,2334.57323943662,48653.39436619718,0.472824080049038,649.56,4.4,0.0479837690637799
Jordan,JOR,2023,2462.0704225352115,51088.4763027069,0.359021369261979,501.11,3.5,0.0481922852415302
Jordan,JOR,2024,2533.2394366197186,53352.2896319248,0.2242882748485384,321.38,3.6,0.0474813631073086
Jordan,JOR,2025,2555.3521126760565,56077.65078392517,0.1128506601332989,172.96,4.5,0.0455681020327006
Kazakhstan,KAZ,2000,143.52754110586562,18292.033517902244,,,,0.0078464508041381
Kazakhstan,KAZ,2001,221.48620652055396,22152.66396794243,,,,0.0099981747947367
Kazakhstan,KAZ,2002,245.95671944623857,24636.625369424382,,,,0.0099833770152419
Kazakhstan,KAZ,2003,317.56431513076967,30833.658474621603,,,,0.0102992745863144
Kazakhstan,KAZ,2004,426.4417245561804,43151.64700260962,0.342048309017071,331.15,,0.0098823974095447
Kazakhstan,KAZ,2005,591.9852498494882,57123.72065021072,0.260687437574455,254.63,,0.0103632123942771
Kazakhstan,KAZ,2006,793.0271474910579,81003.89407482016,0.1550172069003321,160.91,,0.0097899879573514
Kazakhstan,KAZ,2007,1359.776098699349,104850.0579336456,0.1974396586140464,222.4,,0.0129687682152725
Kazakhstan,KAZ,2008,1540.810813057465,133441.83243418482,0.2216458871698707,260.65,,0.0115466850608291
Kazakhstan,KAZ,2009,1271.8902757344215,115308.42661206669,0.219459440770303,264.05,,0.0110303324145897
Kazakhstan,KAZ,2010,1501.815343897391,148047.3482406434,0.2239261151207187,279.42,,0.0101441556484771
Kazakhstan,KAZ,2011,1803.9707818116092,192626.2268024362,0.2279063624773994,296.99,,0.0093651358475802
Kazakhstan,KAZ,2012,2177.5432054884554,207997.89421445483,0.2350438998140087,309.59000000000003,,0.0104690637071705
Kazakhstan,KAZ,2013,2551.1243747083067,236634.89538483784,0.3070809529577405,414.5100000000001,,0.0107808460394627
Kazakhstan,KAZ,2014,2306.468864809557,221415.5978235591,0.3224670081023223,445.06000000000006,,0.0104169213347269
Kazakhstan,KAZ,2015,2046.197674331204,184388.3881927587,0.5900794175520945,831.36,,0.0110972154721159
Kazakhstan,KAZ,2016,1281.5641805003506,137278.32008417114,0.7184170056992313,1022.71,,0.0093355176528571
Kazakhstan,KAZ,2017,1387.649020900314,166805.79571522574,0.7882572178135341,1148.22,2.0,0.0083189496800778
Kazakhstan,KAZ,2018,1498.6111346147818,179339.9879607493,0.881666690018437,1283.7,1.9,0.008356257584576
Kazakhstan,KAZ,2019,1854.670118716076,181667.19418589456,0.984712395915092,1432.25,2.0,0.0102091636689134
Kazakhstan,KAZ,2020,1552.0397785060472,171082.3579742668,0.8965277718806902,1256.35,1.8,0.0090718867619272
Kazakhstan,KAZ,2021,1614.904644787894,197112.26029126043,0.8826925075466798,1196.75,1.8,0.0081928168364649
Kazakhstan,KAZ,2022,1166.7988656242867,225496.3328371345,0.8488209861216567,1166.1,1.7,0.0051743584959628
Kazakhstan,KAZ,2023,1164.9381254589896,261840.10171758023,0.7957276521538525,1110.65,2.1,0.0044490439692675
Kazakhstan,KAZ,2024,1167.6839832609217,291480.2740091158,0.9343367426947018,1338.8,2.3,0.0040060480498395
Kazakhstan,KAZ,2025,1308.552096598493,304075.1300305322,0.7089312919821615,1086.54,1.9,0.0043033841553141
Kenya,KEN,2000,165.58473524952248,12604.052484066398,,,,0.0131374203224596
Kenya,KEN,2001,195.36500549875768,12983.177874628323,,,,0.0150475490196078
Kenya,KEN,2002,213.8945080007264,13103.00689150733,,,,0.0163240781121287
Kenya,KEN,2003,245.9386638151276,14904.471683900569,,,,0.0165009984272561
Kenya,KEN,2004,259.8078407151852,16095.203090917588,0.0154936573614859,15.0,,0.0161419423692636
Kenya,KEN,2005,316.79948540185114,18739.022766468,0.0,0.0,,0.0169058701379422
Kenya,KEN,2006,375.807203248785,25825.524820806422,0.0,0.0,,0.0145517741016443
Kenya,KEN,2007,494.68489666892464,31958.199638727463,0.0099430043906354,11.2,,0.0154791227998168
Kenya,KEN,2008,580.0119406782479,35895.153327849686,0.009524012799933,11.2,,0.0161585029427423
Kenya,KEN,2009,578.0716723549488,42347.22405760225,0.0378329624838636,45.52,,0.0136507571681353
Kenya,KEN,2010,622.0498477910775,45405.58698303324,0.1135418079962187,141.68,,0.013699852575929
Kenya,KEN,2011,646.6781067167507,46869.45940096294,0.1355436237057916,176.63,,0.0137974304585954
Kenya,KEN,2012,840.0725899566542,56396.71036545056,0.1773439211781849,233.59,,0.0148957729008125
Kenya,KEN,2013,860.5608961147384,61671.423939958826,0.1741169968725911,235.03,,0.0139539650803677
Kenya,KEN,2014,819.0426267995349,68285.7963807232,0.157378912573373,217.21,,0.0119943336712808
Kenya,KEN,2015,843.6678027970108,70120.4499839954,0.1070342284532042,150.8,,0.0120316940776845
Kenya,KEN,2016,933.1030025495724,74809.2416152227,0.1036485701625305,147.55,,0.0124730980077159
Kenya,KEN,2017,1015.3847819758978,82045.06331912758,0.0658288347321417,95.89,8.6,0.0123759400127024
Kenya,KEN,2018,1113.6483616451974,92236.36393135948,0.0695951434911336,101.33,8.4,0.0120738536752592
Kenya,KEN,2019,1116.8724199131227,100386.60364962788,0.07045102405964,102.47,8.5,0.0111257117912989
Kenya,KEN,2020,1115.321770323695,100621.37873395374,0.1023441023943396,143.42000000000002,8.5,0.0110843419595018
Kenya,KEN,2021,1191.0351991616185,110567.66806703378,0.0850571129895827,115.32,8.3,0.010772002521022
Kenya,KEN,2022,1155.1795230193984,114407.28170023674,0.0727186489268103,99.9,8.4,0.0100970804117707
Kenya,KEN,2023,1053.7955722424294,108038.58915630338,0.0666443850027923,93.02,7.6,0.0097538812795663
Kenya,KEN,2024,1256.4299060494156,120941.46367729208,0.065971655427943,94.53,8.3,0.010388744007613
Kenya,KEN,2025,1469.6841958712655,137636.75572094394,0.091749883371557,140.62,8.5,0.0106779921407841
"Korea, North",PRK,2000,,,,,,
"Korea, North",PRK,2001,,,,,,
"Korea, North",PRK,2002,,,,,,
"Korea, North",PRK,2003,,,,,,
"Korea, North",PRK,2004,,,0.2399451070048787,232.3,,
"Korea, North",PRK,2005,,,0.1784464531643071,174.3,,
"Korea, North",PRK,2006,,,0.1016364136970048,105.5,,
"Korea, North",PRK,2007,,,0.050158906077759,56.5,,
"Korea, North",PRK,2008,,,0.022109315428416,26.0,,
"Korea, North",PRK,2009,,,0.0182848236960676,22.0,,
"Korea, North",PRK,2010,,,0.0144251308860243,18.0,,
"Korea, North",PRK,2011,,,0.0103597289250307,13.5,,
"Korea, North",PRK,2012,,,0.0068328922068738,9.0,,
"Korea, North",PRK,2013,,,0.0033337296767504,4.5,,
"Korea, North",PRK,2014,,,0.0003622736351304,0.5,,
"Korea, North",PRK,2015,869.6296296296296,,0.0,0.0,,
"Korea, North",PRK,2016,912.5925925925926,,0.0,0.0,,
"Korea, North",PRK,2017,961.4814814814816,,0.0,0.0,4.1,
"Korea, North",PRK,2018,1604.4444444444443,,0.0,0.0,4.2,
"Korea, North",PRK,2019,,,0.0,0.0,4.3,
"Korea, North",PRK,2020,,,0.0,0.0,4.3,
"Korea, North",PRK,2021,,,0.0,0.0,4.4,
"Korea, North",PRK,2022,,,0.0,0.0,4.3,
"Korea, North",PRK,2023,,,0.0,0.0,4.1,
"Korea, North",PRK,2024,,,0.0,0.0,4.1,
"Korea, North",PRK,2025,,,0.0,0.0,4.2,
"Korea, South",KOR,2000,13801.1070241211,597485.8598005234,,,,0.0230986337128191
"Korea, South",KOR,2001,12941.850827659391,567566.8316563258,,,,0.0228023381667517
"Korea, South",KOR,2002,14101.703314709574,650013.5018264074,,,,0.0216944775379074
"Korea, South",KOR,2003,15847.04727217798,728519.0691585335,,,,0.0217524124529532
"Korea, South",KOR,2004,17829.864142772327,823250.5430796633,4.657424390177392,4509.03,,0.0216578832442349
"Korea, South",KOR,2005,22159.512557122216,971737.202671562,4.010038867132232,3916.86,,0.0228040178931092
"Korea, South",KOR,2006,25177.237741034423,1095174.9482347446,4.630208191837141,4806.22,,0.0229892381866626
"Korea, South",KOR,2007,27726.12958524929,1220912.3116640495,5.341852475821409,6017.169999999999,,0.022709353751589
"Korea, South",KOR,2008,26072.410507690216,1091577.4202622387,5.90175861746709,6940.32,,0.0238850767922871
"Korea, South",KOR,2009,24575.661939182253,983065.1954296632,5.5500756493024,6677.759999999999,,0.0249990153790777
"Korea, South",KOR,2010,28175.181218967875,1193242.759026348,5.75058644167523,7175.710000000001,,0.023612279233069
"Korea, South",KOR,2011,30991.70794647611,1307036.7069990705,5.437591496550325,7085.85,,0.0237114288990646
"Korea, South",KOR,2012,31951.760810318963,1335742.7290562554,4.883688231223857,6432.59,,0.0239205949733253
"Korea, South",KOR,2013,34311.22071516646,1434843.2314928984,3.6530046720369342,4930.97,,0.0239128707318547
"Korea, South",KOR,2014,37552.29895382319,1556073.8330723022,3.531631777541962,4874.26,,0.0241327231110108
"Korea, South",KOR,2015,36570.76932257444,1538933.3492462365,2.727633874232368,3842.95,,0.0237637122754449
"Korea, South",KOR,2016,36885.28343002335,1579128.603595973,2.3269753780731746,3312.59,,0.0233579984214259
"Korea, South",KOR,2017,39170.68213562155,1704458.1399163855,2.1950679518472613,3197.46,2.0,0.0229813107276093
"Korea, South",KOR,2018,43069.97334287524,1823832.1750970476,2.773764478440959,4038.58,2.0,0.0236150967895845
"Korea, South",KOR,2019,44102.24075217899,1750561.3067050993,3.369844294092702,4901.389999999999,2.1,0.0251931997944065
"Korea, South",KOR,2020,46117.09657458188,1744892.04295971,4.215011386512828,5906.709999999999,2.0,0.0264297706902012
"Korea, South",KOR,2021,50873.788105291685,1942452.3975626605,4.1904273279092585,5681.36,1.9,0.0261904941244
"Korea, South",KOR,2022,46365.42070741573,1799602.5437850747,3.743037771696781,5142.139999999999,1.8,0.0257642560395008
"Korea, South",KOR,2023,47801.863038878735,1839058.237484802,3.1019371793204664,4329.58,1.9,0.0259925771052553
"Korea, South",KOR,2024,47604.58421197396,1875388.209406803,2.6215026839848834,3756.32,1.8,0.0253838559788277
"Korea, South",KOR,2025,47770.90893746307,1836305.173432357,1.7655099517500792,2705.9,2.0,0.0260146895127302
Kosovo,XKX,2000,,,,,,0.0460092009205705
Kosovo,XKX,2001,,,,,,
Kosovo,XKX,2002,,,,,,0.037841026418813
Kosovo,XKX,2003,,,,,,
Kosovo,XKX,2004,,,0.0,0.0,,0.0275341642219386
Kosovo,XKX,2005,,,0.0,0.0,,
Kosovo,XKX,2006,,,0.0,0.0,,0.0211742898352371
Kosovo,XKX,2007,,,0.0,0.0,,
Kosovo,XKX,2008,0.9272347749661258,5687.581938697037,0.0,0.0,,0.0001630279413923
Kosovo,XKX,2009,27.22708562839397,5653.496665245061,0.0,0.0,,0.0048159727051353
Kosovo,XKX,2010,38.57812050937361,5338.741399519234,0.0,0.0,,0.0072260702705786
Kosovo,XKX,2011,50.968863773797366,6333.312481320071,0.0,0.0,,0.0192573079525961
Kosovo,XKX,2012,43.39040388336541,6163.840399643322,0.0,0.0,,0.0191798161392812
Kosovo,XKX,2013,48.59768123331196,6733.412201142123,0.0,0.0,,0.0184757469294626
Kosovo,XKX,2014,53.57578774488024,7064.990188140141,0.0010143661783652,1.4,,0.0187024305122569
Kosovo,XKX,2015,49.984164356216034,6293.013197294,0.0009936864710509,1.4,,0.007942803040316
Kosovo,XKX,2016,51.93762441937625,6676.929882769299,0.0009834496660626,1.4,,0.0077786685394747
Kosovo,XKX,2017,57.262629271565096,7131.966451783838,0.0009611051061111,1.4,1.8,0.0175424084910468
Kosovo,XKX,2018,63.34407421833504,7874.496889864616,0.0017651191036436,2.57,2.1,0.0201722347053086
Kosovo,XKX,2019,65.70532915360502,7899.87684729064,0.0008044081013933,1.17,2.3,0.0218222737795041
Kosovo,XKX,2020,78.96500626923515,7718.670922147497,0.0031540993765373,4.42,2.0,0.0229536613396666
Kosovo,XKX,2021,79.60974456007568,9410.915326395458,0.0097507373718546,13.22,1.8,0.0084592987822118
Kosovo,XKX,2022,107.60158018292428,9356.283709306925,0.0104237342605798,14.32,1.9,0.0115004614573508
Kosovo,XKX,2023,133.18546592279202,10458.111676267605,0.0193442097944032,27.0,1.8,0.0220803685546486
Kosovo,XKX,2024,165.6572483617189,11203.038332335947,0.0188430624833858,27.0,2.3,0.0147868143844133
Kosovo,XKX,2025,234.5001466507231,12656.409838797555,0.020715821341537,31.75,2.2,0.0275539127886277
Kuwait,KWT,2000,2697.0755963557963,37720.55275923222,,,,0.0715014865654554
Kuwait,KWT,2001,2685.7352784534683,34876.84311436601,,,,0.0770062608489698
Kuwait,KWT,2002,2821.5218778996687,38132.82704975749,,,,0.0739919407029018
Kuwait,KWT,2003,3130.7464128961246,47842.0332067165,,,,0.0654392425039453
Kuwait,KWT,2004,3450.1187648456053,59439.09060061078,0.3706702587161893,358.86,,0.0580446088589745
Kuwait,KWT,2005,3509.4178082191784,80805.82191780822,0.1477942052713676,144.36,,0.0434302594160701
Kuwait,KWT,2006,3597.8164975738864,101557.33072342305,0.0795365148324617,82.56,,0.0354264578632145
Kuwait,KWT,2007,4115.736733588071,114634.04336169224,0.3093694794686281,348.48,,0.0359032675886877
Kuwait,KWT,2008,4430.342077462169,147379.73722975285,0.264359383860999,310.88,,0.0300607272121515
Kuwait,KWT,2009,4208.871205934986,105968.69190541552,0.2637087141147868,317.29,,0.0397180632341078
Kuwait,KWT,2010,4335.204653061509,115416.23198316856,0.314379699737695,392.29,,0.037561481418781
Kuwait,KWT,2011,5393.526319031521,154039.2566101044,0.386003499746647,503.01,,0.0350139726568748
Kuwait,KWT,2012,5941.536636945587,174047.6394604481,0.1868036808334792,246.05,,0.0341374157981371
Kuwait,KWT,2013,5697.937802280067,174167.27403432634,0.2333240359316792,314.95,,0.0327153182701652
Kuwait,KWT,2014,5832.103419529835,162652.65107177233,0.730329157477596,1007.98,,0.0358561842128005
Kuwait,KWT,2015,5735.132890365449,114531.56146179404,0.8792563761489409,1238.78,,0.0500746939722689
Kuwait,KWT,2016,6446.742131362371,109386.96637624835,0.8924735473113751,1270.49,,0.0589351944288143
Kuwait,KWT,2017,6764.636913878053,120636.6977180926,0.9285305080504568,1352.5500000000002,2.8,0.0560744536433337
Kuwait,KWT,2018,7165.2790595364495,138036.59362813018,0.9443043796107728,1374.9,2.5,0.0519085473728775
Kuwait,KWT,2019,7373.519736842106,140676.31578947368,0.5011737482997426,728.95,2.4,0.0524147913276091
Kuwait,KWT,2020,6941.042345276873,110768.07817589576,0.3415632729818063,478.65,2.1,0.062662839868493
Kuwait,KWT,2021,9024.335548172758,148776.4119601329,1.3984194807046406,1895.97,2.1,0.0606570317786059
Kuwait,KWT,2022,8244.121401265984,183896.40999859627,2.439787102506872,3351.75,2.1,0.0448302465574445
Kuwait,KWT,2023,7755.031935627666,181200.17641871952,2.6888451614220577,3753.0,1.8,0.0427981478213754
Kuwait,KWT,2024,7798.626273546722,175634.63992096696,2.851408983018283,4085.75,1.4,0.0444025522360281
Kuwait,KWT,2025,8088.284947007522,172532.6982736623,2.8248224474682657,4329.45,1.4,0.0468797220929003
Kyrgyz Republic,KGZ,2000,39.443105161433685,1370.0774361790886,,,,0.0287889604776163
Kyrgyz Republic,KGZ,2001,35.81360742486254,1527.2086485592624,,,,0.0234503697046558
Kyrgyz Republic,KGZ,2002,43.78246419143919,1605.6953667780924,,,,0.027266980460491
Kyrgyz Republic,KGZ,2003,55.06847902786814,1921.5275932222028,,,,0.0286586980182387
Kyrgyz Republic,KGZ,2004,63.01518409187359,2212.214589014276,0.0158758342430692,15.37,,0.0284851136977412
Kyrgyz Republic,KGZ,2005,75.71886627751037,2460.2480261778314,0.0187046282232466,18.27,,0.0307769239002886
Kyrgyz Republic,KGZ,2006,89.81192641129282,2834.1688894201907,0.0191423273948766,19.87,,0.0316889818198753
Kyrgyz Republic,KGZ,2007,116.26349075337052,3802.566170815435,0.0176399551108862,19.87,,0.0305750079106285
Kyrgyz Republic,KGZ,2008,149.3092145915472,5139.957784910842,0.0087586903427955,10.3,,0.0290487239077853
Kyrgyz Republic,KGZ,2009,148.96109462732,4690.062255122471,0.0037400775741956,4.5,,0.0317610058298533
Kyrgyz Republic,KGZ,2010,184.39935993803888,4794.357795071392,0.0012822338565355,1.6,,0.0384617435368719
Kyrgyz Republic,KGZ,2011,210.65190198487767,6197.766118598557,0.0,0.0,,0.0339883593465625
Kyrgyz Republic,KGZ,2012,211.8439468561521,6605.13993341063,0.0,0.0,,0.0320725902845126
Kyrgyz Republic,KGZ,2013,234.442449229016,7335.02759191628,0.0,0.0,,0.0319620405364784
Kyrgyz Republic,KGZ,2014,252.115132114057,7468.102369136538,0.0,0.0,,0.0337589282594698
Kyrgyz Republic,KGZ,2015,230.50750895673357,6678.177483429494,0.0029100818080778,4.1,,0.0345165293268545
Kyrgyz Republic,KGZ,2016,227.83218717759016,6813.127275273793,0.0085700613756887,12.2,,0.0334401777586687
Kyrgyz Republic,KGZ,2017,239.3976139449192,7710.339491038325,0.0167506889922229,24.4,4.1,0.0310489070193562
Kyrgyz Republic,KGZ,2018,250.4942523492309,8271.108388980478,0.0173695961599799,25.29,4.0,0.0302854515463685
Kyrgyz Republic,KGZ,2019,254.0307789304752,9371.456410844272,0.0278380205345449,40.49,3.7,0.0271068623481533
Kyrgyz Republic,KGZ,2020,256.9786548431153,8270.468645898665,0.0259678000706318,36.39,4.1,0.0310718371407588
Kyrgyz Republic,KGZ,2021,262.70066231498777,9249.133945551925,0.0244063464171461,33.09,3.9,0.02840273087853
Kyrgyz Republic,KGZ,2022,352.4433111007381,12134.931512713212,0.0252513506633738,34.69,4.2,0.0290437000597407
Kyrgyz Republic,KGZ,2023,483.25941665052807,15180.842440977378,0.0630119722747322,87.94999999999999,5.0,0.0318335045324016
Kyrgyz Republic,KGZ,2024,511.26207870020585,17478.262026229233,0.0507715850246784,72.75,4.6,0.0292513110246869
Kyrgyz Republic,KGZ,2025,601.1256019789898,20606.78108512472,0.0474669607117108,72.75,4.2,0.0291712519046907
Laos,LAO,2000,13.717664599297128,1733.0278765258045,,,,0.007915432166502
Laos,LAO,2001,12.574570778305628,1753.4937428667788,,,,0.0071711523519596
Laos,LAO,2002,11.435617473623502,1958.371987212524,,,,0.0058393489838978
Laos,LAO,2003,11.013340902639795,2237.7701737822595,,,,0.0049215692619698
Laos,LAO,2004,11.496967521302928,2650.7487303152275,0.0079534107788961,7.7,,0.0043372528636223
Laos,LAO,2005,11.965988437570388,3048.5926113107025,0.0040439672403844,3.95,,0.0039250860850265
Laos,LAO,2006,13.418854094641816,3910.346999803969,0.0038053443990821,3.95,,0.0034316274477212
Laos,LAO,2007,14.83953183493842,4753.612253577262,0.0035066845841973,3.95,,0.003121737963329
Laos,LAO,2008,16.2754059029896,5943.814178390486,0.008503582857083,10.0,,0.002738209071569
Laos,LAO,2009,13.981328900693606,6437.231418336408,0.0299206205935652,36.0,,0.0021719475333553
Laos,LAO,2010,15.364973958370676,7510.969154577526,0.0260453752108773,32.5,,0.002045671289837
Laos,LAO,2011,19.01170860377017,8962.436990555021,0.0360672044056627,47.0,,0.0021212655245225
Laos,LAO,2012,20.330148289477844,10192.846339553753,0.0501078761837416,66.0,,0.0019945506497616
Laos,LAO,2013,22.75561935899148,11983.252626831703,0.0581550621388691,78.5,,0.0018989518178094
Laos,LAO,2014,,,0.0380387316886979,52.5,,
Laos,LAO,2015,,,0.0425581720030114,59.96,,
Laos,LAO,2016,,,0.0319340155851483,45.46,,
Laos,LAO,2017,,,0.0195035686175841,28.41,2.3,
Laos,LAO,2018,,,0.0998700267940959,145.41,1.8,
Laos,LAO,2019,,,0.1185711292019666,172.46,1.7,
Laos,LAO,2020,,,0.1299888557534019,182.16,1.7,
Laos,LAO,2021,,,0.1368643590560785,185.56,1.9,
Laos,LAO,2022,,,0.1336523636581746,183.61,2.0,
Laos,LAO,2023,,,0.0364029370242085,50.81,1.9,
Laos,LAO,2024,,,0.0216416062077701,31.01,1.9,
Laos,LAO,2025,,,0.0090366653726074,13.85,1.8,
Latvia,LVA,2000,69.9906833593674,7761.504428880658,,,,0.0090176697057507
Latvia,LVA,2001,86.9667410976613,8190.476190476191,,,,0.0106180323433191
Latvia,LVA,2002,147.22484018430958,9248.956636315992,,,,0.0159179944261206
Latvia,LVA,2003,189.14425139214103,11243.83989886071,,,,0.0168220334950968
Latvia,LVA,2004,229.3533225009529,13827.376174573914,0.0604149346048874,58.49,,0.0165869012027526
Latvia,LVA,2005,272.5511157794651,16306.5503118159,0.0618163903732694,60.38,,0.0167142105821101
Latvia,LVA,2006,367.82549044443806,20435.20414753652,0.0532748215871503,55.3,,0.0179995995043083
Latvia,LVA,2007,481.4926271441468,29422.10899242196,0.0916531940436787,103.24,,0.016364993660657
Latvia,LVA,2008,581.7522729265941,34133.20519191979,0.1051382984449753,123.64,,0.0170435876049609
Latvia,LVA,2009,363.8092510700886,25693.923398481653,0.1012729894257202,121.85,,0.0141593498753712
Latvia,LVA,2010,259.67212419746744,23476.002851093937,0.1064734938620667,132.86,,0.0110611728003503
Latvia,LVA,2011,296.83492921251104,26805.24571958984,0.1155992270567879,150.64,,0.0110737626626409
Latvia,LVA,2012,255.74034258924888,27121.74653947333,0.0822983905805695,108.4,,0.0094293463814006
Latvia,LVA,2013,283.5689327399981,29148.381161251957,0.0497836965061401,67.2,,0.0097284624889205
Latvia,LVA,2014,295.72896526571094,30236.93342993724,0.0440524740318635,60.80000000000001,,0.0097803888066543
Latvia,LVA,2015,282.6882555173561,26332.77475878895,0.0338066332972554,47.63,,0.0107352247572392
Latvia,LVA,2016,404.5524521662634,26938.832197053,0.0343153687051143,48.85,,0.0150174457900413
Latvia,LVA,2017,482.46199911382143,29191.33857227949,0.0475678377160298,69.28999999999999,1.0,0.0165275736814609
Latvia,LVA,2018,709.3705369262184,33229.98831486137,0.0586884931542225,85.45,1.0,0.0213473002218591
Latvia,LVA,2019,691.8943125839678,33102.329825347064,0.0766662798174144,111.51,1.0,0.0209016802211357
Latvia,LVA,2020,742.0494699646644,33311.68357460391,0.084811020565941,118.85,1.0,0.0222759521686375
Latvia,LVA,2021,823.0842005676442,38180.34531693471,0.0783820620655823,106.27,1.0,0.0215577987505149
Latvia,LVA,2022,856.1427717990358,37972.830614150975,0.0805000539020615,110.59,1.0,0.0225461931057619
Latvia,LVA,2023,1253.7964399462403,42744.21999040626,0.098297243844153,137.20000000000002,0.9,0.0293325375975429
Latvia,LVA,2024,1440.6484039062511,43684.25443236097,0.0877598187883617,125.75,1.0,0.0329786652565375
Latvia,LVA,2025,1731.6066150756944,47997.24299446187,0.0755426077141151,115.78,1.0,0.036077210002989
Lebanon,LBN,2000,930.016583747927,17247.761194029852,,,,0.0539210030383446
Lebanon,LBN,2001,958.5406301824212,17594.69320066335,,,,0.0544789624491027
Lebanon,LBN,2002,907.4626865671642,19091.210613598672,,,,0.0475330090340514
Lebanon,LBN,2003,923.3830845771143,19748.5903814262,,,,0.0467569110879715
Lebanon,LBN,2004,954.5605306799335,21159.8279920601,0.0044311860053849,4.29,,0.0451119229815156
Lebanon,LBN,2005,962.5207296849088,21497.3364989462,0.0010237891747808,1.0,,0.0447739527979241
Lebanon,LBN,2006,1008.955223880597,22022.70985155257,0.0009633783288815,1.0,,0.0458143085334009
Lebanon,LBN,2007,1152.238805970149,24827.355014644847,0.0057349828895986,6.46,,0.0464100507400196
Lebanon,LBN,2008,1169.485903814262,29118.91610561824,0.0066838161256673,7.859999999999999,,0.0401624119377376
Lebanon,LBN,2009,1426.2023217247097,35399.58292862216,0.0497679655872969,59.88,,0.0402886758468434
Lebanon,LBN,2010,1585.4063018242125,38443.90704230024,0.0985396718747533,122.96,,0.0412394687168443
Lebanon,LBN,2011,1626.5339966832505,39927.125961207166,0.0950946376585048,123.92,,0.0407375676942932
Lebanon,LBN,2012,1757.2139303482588,44016.7995158274,0.1133197211997769,149.26,,0.0399214379436289
Lebanon,LBN,2013,1935.7182413723235,46880.10308067761,0.1291783208299949,174.36999999999998,,0.0412908273269168
Lebanon,LBN,2014,2270.065959793791,48095.21374648842,0.0927058232298839,127.95,,0.0471994151384665
Lebanon,LBN,2015,2239.416093739447,49929.33783707355,0.0791968117427621,111.58,,0.0448517082491055
Lebanon,LBN,2016,2606.456908322253,51147.308773912766,0.0973755662211452,138.62,,0.0509598055264963
Lebanon,LBN,2017,2441.074857018222,53027.68068585413,0.1072387347325879,156.20999999999998,7.4,0.0460339736802671
Lebanon,LBN,2018,2775.557816206579,54901.51915560131,0.125357797197293,182.52,7.5,0.0505552097445632
Lebanon,LBN,2019,2326.058336524859,49079.35158515408,0.1599809582164306,232.69000000000003,7.5,0.0473938277788589
Lebanon,LBN,2020,431.9910514541387,14272.871244756185,0.1640417114657007,229.88,6.4,0.0302665836499331
Lebanon,LBN,2021,171.58739595719382,14600.00615300428,0.1803222596574157,244.48,7.1,0.0117525564139495
Lebanon,LBN,2022,218.7477319961733,21614.79481292429,0.1647925418472531,226.39,6.6,0.0101202779804033
Lebanon,LBN,2023,286.21731780181096,23809.074882471457,0.1345927130361704,187.86,6.1,0.0120213540095389
Lebanon,LBN,2024,635.4715719063546,28232.988673355638,0.0981863133625019,140.69,6.8,0.0225081226524937
Lebanon,LBN,2025,828.2991041556169,33005.04765677277,0.0624997961041206,95.79,7.4,0.0250961341661825
Lesotho,LSO,2000,30.55550352097962,930.1732315100312,,,,0.0328492612837032
Lesotho,LSO,2001,23.390729430677485,852.3765307747649,,,,0.0274417802299373
Lesotho,LSO,2002,19.559896401567254,777.2989659761504,,,,0.0251639295274289
Lesotho,LSO,2003,27.363759542615423,1155.0759360728828,,,,0.0236900091916457
Lesotho,LSO,2004,31.3869551015606,1472.416419132387,0.0078914361494501,7.639999999999999,,0.0213166293812827
Lesotho,LSO,2005,33.61989391964248,1640.5873450088927,0.0078217492953259,7.639999999999999,,0.020492596155836
Lesotho,LSO,2006,35.2245793060673,1698.2043637756642,0.0020808971903841,2.16,,0.0207422499066905
Lesotho,LSO,2007,39.83467156444587,1682.0976045260932,0.0019175794181939,2.16,,0.0236815458611087
Lesotho,LSO,2008,27.350681860548445,1766.930308114298,0.0018367738971299,2.16,,0.0154792080564499
Lesotho,LSO,2009,47.39976893128951,1740.9221742173108,0.0005984124118713,0.72,,0.0272268167028199
Lesotho,LSO,2010,70.66103736808891,2234.320796474153,0.0005770052354409,0.72,,0.0316252874160213
Lesotho,LSO,2011,58.16932075310592,2578.97267496588,0.0,0.0,,0.0225552295756198
Lesotho,LSO,2012,53.24014582270093,2478.314856814337,0.0,0.0,,0.0214823978786685
Lesotho,LSO,2013,47.94118317234693,2365.67624579754,0.0,0.0,,0.0202653187465998
Lesotho,LSO,2014,47.69339602823479,2441.063149034917,0.0,0.0,,0.0195379607639771
Lesotho,LSO,2015,44.02592624976555,2359.686744801723,0.0,0.0,,0.0186575300076387
Lesotho,LSO,2016,41.48954336485431,2112.6222240920665,0.0,0.0,,0.0196388842698486
Lesotho,LSO,2017,52.59481037259718,2316.120918466475,0.0008924547413889,1.3,1.7,0.0227081453102287
Lesotho,LSO,2018,51.06434775482326,2554.0053886721416,0.001785723606799,2.6,1.7,0.0199938292931215
Lesotho,LSO,2019,44.84596746278989,2391.269416320526,0.0026813603379779,3.9,2.1,0.0187540421655184
Lesotho,LSO,2020,38.61883653145495,2052.590630313335,0.0027830288616505,3.9,2.4,0.0188146803172143
Lesotho,LSO,2021,37.04405495026055,2412.4039893077083,0.0028765412821659,3.9,2.3,0.0153556597959743
Lesotho,LSO,2022,34.66849989755181,2353.7554461311647,0.0018925774495466,2.6,2.4,0.0147290152655986
Lesotho,LSO,2023,34.42281678527001,2117.962526847541,0.0009313878789897,1.3,2.3,0.016252797841757
Lesotho,LSO,2024,36.70208787231387,2273.0848703298493,0.0,0.0,2.3,0.0161463781451275
Lesotho,LSO,2025,39.90936488322552,2449.7860832960105,0.0,0.0,2.2,0.0162909590985717
Liberia,LBR,2000,,,,,,
Liberia,LBR,2001,,,,,,
Liberia,LBR,2002,,,,,,
Liberia,LBR,2003,,,,,,
Liberia,LBR,2004,3.182,897.0,0.0089863212696618,8.7,,0.0035473801560758
Liberia,LBR,2005,8.025,944.0,0.0,0.0,,0.0085010593220338
Liberia,LBR,2006,3.925,1109.0,0.0,0.0,,0.0035392245266005
Liberia,LBR,2007,3.486,1344.0,0.0,0.0,,0.00259375
Liberia,LBR,2008,3.907,1676.0000000000002,0.0,0.0,,0.0023311455847255
Liberia,LBR,2009,7.193,1765.0000000000002,0.0,0.0,,0.0040753541076487
Liberia,LBR,2010,8.458,1966.0,0.0,0.0,,0.0043021363173957
Liberia,LBR,2011,13.271,2340.0,0.0,0.0,,0.0056713675213675
Liberia,LBR,2012,15.179,2675.0,0.0,0.0,,0.0056743925233644
Liberia,LBR,2013,15.1115,3044.0,0.0,0.0,,0.004964356110381
Liberia,LBR,2014,14.531,3090.0000000000005,0.0,0.0,,0.0047025889967637
Liberia,LBR,2015,14.799,3092.0,0.0,0.0,,0.0047862225097024
Liberia,LBR,2016,14.712,3256.0,0.0,0.0,,0.0045184275184275
Liberia,LBR,2017,13.3355,3321.0,0.0,0.0,1.4,0.0040155073772959
Liberia,LBR,2018,13.229,3264.0,0.0,0.0,1.2,0.0040530024509803
Liberia,LBR,2019,12.901,3079.9999999999995,0.0007700316868039,1.12,1.4,0.0041886363636363
Liberia,LBR,2020,12.901,3037.0,0.0007992288012945,1.12,3.0,0.0042479420480737
Liberia,LBR,2021,29.723,3509.0,0.000826083650263,1.12,3.1,0.0084705044172128
Liberia,LBR,2022,52.198,3974.0,0.0008152641321123,1.12,2.9,0.0131348766985405
Liberia,LBR,2023,62.518,4390.000000000001,0.0108327574848658,15.12,2.6,0.0142410022779043
Liberia,LBR,2024,33.825,4778.0,0.009770476843237,14.0,2.9,0.007079321892005
Liberia,LBR,2025,44.21,5182.000000000001,0.009291127430031,14.24,3.6,0.0085314550366653
Libya,LBY,2000,1085.534664870458,39497.06163728303,,,,0.0274839347503707
Libya,LBY,2001,819.7479936006769,35206.19306387423,,,,0.0232841986667918
Libya,LBY,2002,452.5136147574527,21127.27043787578,,,,0.0214184608507785
Libya,LBY,2003,541.401766516621,26834.96527294383,,,,0.0201752363384828
Libya,LBY,2004,685.0732200740247,34053.65640589439,0.0,0.0,,0.0201174643893877
Libya,LBY,2005,690.9307693483545,48852.01546951191,0.0008190313398247,0.8,,0.0141433421468466
Libya,LBY,2006,614.356296200431,60094.24697579879,0.0157512356772135,16.35,,0.0102232131546276
Libya,LBY,2007,639.1370461889375,68033.64379395552,0.0284618500681939,32.06,,0.0093944262066075
Libya,LBY,2008,1100.0686521298503,86710.90915034816,0.0406981475539996,47.86,,0.0126866234353792
Libya,LBY,2009,,,0.058295342456463,70.14,,
Libya,LBY,2010,,,0.085364718998851,106.52,,
Libya,LBY,2011,,,0.0757948463648363,98.77,,
Libya,LBY,2012,2987.41340773267,92540.77960781827,0.1200007713576091,158.06,,0.0322821292450002
Libya,LBY,2013,3964.690154136521,75356.24410191884,0.1931933389117743,260.78,,0.0526126295357064
Libya,LBY,2014,3755.652496350929,57372.58833701931,0.1728045239572279,238.5,,0.0654607471130532
Libya,LBY,2015,,,0.1428921145371291,201.32,,
Libya,LBY,2016,,,0.1376267561249947,195.92,,
Libya,LBY,2017,,,0.0830120210221146,120.92,8.7,
Libya,LBY,2018,,,0.0016483602524298,2.4,8.9,
Libya,LBY,2019,,,0.0250604062357165,36.45,9.1,
Libya,LBY,2020,,,0.0263245986426383,36.88999999999999,8.9,
Libya,LBY,2021,,,0.0254389509799749,34.489999999999995,9.1,
Libya,LBY,2022,1212.526035309333,43246.29792184992,0.0251057677826395,34.489999999999995,7.8,0.0280376840001537
Libya,LBY,2023,1572.96561659158,44029.94739812936,0.0490698121784696,68.49,7.4,0.0357249033792488
Libya,LBY,2024,,,0.0271758834482608,38.94,6.4,
Libya,LBY,2025,,,0.025119972335407,38.5,6.1,
Lithuania,LTU,2000,140.4,11550.8942334656,,,,0.012154903089081
Lithuania,LTU,2001,166.875,12260.972266192,,,,0.0136102583365379
Lithuania,LTU,2002,181.48144119054868,14279.325599402982,,,,0.0127093846223477
Lithuania,LTU,2003,210.82241323545267,18809.426487553148,,,,0.0112083381901601
Lithuania,LTU,2004,270.84179976192104,22739.92960922394,0.0858968364120779,83.16,,0.0119104062508645
Lithuania,LTU,2005,303.81900635179267,26121.07271880548,0.0901548747312041,88.05999999999999,,0.0116311841256451
Lithuania,LTU,2006,351.60578876038693,30108.602301382078,0.1211544586401452,125.76,,0.0116779179996757
Lithuania,LTU,2007,442.0044933491301,39722.48044149002,0.1032030589653007,116.25,,0.0111273135120599
Lithuania,LTU,2008,541.3901946476149,47876.26814422999,0.120869926730579,142.14,,0.0113081118398085
Lithuania,LTU,2009,404.8260286711513,37493.08678263756,0.1017467325851183,122.42,,0.0107973512828668
Lithuania,LTU,2010,326.3209186864288,36647.81642071357,0.0958630086992354,119.62,,0.0089042390668053
Lithuania,LTU,2011,344.60521542864046,43233.32152518802,0.0508931275783734,66.32,,0.0079708244305927
Lithuania,LTU,2012,328.6316816129308,42725.30540410872,0.0470710352029088,62.0,,0.0076917339385788
Lithuania,LTU,2013,354.86214970338443,46294.724188011256,0.0797131807151887,107.6,,0.0076652827277299
Lithuania,LTU,2014,426.9136953658939,48308.06796938332,0.0653831456683448,90.24,,0.008837316690795
Lithuania,LTU,2015,471.2210269490962,41522.36166685151,0.0681739896746038,96.05,,0.0113486085095512
Lithuania,LTU,2016,635.4481024122891,42931.669870795326,0.0915661885509037,130.35,,0.0148013833220253
Lithuania,LTU,2017,812.1069650199627,47432.24318930159,0.094593337550754,137.79,1.0,0.0171214117320754
Lithuania,LTU,2018,1056.3837446738194,54232.50447812283,0.0499521838163441,72.73,1.0,0.01947879329637
Lithuania,LTU,2019,1093.819973130318,55126.77250447828,0.0693509787927773,100.87,1.0,0.0198419011931355
Lithuania,LTU,2020,1174.056765074661,57294.6620745469,0.146836884323548,205.77,1.0,0.0204915558023028
Lithuania,LTU,2021,1306.7644276253548,67028.92821901607,0.2067274334783232,280.28,0.9,0.019495529204279
Lithuania,LTU,2022,1815.3592433969727,70947.79834997938,0.2533724456300714,348.08000000000004,0.9,0.0255872526789621
Lithuania,LTU,2023,2261.2261831193478,79723.98008111461,0.3131899210935353,437.14,1.0,0.0283631873473787
Lithuania,LTU,2024,2688.6330843750025,85503.93820230998,0.3326777576001922,476.69,1.0,0.0314445526241546
Lithuania,LTU,2025,2952.1918642691157,95858.05183351692,0.2525242309863014,387.03,1.0,0.0307975366471705
Luxembourg,LUX,2000,128.06338676985445,21177.470978441128,,,,0.0060471520371919
Luxembourg,LUX,2001,160.17753756118512,21368.83696790185,,,,0.0074958472378158
Luxembourg,LUX,2002,153.4045456684391,23538.74547080137,,,,0.006517107968168
Luxembourg,LUX,2003,198.63797551786956,29600.76814208033,,,,0.0067105682718917
Luxembourg,LUX,2004,234.6762027155389,35002.00157692475,0.0010329104907657,1.0,,0.0067046509383123
Luxembourg,LUX,2005,243.74471471919617,37657.29741829578,0.0010237891747808,1.0,,0.0064727086495796
Luxembourg,LUX,2006,247.1331922457884,42872.02013194655,0.0009633783288815,1.0,,0.0057644401053458
Luxembourg,LUX,2007,286.05136880370304,51519.22429438381,0.0008877682491638,1.0,,0.0055523228992965
Luxembourg,LUX,2008,175.68389057750758,58607.03702347382,0.0,0.0,,0.0029976586345278
Luxembourg,LUX,2009,184.52495891465225,54248.97234535864,0.0069814781384985,8.4,,0.0034014461645454
Luxembourg,LUX,2010,179.39460561953263,56159.18918739943,0.0134634554936227,16.8,,0.0031943945098798
Luxembourg,LUX,2011,195.911615266454,61615.56672296711,0.0128921071067049,16.8,,0.0031795798640837
Luxembourg,LUX,2012,183.0914795694172,59779.77216835797,0.0127547321194978,16.8,,0.0030627664329963
Luxembourg,LUX,2013,196.85484738282352,65184.76045562756,0.012445924126535,16.8,,0.0030199519950192
Luxembourg,LUX,2014,164.11431828370533,68713.29773352738,0.0060861970701916,8.4,,0.0023883924028817
Luxembourg,LUX,2015,159.37118775646005,60044.69779305757,0.0,0.0,,0.0026542091744008
Luxembourg,LUX,2016,165.91875087542317,62160.30308190204,0.0,0.0,,0.0026692075593133
Luxembourg,LUX,2017,214.8980095595,65265.785517133045,0.0,0.0,0.1,0.0032926595130474
Luxembourg,LUX,2018,291.0638197419827,70962.03392231153,0.0,0.0,0.1,0.0041016837265492
Luxembourg,LUX,2019,324.3036274070757,69896.4722346619,0.0022344669483149,3.25,0.1,0.0046397710362019
Luxembourg,LUX,2020,363.2326456172347,73548.69143964436,0.0652941386771864,91.5,0.1,0.0049386690436948
Luxembourg,LUX,2021,353.4886471144749,85573.39167455061,0.0674880839277386,91.5,0.1,0.0041308243157972
Luxembourg,LUX,2022,461.3368448509429,81542.866037847,0.0666041679359674,91.5,0.1,0.0056575990919526
Luxembourg,LUX,2023,583.5249199441662,85684.18243654954,0.0664151202941179,92.7,0.1,0.0068101825021937
Luxembourg,LUX,2024,618.7850077992192,93279.85186340632,0.0643106743645927,92.15,0.1,0.006633640549787
Luxembourg,LUX,2025,855.4091555174514,100512.14944836764,0.0098522488899908,15.1,0.1,0.008510505050505
Madagascar,MDG,2000,47.2109346139638,3877.650535648319,,,,0.0121751390900083
Madagascar,MDG,2001,65.0375654549594,4529.559080215527,,,,0.0143584760245283
Madagascar,MDG,2002,57.743396833993216,4397.280425061658,,,,0.0131316157379668
Madagascar,MDG,2003,72.51701888834157,5473.985125128198,,,,0.0132475732452128
Madagascar,MDG,2004,54.47171002643323,4363.927742045953,0.0,0.0,,0.012482266720781
Madagascar,MDG,2005,54.01816248383699,5039.282464332287,0.0,0.0,,0.0107194154854731
Madagascar,MDG,2006,53.91401764458759,5515.888725629743,0.0,0.0,,0.0097743120513063
Madagascar,MDG,2007,81.93694366768415,8524.606698401178,0.0,0.0,,0.0096118151331312
Madagascar,MDG,2008,103.27153953768796,10725.141509157853,0.0,0.0,,0.0096289209284099
Madagascar,MDG,2009,70.98522142305785,9616.861175436175,0.0,0.0,,0.0073813295344609
Madagascar,MDG,2010,56.92289289217446,9982.712505083857,0.0,0.0,,0.0057021468727247
Madagascar,MDG,2011,71.98980801137711,11551.804337520738,0.0,0.0,,0.0062319102633647
Madagascar,MDG,2012,68.63601780434357,11578.9600769031,0.0,0.0,,0.0059276495772063
Madagascar,MDG,2013,71.8778744942023,12423.583200039871,0.0,0.0,,0.0057855993183972
Madagascar,MDG,2014,69.67665525330813,12522.960037601257,0.0,0.0,,0.0055639126088479
Madagascar,MDG,2015,58.93284775624188,11323.022206061583,0.0,0.0,,0.005204692411951
Madagascar,MDG,2016,59.4074211268187,11848.615120176672,0.0,0.0,,0.0050138704417578
Madagascar,MDG,2017,66.70143223442048,13176.312774581129,0.0,0.0,2.9,0.0050622228976756
Madagascar,MDG,2018,73.21743306150887,13760.032677854517,0.0010714341640794,1.56,3.2,0.0053210217428731
Madagascar,MDG,2019,76.9188068143488,14104.66467898531,0.0014163082810857,2.06,3.1,0.0054534303767569
Madagascar,MDG,2020,87.85628498812109,13051.441202549782,0.0020694317176376,2.9,3.8,0.0067315389637549
Madagascar,MDG,2021,98.80709886252332,14554.75411424512,0.002138966594431,2.9,3.6,0.006788647756393
Madagascar,MDG,2022,98.94738865278192,15149.231441785172,0.0021109517706481,2.9,4.3,0.0065315121122159
Madagascar,MDG,2023,102.37992776993497,15805.273780459896,0.000960045967574,1.34,4.0,0.006477580154069
Madagascar,MDG,2024,121.9819208215784,17213.32675657701,0.0005862286105942,0.84,4.0,0.0070864814539682
Madagascar,MDG,2025,119.67666815152624,19337.87620541396,0.0016964137161573,2.6,4.0,0.0061887182894479
Malawi,MWI,2000,11.72750143591776,4256.883168356739,,,,0.0027549502704451
Malawi,MWI,2001,12.681914697641048,4177.9955760118455,,,,0.0030354064447685
Malawi,MWI,2002,14.815169794983738,4921.798593235324,,,,0.0030101129727953
Malawi,MWI,2003,13.118825853796215,4518.502553049547,,,,0.0029033569638999
Malawi,MWI,2004,21.965738581057504,4894.653712648534,0.0,0.0,,0.0044877002277596
Malawi,MWI,2005,38.21356189832798,5147.483533186962,0.0,0.0,,0.0074237365990501
Malawi,MWI,2006,31.09054950225712,5629.192583116444,0.0,0.0,,0.0055230921740902
Malawi,MWI,2007,33.599605593146464,6241.58848789271,0.0,0.0,,0.0053831818067343
Malawi,MWI,2008,44.46425140368481,7491.940821075555,0.0021599100456991,2.54,,0.0059349442908842
Malawi,MWI,2009,58.79738182436405,8717.122273619188,0.0021110660085459,2.54,,0.006745044979156
Malawi,MWI,2010,49.98421790586563,9799.185311688052,0.0020355462472501,2.54,,0.0051008544400366
Malawi,MWI,2011,52.80484298629525,11269.654665686994,0.0019491638125613,2.54,,0.0046855777353206
Malawi,MWI,2012,46.15595369039686,8488.113493854024,0.0025357622189954,3.34,,0.005437716369346
Malawi,MWI,2013,62.92552009154599,7770.591673595732,0.0028595992338348,3.86,,0.0080979058911775
Malawi,MWI,2014,49.45453591088621,8515.320535146142,0.004187883222108,5.78,,0.0058077127815409
Malawi,MWI,2015,40.63853671310886,9014.254237090248,0.0062957135701586,8.870000000000001,,0.004508252778793
Malawi,MWI,2016,34.95516396125375,7732.628602864882,0.006455644593654,9.19,,0.0045204762515431
Malawi,MWI,2017,47.40973746101626,8943.543677188994,0.0057597656001946,8.39,1.6,0.0053010013896323
Malawi,MWI,2018,58.24666590805647,9880.664542558035,0.003660733393938,5.33,2.0,0.0058950150222362
Malawi,MWI,2019,83.87889178204559,11025.358312649454,0.0023444714750011,3.41,2.2,0.0076078154925641
Malawi,MWI,2020,98.1214506476244,11761.19631628277,0.0002283510860841,0.32,2.8,0.0083428120753141
Malawi,MWI,2021,90.39928232751016,12378.11928365489,0.0,0.0,3.0,0.0073031516546201
Malawi,MWI,2022,115.9923333675376,12429.06012592634,0.0138303736697637,19.0,2.8,0.0093323495254145
Malawi,MWI,2023,146.47571281243344,12569.161834707103,0.013612592077543,19.0,2.7,0.0116535783959731
Malawi,MWI,2024,117.58999454490588,11122.176305433744,0.0149348717460909,21.4,2.5,0.0105725706296758
Malawi,MWI,2025,162.8191934042492,14213.847630187607,0.0139627898176029,21.4,2.5,0.0114549696634183
Malaysia,MYS,2000,1533.157894736842,93789.73684210528,,,,0.016346755480484
Malaysia,MYS,2001,1934.4736842105265,92783.94736842104,,,,0.0208492281162519
Malaysia,MYS,2002,2237.894736842105,100845.52631578948,,,,0.0221913139689937
Malaysia,MYS,2003,2881.5789473684213,110202.36842105264,,,,0.0261480673115727
Malaysia,MYS,2004,2823.157894736842,124749.47368421052,0.4794460624987282,464.17,,0.0226306196840826
Malaysia,MYS,2005,3120.337779139128,143534.48162045263,0.5070111130267344,495.23,,0.0217392904054247
Malaysia,MYS,2006,3266.197405797971,162691.85263536687,0.6287874014777068,652.69,,0.020075974014005
Malaysia,MYS,2007,3970.5373272398815,202733.32615772187,0.8841283993423057,995.9,,0.0195850253260822
Malaysia,MYS,2008,4411.795565121724,241762.9195732397,1.1051256281065185,1299.6,,0.0182484376549945
Malaysia,MYS,2009,3964.817704638956,211853.87998297627,2.0907199865423696,2515.52,,0.0187148694418886
Malaysia,MYS,2010,3854.2853506111287,258640.39812610016,2.14042496275311,2670.87,,0.0149021010582112
Malaysia,MYS,2011,4692.483660130719,302184.64052287576,1.912152721742515,2491.7699999999995,,0.0155285313376987
Malaysia,MYS,2012,4507.252007252007,318909.93265993265,1.5281156052477218,2012.77,,0.0141333070740643
Malaysia,MYS,2013,4915.722759456792,327868.77441754926,1.186563291413535,1601.67,,0.0149929579850641
Malaysia,MYS,2014,4919.245322858516,338066.2029437428,0.2848919866665913,393.2,,0.014551130163334
Malaysia,MYS,2015,4532.069852244317,301354.7837243248,0.2119746175566938,298.65,,0.0150389842704146
Malaysia,MYS,2016,4169.374000506931,301182.4897942271,0.3966533488849506,564.66,,0.013843347942822
Malaysia,MYS,2017,3494.83225687397,317615.40843039064,0.5101339952143831,743.0899999999999,2.2,0.0110033460723613
Malaysia,MYS,2018,3445.043719600085,358819.8012983641,0.5176400646047328,753.68,3.4,0.0096010412667707
Malaysia,MYS,2019,3265.2814689538536,365483.8738825803,0.5133911260448366,746.7199999999999,1.6,0.0089341328093805
Malaysia,MYS,2020,3374.5835316515945,337575.1811042361,0.4851461543286553,679.86,1.4,0.0099965392023579
Malaysia,MYS,2021,3675.4890123158657,374039.61120502296,0.399831862474184,542.0900000000001,1.3,0.0098264699839536
Malaysia,MYS,2022,3673.788247833662,407860.8775939728,0.3029288582320458,416.16,1.0,0.0090074543788211
Malaysia,MYS,2023,3925.419274890087,400523.0237008686,0.2395601269983195,334.37,0.8,0.0098007331479195
Malaysia,MYS,2024,4377.622927886969,422096.9180546418,0.190545235179216,273.03,0.7,0.0103711321751945
Malaysia,MYS,2025,4933.177367160248,476164.7430484128,0.1446453679749713,221.69,0.5,0.0103602323338304
Maldives,MDV,2004,,,0.0,0.0,,
Maldives,MDV,2005,,,0.0,0.0,,
Maldives,MDV,2006,,,0.0140653236016708,14.6,,
Maldives,MDV,2007,,,0.0129614164377926,14.6,,
Maldives,MDV,2008,,,0.0124152309713413,14.6,,
Maldives,MDV,2009,,,0.0121344739073903,14.6,,
Maldives,MDV,2010,,,0.0153066666623925,19.1,,
Maldives,MDV,2011,,,0.0034532429750102,4.5,,
Maldives,MDV,2012,,,0.0034164461034369,4.5,,
Maldives,MDV,2013,,,0.0066674593535009,9.0,,
Maldives,MDV,2014,,,0.0065209254323482,9.0,,
Maldives,MDV,2015,,,0.0031939922283781,4.5,,
Maldives,MDV,2016,,,0.0031610882123442,4.5,,
Maldives,MDV,2017,,,0.0030892664125001,4.5,,
Maldives,MDV,2018,,,0.0,0.0,,
Maldives,MDV,2019,,,0.0012375509252205,1.8,,
Maldives,MDV,2020,,,0.0032825468624596,4.6,,
Maldives,MDV,2021,,,0.004720478001503,6.4,,
Maldives,MDV,2022,,,0.0046586521834993,6.4,,
Maldives,MDV,2023,,,0.0045852941734881,6.4,,
Maldives,MDV,2024,,,0.0082351161964426,11.8,,
Maldives,MDV,2025,,,0.0131145829595242,20.1,,
Mali,MLI,2000,43.68124768250616,2954.1308106425213,,,,0.014786497444575
Mali,MLI,2001,44.88165022597706,3465.303629829913,,,,0.0129517222790027
Mali,MLI,2002,49.355225627987856,3889.75913983796,,,,0.0126885043144455
Mali,MLI,2003,66.7584308327598,4703.506894305298,,,,0.0141933311320509
Mali,MLI,2004,77.4203318284638,5444.472207236625,0.0114033318180536,11.04,,0.0142199884362636
Mali,MLI,2005,86.45074203553581,6245.032874032169,0.0175477464557442,17.14,,0.0138431204093434
Mali,MLI,2006,96.0048958671996,6899.801105395015,0.0165123045570299,17.14,,0.0139141541039686
Mali,MLI,2007,110.37688803944356,8145.691232653197,0.0213419487098996,24.04,,0.0135503402826001
Mali,MLI,2008,142.91935105682165,9750.829043891874,0.0202810451141431,23.85,,0.0146571486807421
Mali,MLI,2009,144.434608395844,10181.02823887197,0.0284993911153709,34.29,,0.0141866425479875
Mali,MLI,2010,146.78654571078408,10678.74946746972,0.017189947639179,21.45,,0.0137456680820104
Mali,MLI,2011,161.06267457286603,12978.110310978116,0.0166062617731604,21.64,,0.0124103333007289
Mali,MLI,2012,148.8657798706043,12442.750334458317,0.0170139015951159,22.41,,0.0119640574526632
Mali,MLI,2013,153.8336976763015,13245.777669824303,0.0197208631100215,26.62,,0.0116137913160626
Mali,MLI,2014,218.11840312495508,14388.385464276882,0.0121144303587624,16.72,,0.015159338319542
Mali,MLI,2015,309.1706822216586,13099.48431820103,0.0118674555685515,16.72,,0.0236017445199795
Mali,MLI,2016,362.3989021985638,14013.169476536126,0.027079989019082,38.55,,0.0258613087357125
Mali,MLI,2017,460.19619196839136,15195.008344970876,0.0426799317478074,62.17,7.1,0.0302860111373814
Mali,MLI,2018,481.72818447786335,17060.806978778728,0.0558862807250917,81.37,7.3,0.0282359553728652
Mali,MLI,2019,475.63818567201065,17278.865135871176,0.0690278404956364,100.4,7.7,0.0275271658139503
Mali,MLI,2020,593.8658835386727,17468.91349142023,0.1064258780580938,149.14,8.0,0.0339955821425497
Mali,MLI,2021,652.8833532865035,19305.93588628009,0.122548034367145,166.15,8.3,0.0338177520702573
Mali,MLI,2022,582.0175525434124,18829.93041135977,0.1426566648315944,195.98,8.1,0.0309091717190994
Mali,MLI,2023,785.2650084672229,20414.799776304106,0.1802020610180857,251.52,8.8,0.0384654768634418
Mali,MLI,2024,932.9766425676744,21959.526274315267,0.1790439881523198,256.55,9.5,0.0424861916834208
Mali,MLI,2025,952.8994978331154,24596.4903141106,0.1775818927409804,272.17,9.2,0.0387412791688598
Malta,MLT,2000,25.353948051693564,4036.7504874440297,,,,0.0062807815668951
Malta,MLT,2001,27.11932311390497,4070.808885560845,,,,0.0066619003437123
Malta,MLT,2002,28.40369079676857,4455.056844012355,,,,0.0063756068196847
Malta,MLT,2003,34.125502004604385,5418.2535633934085,,,,0.0062982475082306
Malta,MLT,2004,40.52646918882293,6104.073092626592,0.0091722451579996,8.879999999999999,,0.0066392503126767
Malta,MLT,2005,52.49896331758239,6382.646460257198,0.0266185185443028,26.0,,0.0082252657490082
Malta,MLT,2006,44.43442583726032,6775.874983313982,0.0249514987180324,25.9,,0.0065577399150195
Malta,MLT,2007,49.26337711565586,7958.759242220557,0.0192645710068561,21.7,,0.006189831306156
Malta,MLT,2008,56.03251913428791,9135.419464606144,0.0184527747998703,21.7,,0.0061335463961318
Malta,MLT,2009,59.11011151042658,8734.745697325667,0.014544746121872,17.5,,0.0067672389739433
Malta,MLT,2010,58.728949930136615,9088.176576230557,0.0,0.0,,0.0064621268565289
Malta,MLT,2011,55.893126481361776,9776.556080099534,0.0057554049583504,7.5,,0.0057170568064488
Malta,MLT,2012,49.92200890665995,9610.07535327267,0.0113881536781231,15.0,,0.0051947572804056
Malta,MLT,2013,53.789438883423024,10793.714875610596,0.0111124322558348,15.0,,0.0049834037218238
Malta,MLT,2014,56.51487991665989,11872.218033576184,0.0195627762970446,27.0,,0.0047602629733406
Malta,MLT,2015,51.79660641011423,11335.713882666076,0.0262617138777755,37.0,,0.0045693290203203
Malta,MLT,2016,59.672922989577785,12014.840337421176,0.0249374736751598,35.5,,0.0049666014123984
Malta,MLT,2017,64.23588816573347,14065.14374049538,0.0243708794763899,35.5,0.0,0.004567026782726
Malta,MLT,2018,66.86909103785277,16145.066083590053,0.0243819954005254,35.5,0.1,0.0041417663261111
Malta,MLT,2019,80.26757725033588,16339.18366995074,0.0161569148570463,23.5,0.1,0.0049125818567028
Malta,MLT,2020,86.28747292830275,16371.117158326684,0.009633561444175,13.5,0.1,0.0052707137878135
Malta,MLT,2021,87.95056764427625,19725.86014900662,0.0055318101580113,7.5,0.1,0.00445864296816
Malta,MLT,2022,79.42252644155931,18916.28361359563,0.0,0.0,0.0,0.0041986326735171
Malta,MLT,2023,85.23791707901002,22605.138828267813,0.0322403496573388,45.0,0.0,0.0037707318555557
Malta,MLT,2024,93.62699292734384,25030.077966761964,0.0314051041389763,45.0,0.0,0.0037405793562318
Malta,MLT,2025,124.65762696568372,27773.978880570627,0.0293610066258004,45.0,0.0,0.0044882883904289
Mauritania,MRT,2000,37.87831225959828,1293.6557996599488,,,,0.0292800544546354
Mauritania,MRT,2001,51.85248934979992,1295.5399550939292,,,,0.0400238442248896
Mauritania,MRT,2002,36.28113741494597,1324.4270940718118,,,,0.0273938350984676
Mauritania,MRT,2003,62.44915028703949,1563.074859355571,,,,0.0399527571653133
Mauritania,MRT,2004,,,0.0664161445562363,64.3,,0.0383812011166648
Mauritania,MRT,2005,66.65963664848904,2184.4475912144853,0.033887421685247,33.1,,0.0305155577623303
Mauritania,MRT,2006,81.90618019359643,3040.7166790766937,0.0318878226859797,33.1,,0.0269364721669718
Mauritania,MRT,2007,,,0.0057704936195652,6.5,,
Mauritania,MRT,2008,123.3233838364756,4031.053345255937,0.0,0.0,,0.03059333957503
Mauritania,MRT,2009,114.82432937194606,3662.279341359349,0.0,0.0,,0.0313532417025638
Mauritania,MRT,2010,,,0.0139442931898235,17.4,,
Mauritania,MRT,2011,,,0.0173429536078293,22.6,,
Mauritania,MRT,2012,142.2999123457623,6728.208835079025,0.025357622189954,33.4,,0.0211497466612287
Mauritania,MRT,2013,144.21548346758368,7223.063169499836,0.0247436824896589,33.4,,0.0199659728958967
Mauritania,MRT,2014,144.8443306631431,6592.537781815177,0.0296339833536713,40.9,,0.0219709519242621
Mauritania,MRT,2015,132.93121769171918,6166.863960000611,0.0173185356383168,24.4,,0.0215557240363878
Mauritania,MRT,2016,137.28434769241696,6398.747531601421,0.0382280934479492,54.42,,0.0214548780076745
Mauritania,MRT,2017,144.2375789520249,6800.135961614137,0.0299452890918346,43.62,3.7,0.0212109845694596
Mauritania,MRT,2018,159.2824609347628,7473.550557073785,0.0305770826825744,44.52,3.6,0.0213128230977176
Mauritania,MRT,2019,161.02659610711137,7894.764814099805,0.0489107626778841,71.13999999999999,3.7,0.0203966299058741
Mauritania,MRT,2020,200.82999081273704,8260.752459273548,0.0501230633954707,70.24,4.0,0.0243113435250422
Mauritania,MRT,2021,229.31324521674853,9222.53627876884,0.0300782957658271,40.78,4.1,0.0248644449081376
Mauritania,MRT,2022,225.5448761337485,9557.980235548936,0.0296843493817349,40.78,3.9,0.0235975457759245
Mauritania,MRT,2023,275.9560820060754,10651.70941146918,0.0302915996336063,42.28,3.8,0.0259072108847563
Mauritania,MRT,2024,275.3986695410916,10813.710693890484,0.0937686620469526,134.36,4.5,0.0254675455388949
Mauritania,MRT,2025,321.7590249932787,11707.070496528671,0.0876654411165012,134.36,5.2,0.0274841622495299
Mauritius,MUS,2000,9.360142630744848,4663.311000483207,,,,0.0020071881608957
Mauritius,MUS,2001,8.977215381076785,4613.62803438785,,,,0.0019458038910299
Mauritius,MUS,2002,9.502035912155398,4841.307521155531,,,,0.0019627003388306
Mauritius,MUS,2003,10.882927441176998,5816.550560015339,,,,0.001871027738672
Mauritius,MUS,2004,10.935141916831826,6578.840793929087,0.0098126496622744,9.5,,0.0016621684973624
Mauritius,MUS,2005,10.886148046189,6775.29938459561,0.0097259971604183,9.5,,0.0016067405184986
Mauritius,MUS,2006,10.814271432220789,7028.8033657015085,0.0091520941243748,9.5,,0.0015385650827836
Mauritius,MUS,2007,11.63228874262703,8150.13875715741,0.0084337983670568,9.5,,0.0014272503928122
Mauritius,MUS,2008,15.580188944497554,9990.37001630771,0.0080784037142289,9.5,,0.0015595207103506
Mauritius,MUS,2009,15.316115870562394,9128.843109155876,0.0,0.0,,0.0016777718367402
Mauritius,MUS,2010,14.874416912462156,10003.670690349658,0.0,0.0,,0.0014868958978039
Mauritius,MUS,2011,17.512018393367242,11518.3933672403,0.0,0.0,,0.0015203525209664
Mauritius,MUS,2012,16.662229617304494,11668.685524126457,0.0,0.0,,0.0014279440115901
Mauritius,MUS,2013,23.200896376061024,12292.957324421686,0.0,0.0,,0.0018873323776996
Mauritius,MUS,2014,19.74422208276613,13074.130094372318,0.0199250499321751,27.5,,0.001510174821594
Mauritius,MUS,2015,17.086605413515816,12007.291045648904,0.019518841395644,27.5,,0.0014230191763118
Mauritius,MUS,2016,22.00221053752077,12594.155346298016,0.0392326170354275,55.85,,0.0017470175595371
Mauritius,MUS,2017,22.6788880674586,13713.505998039054,0.0512818224475022,74.7,0.1,0.001653762945136
Mauritius,MUS,2018,23.044428302212054,14735.674218972164,0.0513052128568803,74.7,0.2,0.0015638529978182
Mauritius,MUS,2019,21.480813621053496,14436.347115289323,0.0324513353724505,47.2,0.1,0.0014879673818803
Mauritius,MUS,2020,18.425832424043232,11401.040995994616,0.033681785197412,47.2,0.2,0.0016161535100625
Mauritius,MUS,2021,19.66797893127722,11476.433603781375,0.0145523485890085,19.73,0.4,0.0017137709858572
Mauritius,MUS,2022,17.902904468992723,12907.767789596735,0.0035522222899182,4.88,0.9,0.0013869868718448
Mauritius,MUS,2023,23.68159302895196,14167.667666838424,0.0034962868072847,4.88,0.3,0.001671523752945
Mauritius,MUS,2024,19.011371872777385,15056.48215466196,0.0034057090710712,4.88,0.4,0.0012626702358154
Mauritius,MUS,2025,23.83983891292431,16380.668605780716,0.0031840380518645,4.88,0.2,0.0014553642153844
Mexico,MEX,2000,3031.454509304578,742061.1788196574,,,,0.004085181378342
Mexico,MEX,2001,3229.469276433956,796064.77071055,,,,0.0040567921044306
Mexico,MEX,2002,3172.2687335075952,810665.9513916795,,,,0.0039131638969932
Mexico,MEX,2003,2960.496802298637,765551.3138381685,,,,0.0038671435196889
Mexico,MEX,2004,2854.385964912281,819456.8270423535,0.8274542650475175,801.0899999999999,,0.0034832658301408
Mexico,MEX,2005,3123.454977564485,917571.1834390112,0.6410148781138036,626.12,,0.0034040465022647
Mexico,MEX,2006,3035.13101879037,1020268.9876321198,0.535243365743307,555.5899999999999,,0.0029748341423514
Mexico,MEX,2007,4223.037645723907,1102354.7565015282,0.4073258280813703,458.82,,0.0038309243197954
Mexico,MEX,2008,4334.654123651132,1161555.2305992076,0.3929675709915236,462.12,,0.0037317675556546
Mexico,MEX,2009,4514.233914233914,943435.656935657,0.1666744792731549,200.54,,0.0047848879582275
Mexico,MEX,2010,4789.03133903134,1105424.9366888255,0.2157598882469082,269.23,,0.0043322989920747
Mexico,MEX,2011,5498.458541611327,1229016.1631772555,0.3189645427917811,415.65,,0.0044738699997213
Mexico,MEX,2012,5717.035574623183,1255106.4391206957,0.5133020467852684,676.0999999999999,,0.0045550205117491
Mexico,MEX,2013,6473.144378327592,1327435.4447228312,0.5225806475510605,705.3999999999999,,0.0048764287589738
Mexico,MEX,2014,6758.693845002238,1364507.746878867,0.532810326131768,735.3699999999999,,0.004953210313728
Mexico,MEX,2015,5468.837811916328,1213294.482256732,0.6742304661290964,949.92,,0.0045074282393045
Mexico,MEX,2016,5336.87574046474,1111741.9396422333,0.7397859620146782,1053.13,,0.004800462724454
Mexico,MEX,2017,5062.076645821288,1191499.7546330143,0.6914327434093075,1007.18,8.2,0.0042484915554014
Mexico,MEX,2018,5839.521271019866,1256860.991665698,0.666954030804007,971.08,8.5,0.0046461154493153
Mexico,MEX,2019,6650.808254067259,1305775.9498934457,0.6064755814701775,882.11,8.5,0.0050933762829756
Mexico,MEX,2020,8044.880863737901,1120939.9664929265,0.5964887167089985,835.8900000000001,8.7,0.0071769060825869
Mexico,MEX,2021,8680.832593469468,1316466.0895728518,0.3766203870511683,510.62,8.7,0.0065940419295464
Mexico,MEX,2022,10057.300141349957,1466934.7231503404,0.2155500132152859,296.12,8.8,0.0068559970546959
Mexico,MEX,2023,11845.743357956651,1794410.378752976,0.2035584032142912,284.12,8.7,0.0066014683698992
Mexico,MEX,2024,20594.94769831146,1830489.2772091955,0.2306949160928896,330.56,8.7,0.0112510616449559
Mexico,MEX,2025,13647.711360169911,1852271.3810574496,0.0404137944533796,61.94,8.8,0.0073680949237462
Moldova,MDA,2000,5.090797960463881,1288.346576378054,,,,0.0039514196364581
Moldova,MDA,2001,5.96186582304063,1480.869328648825,,,,0.0040259229546474
Moldova,MDA,2002,6.978372204413986,1662.1242400795843,,,,0.0041984660569536
Moldova,MDA,2003,8.246742536698004,1980.57483381021,,,,0.0041638126446517
Moldova,MDA,2004,9.378005953105104,2597.9364461422424,0.0,0.0,,0.0036097903653612
Moldova,MDA,2005,11.960379694593476,2988.338518683133,0.0,0.0,,0.004002351012048
Moldova,MDA,2006,16.449497757232827,3408.272421960079,0.0,0.0,,0.0048263447637712
Moldova,MDA,2007,22.718473793029595,4401.154210495967,0.0,0.0,,0.0051619354165891
Moldova,MDA,2008,36.84565050038491,6054.80590839107,0.0,0.0,,0.006085356171256
Moldova,MDA,2009,24.90638726866854,5439.42203139627,0.0,0.0,,0.0045788664907611
Moldova,MDA,2010,18.33571827023356,6974.960378956535,0.0,0.0,,0.0026287917456208
Moldova,MDA,2011,22.96696369243351,8414.360622484613,0.0,0.0,,0.0027294960036609
Moldova,MDA,2012,23.870072823950988,8709.165238559126,0.0,0.0,,0.0027407991661781
Moldova,MDA,2013,26.710522134299424,9496.684679119317,0.0,0.0,,0.0028126154586377
Moldova,MDA,2014,27.565559837630307,9402.090134185968,0.0,0.0,,0.0029318544540859
Moldova,MDA,2015,23.051814594477925,7797.667147779158,0.0,0.0,,0.0029562450098993
Moldova,MDA,2016,27.469621399804936,7980.917248715016,0.0,0.0,,0.0034419128207635
Moldova,MDA,2017,30.87728648971381,9514.40406712366,0.0,0.0,2.4,0.0032453200717434
Moldova,MDA,2018,37.394242702171375,11252.35360481117,0.0,0.0,2.4,0.0033232374324054
Moldova,MDA,2019,40.02055629103443,11736.797136879082,0.0,0.0,2.2,0.0034098362461495
Moldova,MDA,2020,43.24599506655461,11530.746096307692,0.0,0.0,2.2,0.0037504940881841
Moldova,MDA,2021,50.73961245158631,13691.86912972928,0.0,0.0,2.2,0.0037058207298676
Moldova,MDA,2022,54.36258092699525,14525.337829651333,0.0,0.0,2.1,0.0037426035500545
Moldova,MDA,2023,92.20467622171827,16711.90696563375,0.0090702850369313,12.66,4.2,0.005517304303532
Moldova,MDA,2024,109.20133096754056,18200.2306909732,0.0112918796659697,16.18,3.4,0.0059999970781524
Moldova,MDA,2025,113.28733434316092,20219.021787042417,0.0136104577380932,20.86,3.6,0.00560300767942
Mongolia,MNG,2000,24.26555954935124,1199.7919511085104,,,,0.0202248060815309
Mongolia,MNG,2001,23.124715313838024,1297.932039719413,,,,0.0178165840784985
Mongolia,MNG,2002,25.28212841458692,1408.030189766822,,,,0.0179556721143697
Mongolia,MNG,2003,24.333211226821568,1611.7972334153192,,,,0.0150969431652768
Mongolia,MNG,2004,27.749093056610143,2006.8337129840547,0.0,0.0,,0.0138273006263925
Mongolia,MNG,2005,29.797967226716448,2929.163538835578,0.0,0.0,,0.0101728588491723
Mongolia,MNG,2006,39.189624480800205,4075.219840860957,0.0,0.0,,0.0096165669610895
Mongolia,MNG,2007,56.56185919343814,5370.1086018253845,0.0,0.0,,0.0105327216611991
Mongolia,MNG,2008,66.74987133299022,8107.5336385538785,0.0123301951427704,14.5,,0.0082330674541482
Mongolia,MNG,2009,37.633746000834606,5976.473253117228,0.0120513610724082,14.5,,0.006296982251398
Mongolia,MNG,2010,54.85571750696359,7189.504001296922,0.0625890401221391,78.1,,0.0076299724566629
Mongolia,MNG,2011,87.15784815727922,10409.76310133384,0.0620816348174067,80.89999999999999,,0.0083727023668878
Mongolia,MNG,2012,113.62276992884398,12292.770665448816,0.1204487054022819,158.64999999999998,,0.0092430561849008
Mongolia,MNG,2013,103.46406987197577,12582.101933815857,0.106790473978573,144.15,,0.0082231148989426
Mongolia,MNG,2014,105.11443489488768,12226.514677371915,0.1044434890081107,144.15,,0.0085972525833079
Mongolia,MNG,2015,101.73306981011,11619.89259722774,0.1092132409290088,153.87,,0.0087550783244228
Mongolia,MNG,2016,96.36678983712936,11154.712740323444,0.1061212436086308,151.07,,0.0086391099511483
Mongolia,MNG,2017,87.51174349620146,11482.162989542256,0.0503344474143355,73.32000000000001,0.7,0.0076215381697599
Mongolia,MNG,2018,88.15518947404168,13178.094752500429,0.0503574057117331,73.32000000000001,0.7,0.0066895246338485
Mongolia,MNG,2019,93.98048033682214,14206.35903220738,0.0617675417343423,89.84,0.7,0.0066153811911805
Mongolia,MNG,2020,95.5945941377913,13465.744348237378,0.0117886248190942,16.52,0.7,0.0070990946854196
Mongolia,MNG,2021,97.19468171341198,15689.085694884936,0.0304618346034492,41.3,0.7,0.0061950507253013
Mongolia,MNG,2022,89.80131374453363,17473.239088198392,0.0319554423211909,43.9,0.7,0.0051393627301297
Mongolia,MNG,2023,111.46704198602067,20544.43051948684,0.0314522522212705,43.9,0.7,0.0054256574247843
Mongolia,MNG,2024,179.44687791700477,23660.416055289134,0.0191082611405594,27.380000000000003,0.8,0.0075842655301444
Mongolia,MNG,2025,221.31670329112356,25074.104873055512,0.0178645413647648,27.380000000000003,0.9,0.0088265046513763
Montenegro,MNE,2000,,,,,,
Montenegro,MNE,2001,,,,,,
Montenegro,MNE,2002,,,,,,
Montenegro,MNE,2003,,,,,,
Montenegro,MNE,2004,,,0.0,0.0,,
Montenegro,MNE,2005,60.81181913147292,2257.001442570761,0.0,0.0,,0.0269436332580307
Montenegro,MNE,2006,62.34781550566336,2721.764405544314,0.0,0.0,,0.0229071316307388
Montenegro,MNE,2007,64.19047462628552,3680.523049718191,0.0,0.0,,0.0174405848731745
Montenegro,MNE,2008,85.1063829787234,4545.8380635002,0.0,0.0,,0.0187218246206494
Montenegro,MNE,2009,76.68338790541826,4159.073575765827,0.0,0.0,,0.0184376127299691
Montenegro,MNE,2010,75.09486189564862,4132.903580581291,0.0,0.0,,0.0181700009282787
Montenegro,MNE,2011,79.37666381689152,4501.231063939224,0.0,0.0,,0.01763443437792
Montenegro,MNE,2012,67.71220130182168,4072.0596831017583,0.0,0.0,,0.0166284894061877
Montenegro,MNE,2013,64.83624307749093,4420.841324341871,0.0,0.0,,0.0146660416696007
Montenegro,MNE,2014,67.54401804251837,4573.5442167872425,0.0,0.0,,0.0147684191604833
Montenegro,MNE,2015,56.89142730398138,4009.088895419763,0.0009085133449608,1.28,,0.0141906125775803
Montenegro,MNE,2016,61.71455161002053,4353.504436281112,0.0010045235874782,1.43,,0.0141758329440773
Montenegro,MNE,2017,65.73488637693362,4771.320266579212,0.0009817002155278,1.43,1.1,0.0137770853148078
Montenegro,MNE,2018,75.3656032010198,5430.536307732256,0.0112843995614262,16.43,1.2,0.0138781142285543
Montenegro,MNE,2019,73.96215853112406,5484.090789296912,0.0112960898340966,16.43,1.2,0.0134866765290379
Montenegro,MNE,2020,82.9203237205061,4724.513752422205,0.0140221838798547,19.65,1.1,0.0175510810351634
Montenegro,MNE,2021,91.13765373699148,5822.179999999999,0.0150465236297909,20.4,1.0,0.0156535273277348
Montenegro,MNE,2022,98.01151901183874,6252.135652351342,0.0161596997615134,22.2,1.1,0.0156764863179156
Montenegro,MNE,2023,114.26052609971435,7637.00572923194,0.0051584559451742,7.2,1.0,0.0149614299308906
Montenegro,MNE,2024,150.12617101562512,8274.290502716536,0.0089190495754692,12.78,1.0,0.0181436911075743
Montenegro,MNE,2025,176.5449089637434,9341.077361957492,0.0063289280948947,9.7,1.0,0.018899844431515
Morocco,MAR,2000,859.1514832103599,38858.71411556628,,,,0.0221096220697173
Morocco,MAR,2001,1470.3176147925328,39459.58121365177,,,,0.037261358827697
Morocco,MAR,2002,1474.874326261728,42238.36983912654,,,,0.0349178799247955
Morocco,MAR,2003,1819.23007024998,52064.16758697743,,,,0.034942075415127
Morocco,MAR,2004,1937.523821552049,59625.88568454052,0.3293125226659296,318.82,,0.0324946757487646
Morocco,MAR,2005,2031.1313805624584,62342.95232378733,0.2990488179534946,292.1,,0.0325799678207967
Morocco,MAR,2006,2134.59487606275,68640.98156624316,0.3159880918731523,328.0,,0.0310979654916898
Morocco,MAR,2007,2408.350249562701,79041.24955903877,0.1779975339573574,200.5,,0.0304695366406602
Morocco,MAR,2008,2944.958472736,92506.89970620608,0.1993409893357418,234.42,,0.0318350142755722
Morocco,MAR,2009,3055.069441858733,92897.3203758176,0.2153619780056842,259.12,,0.0328865184646812
Morocco,MAR,2010,3160.804832033607,93217.1896459138,0.4049615077403249,505.3200000000001,,0.0339079610106241
Morocco,MAR,2011,3342.698955607445,101370.85021143728,1.3411014417749854,1747.62,,0.0329749523520352
Morocco,MAR,2012,3402.700835840546,98265.8510692547,2.1046978259710944,2772.2200000000003,,0.0346275007931537
Morocco,MAR,2013,4065.55231693534,106825.64987210756,2.0657270734779947,2788.4,,0.0380578290120645
Morocco,MAR,2014,4048.6125243501792,119130.84582948184,2.406656212898651,3321.6,,0.0339845864113578
Morocco,MAR,2015,3268.363375665711,110417.75911511676,2.1446877059903184,3021.6400000000003,,0.0295999792230727
Morocco,MAR,2016,3327.2372927737683,111572.94664653509,1.418232763428935,2018.94,,0.0298211832955753
Morocco,MAR,2017,3492.0748423821183,118540.57472755216,1.0791974635063242,1572.02,3.6,0.0294588992031473
Morocco,MAR,2018,3696.571637943004,127341.14187120514,1.354141683706591,1971.62,3.4,0.0290288871579444
Morocco,MAR,2019,3694.594867749861,128920.26507552565,0.99515595066737,1447.44,3.6,0.0286579837978571
Morocco,MAR,2020,4829.507987633947,121353.64093972124,1.0107389947799654,1416.4,3.3,0.0397969764255599
Morocco,MAR,2021,5325.480901054676,142022.05806578635,0.872241074221477,1182.58,4.4,0.0374975618124604
Morocco,MAR,2022,4993.737492086391,131245.3096651869,0.7894231707820399,1084.5,4.6,0.0380488834597263
Morocco,MAR,2023,5189.111532393438,146056.73335810733,0.8050343664216041,1123.64,4.7,0.035528054154618
Morocco,MAR,2024,5516.970248606503,160605.6435079426,0.8416358541884744,1205.97,4.9,0.0343510360414804
Morocco,MAR,2025,6330.727244328332,178677.35633880866,1.03201980889247,1581.7199999999998,4.4,0.0354310550259316
Mozambique,MOZ,2000,55.36145844278659,5930.68521756734,,,,0.009334749090847
Mozambique,MOZ,2001,50.61921598176162,5650.165255348489,,,,0.0089588912348793
Mozambique,MOZ,2002,53.50958695835797,5950.75862155355,,,,0.0089920614095398
Mozambique,MOZ,2003,59.77134255307519,6583.517725098498,,,,0.0090789369830672
Mozambique,MOZ,2004,77.63060585528734,7937.270681908792,0.0009089612318738,0.88,,0.0097805163722372
Mozambique,MOZ,2005,62.24795108624952,8868.491440045273,0.0009009344738071,0.88,,0.007019001090216
Mozambique,MOZ,2006,57.43913577525117,9509.827676003077,0.0008477729294157,0.88,,0.0060399765097943
Mozambique,MOZ,2007,68.62536425660694,10811.473159956233,0.0007812360592642,0.88,,0.006347457302191
Mozambique,MOZ,2008,83.70945573360328,12920.363296177622,0.0,0.0,,0.006478877862387
Mozambique,MOZ,2009,84.30280940319714,12263.894791329842,0.0,0.0,,0.0068740649555144
Mozambique,MOZ,2010,99.189931713982,11411.894387979775,0.0,0.0,,0.0086918024599368
Mozambique,MOZ,2011,118.87118303540711,14619.27998897587,0.0001074342258892,0.14,,0.008131124318369
Mozambique,MOZ,2012,139.10055334296692,16688.104732627784,0.0002125788686582,0.28,,0.0083353116229552
Mozambique,MOZ,2013,157.89211436315983,17198.079343004043,0.0072378975426337,9.77,,0.0091807992749718
Mozambique,MOZ,2014,173.75224899254573,17978.24675598096,0.0184542189735454,25.47,,0.0096645825007792
Mozambique,MOZ,2015,134.03372638618154,16208.985710459328,0.0219675687707338,30.95,,0.0082691001633552
Mozambique,MOZ,2016,110.96444708083546,12069.051288912317,0.0541248548358046,77.05,,0.0091941317030259
Mozambique,MOZ,2017,130.5998022706017,13264.640664039642,0.0527989955078633,76.91,6.4,0.0098457097767191
Mozambique,MOZ,2018,196.51823748174715,15017.358839716042,0.0486747046207109,70.87,5.7,0.0130860718971448
Mozambique,MOZ,2019,215.3294785365985,15512.759091302738,0.0532284403503204,77.42,7.0,0.0138807982041907
Mozambique,MOZ,2020,287.94356870366414,14235.420504593169,0.0520854555415064,72.99,7.8,0.0202272611905462
Mozambique,MOZ,2021,309.0384174749866,16168.056389268151,0.0339579386233124,46.04,8.3,0.0191141353069572
Mozambique,MOZ,2022,417.03919291056,18883.529222773504,0.0371818677395542,51.08,8.3,0.0220848120068367
Mozambique,MOZ,2023,404.0457587101994,20954.221178444997,0.0362739756255792,50.63,8.4,0.0192823085749342
Mozambique,MOZ,2024,483.8651122760347,22781.365432386305,0.0205598748429832,29.46,8.4,0.0212395132202289
Mozambique,MOZ,2025,468.0620397932007,25090.718354479348,0.0276711175777822,42.41,8.3,0.0186547883237324
Myanmar,MMR,2000,9030.564408836948,414193.46819647285,,,,0.0218027687596302
Myanmar,MMR,2001,9464.417217002449,514466.3360453762,,,,0.0183965724361169
Myanmar,MMR,2002,11000.356815937175,785989.479199287,,,,0.013995552239635
Myanmar,MMR,2003,24189.10950279609,1236798.9209846016,,,,0.0195578352247747
Myanmar,MMR,2004,29853.91408291321,1646284.3383288863,0.6371198489141167,616.8199999999999,,0.0181341177753153
Myanmar,MMR,2005,32954.2622508452,2089804.526165444,0.7980846133086859,779.54,,0.0157690644451385
Myanmar,MMR,2006,,,0.8024363452586083,832.94,,
Myanmar,MMR,2007,,,0.7360309000167877,829.0799999999999,,
Myanmar,MMR,2008,,,0.6882629892865911,809.3800000000001,,
Myanmar,MMR,2009,,,0.5673697680054816,682.6500000000001,,
Myanmar,MMR,2010,,,0.4530933611300263,565.38,,
Myanmar,MMR,2011,,,0.7881988721094533,1027.12,,
Myanmar,MMR,2012,2969.236076315884,76218.76897478041,0.9664214974328822,1272.9299999999998,,0.0389567571905859
Myanmar,MMR,2013,2366.989084910612,60884.40716818236,1.0706680312733474,1445.2299999999998,,0.0388767698496632
Myanmar,MMR,2014,2372.8959116141423,66299.96945866721,1.0816114105181944,1492.8099999999995,,0.0357903017299797
Myanmar,MMR,2015,2552.3704418280217,62543.49070553157,1.1990317802936497,1689.3099999999995,,0.0408095297054195
Myanmar,MMR,2016,2457.6705951834097,64533.42796501436,0.9168279758273692,1305.16,,0.0380836827158134
Myanmar,MMR,2017,2214.042872965238,65826.75108890304,0.7664813221236442,1116.5,8.4,0.0336343938648139
Myanmar,MMR,2018,1531.411936412006,70115.87691410226,0.7326961322050857,1066.8,8.3,0.0218411578634053
Myanmar,MMR,2019,1518.1160759467073,74137.1609845942,0.79756719489007,1160.0500000000002,8.4,0.0204771272029444
Myanmar,MMR,2020,2491.431852602906,75962.2894152577,0.7980585019783412,1118.36,8.4,0.0327982722977604
Myanmar,MMR,2021,2642.725508603254,59937.86566195603,0.6647686903085416,901.29,8.5,0.0440910846493597
Myanmar,MMR,2022,2489.9059866877787,65149.29198927437,0.6703946074936313,920.98,8.6,0.0382184657831384
Myanmar,MMR,2023,2493.4864513424823,66803.85335346541,0.6093282794794115,850.48,9.0,0.0373254883689001
Myanmar,MMR,2024,5011.272415126733,75873.13061852072,0.6048832424527777,866.73,9.1,0.0660480511911745
Myanmar,MMR,2025,,,0.4699000747074502,720.19,9.1,
Namibia,NAM,2000,92.39779648781024,3413.628287724627,,,,0.0270673279864921
Namibia,NAM,2001,96.75718244943188,3215.869571782678,,,,0.0300874087986708
Namibia,NAM,2002,87.99225857865228,3361.247355488725,,,,0.0261784537918537
Namibia,NAM,2003,129.44908952708283,4931.55755312469,,,,0.0262491288264622
Namibia,NAM,2004,166.99717788314916,6606.973399652305,0.0501994498512144,48.6,,0.025275896811078
Namibia,NAM,2005,192.0721208051792,7261.142290146919,0.0497561538943506,48.6,,0.026452053014553
Namibia,NAM,2006,199.55918512009805,7978.380134533451,0.0986499408774719,102.4,,0.0250124939843778
Namibia,NAM,2007,228.17467357995392,8740.902814323237,0.0807869106739128,91.0,,0.0261042455712991
Namibia,NAM,2008,266.5558483108113,8496.449594733707,0.0986415611421638,116.0,,0.0313726157424659
Namibia,NAM,2009,297.7887658816521,8825.034696673032,0.0957626084664052,115.22,,0.0337436368373618
Namibia,NAM,2010,396.0506121892159,11268.26349099968,0.0950616125389007,118.62,,0.0351474397546307
Namibia,NAM,2011,441.22794100020207,12343.459529509217,0.0340489757336011,44.37,,0.035745889549471
Namibia,NAM,2012,412.9783550003688,13041.932742245968,0.0765815374341517,100.87,,0.0316654259121144
Namibia,NAM,2013,386.1585680110153,12043.30719891898,0.0628741417035136,84.87,,0.0320641632429402
Namibia,NAM,2014,537.9401935139509,12435.430022676155,0.0518413571871683,71.55000000000001,,0.0432586724007943
Namibia,NAM,2015,513.2561428953576,11335.161746388138,0.0483712378586596,68.15,,0.0452800016778677
Namibia,NAM,2016,425.7761810983491,10722.01874222407,0.0497063559789946,70.76,,0.0397104492479212
Namibia,NAM,2017,453.9478625994336,12887.501267567546,0.0337073290786125,49.1,0.9,0.0352238850010304
Namibia,NAM,2018,455.9796054715391,13682.01941913256,0.027541352551016,40.1,0.6,0.0333269228396145
Namibia,NAM,2019,413.5525315918932,12541.676210736225,0.0262635807463477,38.2,0.7,0.0329742631401912
Namibia,NAM,2020,368.3306067244669,10583.748757334552,0.0272594109012953,38.2,0.8,0.0348015259214475
Namibia,NAM,2021,400.1542763475075,12402.465038306886,0.0256971021206821,34.84,1.0,0.0322640922680749
Namibia,NAM,2022,365.821522665427,12567.3013186407,0.0,0.0,2.0,0.0291089959085181
Namibia,NAM,2023,338.9336710100537,12351.03500835987,0.0,0.0,1.7,0.0274417221537016
Namibia,NAM,2024,367.9851998623292,13372.33721871807,0.0387329617714042,55.5,1.7,0.0275183906779764
Namibia,NAM,2025,410.5222841614994,14839.948783610756,0.0363424015346019,55.7,2.0,0.0276633221682597
Nepal,NPL,2000,51.35813530856418,6550.867680816386,,,,0.007839898134252
Nepal,NPL,2001,64.7017383751416,6734.382420876473,,,,0.009607672141482
Nepal,NPL,2002,85.40588572177009,6744.358346789909,,,,0.0126633078093219
Nepal,NPL,2003,102.93414620692552,7390.338212869581,,,,0.0139282050756047
Nepal,NPL,2004,130.65032793293665,8328.672822184231,0.0698454073855785,67.62,,0.015686812379631
Nepal,NPL,2005,159.3260237503065,9441.362102020808,0.0766920470828356,74.91000000000001,,0.0168753218051243
Nepal,NPL,2006,157.24768952493002,10277.407807094132,0.0607699049858489,63.08,,0.0153003259651122
Nepal,NPL,2007,169.57539712414362,12527.902674681578,0.0470428395231938,52.99,,0.0135358169302232
Nepal,NPL,2008,187.0696958359673,13366.187750688256,0.0377559078854489,44.4,,0.013995740545118
Nepal,NPL,2009,209.703501957568,14569.26920147514,0.0068568088860253,8.25,,0.0143935498107438
Nepal,NPL,2010,254.95007210667688,18639.206980835617,0.0007693403139213,0.96,,0.0136781608986267
Nepal,NPL,2011,284.5188510626225,21064.971429531462,0.0027625943800082,3.6,,0.0135067285523942
Nepal,NPL,2012,256.68683947359773,20638.93153598299,0.0027331568827495,3.6,,0.0124370217046399
Nepal,NPL,2013,281.0384256935982,20961.6619668567,0.0019557880770269,2.64,,0.013407258743985
Nepal,NPL,2014,328.115662238927,22884.981337148685,0.0051732675096629,7.140000000000001,,0.0143375979820575
Nepal,NPL,2015,323.7977296402706,23667.1578888392,0.0153595537382449,21.64,,0.013681310242704
Nepal,NPL,2016,356.8880462820997,24288.43148738777,0.0194582541070965,27.7,,0.0146937461345505
Nepal,NPL,2017,437.2220431562916,29443.01418119452,0.0194280532163897,28.3,2.7,0.0148497718496344
Nepal,NPL,2018,428.2992982749739,31726.292435907904,0.02445067707771,35.6,2.6,0.0134998219265678
Nepal,NPL,2019,423.4909781285671,34268.25439432167,0.0472675700605079,68.75,2.1,0.0123581135255824
Nepal,NPL,2020,434.8508053816139,32858.99275181542,0.0387126450627034,54.25,2.1,0.0132338446484361
Nepal,NPL,2021,447.9570948624906,36844.15354030373,0.0338177994326427,45.85,2.2,0.0121581594858047
Nepal,NPL,2022,456.1082053134187,39749.03795704605,0.0329381267661478,45.24999999999999,2.2,0.0114746979739812
Nepal,NPL,2023,455.1348491660556,40483.740482808185,0.0271893615443557,37.95,3.9,0.0112424109960721
Nepal,NPL,2024,436.0380109625339,42545.386889456,0.0002093673609265,0.3,3.8,0.0102487729655737
Nepal,NPL,2025,428.2908141303412,44348.25397696967,0.0037843075206587,5.8,3.5,0.0096574447858252
Netherlands,NLD,2000,5971.807628524047,416612.3088262392,,,,0.0143342083323197
Netherlands,NLD,2001,6200.391942801407,432158.10149349895,,,,0.0143475082877618
Netherlands,NLD,2002,6728.153969224976,473296.31546750735,,,,0.0142155215440017
Netherlands,NLD,2003,8356.338470081284,581130.0695007188,,,,0.0143794632366221
Netherlands,NLD,2004,9377.11472437963,660039.8577042707,0.8180237922668264,791.96,,0.0142068916216587
Netherlands,NLD,2005,9566.98005272845,687860.0208924043,0.7736877172736576,755.71,,0.0139083240225483
Netherlands,NLD,2006,10217.76574031445,736938.6344448472,0.8633892921269447,896.21,,0.0138651514016655
Netherlands,NLD,2007,11480.3774235668,852371.489027398,0.772127557027791,869.74,,0.0134687487455341
Netherlands,NLD,2008,12374.848939832278,954039.6235397516,0.7554072795261191,888.34,,0.0129710010302487
Netherlands,NLD,2009,12131.812075688726,875431.1704079917,0.847958698905138,1020.25,,0.0138580992838474
Netherlands,NLD,2010,11220.5232800694,851634.0085690258,0.8855427571698311,1105.0,,0.0131752879372711
Netherlands,NLD,2011,11647.93460808641,911946.1183977312,0.7025814679490322,915.55,,0.0127726127378573
Netherlands,NLD,2012,10364.720786746397,845736.9580132957,0.6716733039357003,884.7,,0.0122552534668627
Netherlands,NLD,2013,10226.260324845083,883700.5200761061,0.9077153246737852,1225.27,,0.0115720881594189
Netherlands,NLD,2014,10332.602877924435,900357.3822852116,0.7037962364406413,971.36,,0.0114761127983413
Netherlands,NLD,2015,8667.849617389376,775396.473328158,0.6037780953315829,850.6600000000001,,0.0111786033539528
Netherlands,NLD,2016,9115.240931644712,796438.9786891234,0.565518681188378,805.05,,0.0114449960079147
Netherlands,NLD,2017,9580.685498216302,842469.5328293095,0.445067179530658,648.31,0.2,0.011372144777795
Netherlands,NLD,2018,11114.927469518312,929231.7316431194,0.206058767889173,300.02,0.2,0.0119614161796479
Netherlands,NLD,2019,12000.671742051052,928982.3107926556,0.5405484935705105,786.22,0.3,0.0129180842332847
Netherlands,NLD,2020,13085.71754245982,930654.2801778184,0.9356685752298016,1311.2,0.2,0.0140607718904592
Netherlands,NLD,2021,14395.69536423841,1054340.1135288551,1.2937207537806787,1754.02,0.3,0.0136537490886658
Netherlands,NLD,2022,13632.443393606907,1045272.49320555,1.7806023768297856,2446.17,0.2,0.0130419995572638
Netherlands,NLD,2023,16625.360305270937,1153407.9368714914,1.9209445132835616,2681.19,0.2,0.0144141199083176
Netherlands,NLD,2024,23577.49375078127,1214927.698572657,1.7585183378939364,2519.76,0.2,0.0194064994801591
Netherlands,NLD,2025,28944.340410170797,1318922.4556099544,1.8062760782829683,2768.38,0.2,0.0219454451526379
New Zealand,NZL,2000,858.4149194739113,53764.62303795743,,,,0.0159661664300682
New Zealand,NZL,2001,796.6368891224382,53095.95375722544,,,,0.0150037212395686
New Zealand,NZL,2002,865.7888529685181,61829.90393998678,,,,0.0140027526778768
New Zealand,NZL,2003,1091.0672064387288,82184.54212879625,,,,0.0132758202233316
New Zealand,NZL,2004,1193.4956107487658,101419.12135111488,0.3211215424741573,310.89,,0.0117679545518528
New Zealand,NZL,2005,1290.64196184914,113223.54200257696,0.3182858165476273,310.89,,0.0113990601161352
New Zealand,NZL,2006,1359.5307520529352,109566.4241339507,0.2616631879075211,271.61,,0.0124082789303303
New Zealand,NZL,2007,1591.7407629978802,134656.93623776347,0.2979794128318555,335.65,,0.0118207112642704
New Zealand,NZL,2008,1534.9827910937677,133156.677654931,0.1572907721074658,184.97,,0.0115276441116351
New Zealand,NZL,2009,1462.024510986748,119856.57888161512,0.1212782488059179,145.92,,0.012198116487463
New Zealand,NZL,2010,1756.9165531801448,145209.42766765383,0.1794486282221435,223.92,,0.0120991906751486
New Zealand,NZL,2011,1937.68654063406,166704.32371366947,0.1885470664355603,245.7,,0.0116234930052697
New Zealand,NZL,2012,1953.081553618304,174948.95809702823,0.1475752874635711,194.38,,0.0111637221213692
New Zealand,NZL,2013,1952.4134622481365,187026.51282177443,0.1611302677096054,217.5,,0.0104392336294516
New Zealand,NZL,2014,1994.7754972243863,199847.91189951063,0.177658990667976,245.2,,0.0099814677985097
New Zealand,NZL,2015,1734.7788490036437,175593.71676633137,0.1815607137820267,255.8,,0.0098795041243541
New Zealand,NZL,2016,1921.8156166914707,185587.91318818205,0.1603725419729292,228.3,,0.0103552843699621
New Zealand,NZL,2017,2145.345647770004,203939.30372086703,0.1361336732441725,198.3,0.1,0.0105195301181686
New Zealand,NZL,2018,2302.338733474578,208274.65140298213,0.1227341571288421,178.70000000000002,0.1,0.0110543396326222
New Zealand,NZL,2019,2726.1512854317743,210796.3085036256,0.0672746433515739,97.85,0.1,0.0129326329516101
New Zealand,NZL,2020,2810.1823491239456,209722.90720311488,0.1110357156084175,155.6,0.1,0.0133995012113879
New Zealand,NZL,2021,2905.57107496464,249453.323903819,0.1413561889043836,191.65,0.1,0.0116477544956864
New Zealand,NZL,2022,2828.4197567393408,244560.02789783524,0.2636142012897333,362.15,0.0,0.0115653395244169
New Zealand,NZL,2023,3034.5801690786707,252963.99402288548,0.546001068230252,762.0899999999999,0.0,0.0119960952577469
New Zealand,NZL,2024,3000.9986029645456,258312.56272790144,0.6694451576504823,959.24,0.0,0.0116177028762077
New Zealand,NZL,2025,2855.732604460469,259082.2077188619,0.5303837483565993,812.89,0.0,0.011022496023962
Nicaragua,NIC,2000,30.82526568067863,3938.06565545079,,,,0.0078275144138372
Nicaragua,NIC,2001,28.193450444589025,4124.716756781011,,,,0.0068352452076228
Nicaragua,NIC,2002,34.831910071361904,4026.039729708869,,,,0.0086516558230488
Nicaragua,NIC,2003,35.30712498179362,4101.96231611562,,,,0.0086073742908559
Nicaragua,NIC,2004,32.628065155736266,4464.746222839759,0.0,0.0,,0.0073079327530028
Nicaragua,NIC,2005,34.12357395134253,4871.984001046607,0.0,0.0,,0.007004040642172
Nicaragua,NIC,2006,37.28514513375072,6763.6716107000575,0.0,0.0,,0.0055125599348682
Nicaragua,NIC,2007,39.47204379759872,7423.377429059275,0.0124287554882942,14.0,,0.0053172621458102
Nicaragua,NIC,2008,42.659728782411634,8496.965842276699,0.0119050159999163,14.0,,0.0050205837676971
Nicaragua,NIC,2009,41.72177290493866,8298.695144915066,0.0236871579699058,28.5,,0.0050275100092697
Nicaragua,NIC,2010,44.27244292109157,8758.62232398719,0.0228397905695386,28.5,,0.0050547267918885
Nicaragua,NIC,2011,51.453111133903846,9774.316692159844,0.0218705388417316,28.5,,0.0052641133650984
Nicaragua,NIC,2012,70.13296980043911,10532.001129669974,0.0110085485555189,14.5,,0.0066590355372129
Nicaragua,NIC,2013,74.53201093727247,10982.97225233388,0.010742017847307,14.5,,0.0067861421503122
Nicaragua,NIC,2014,81.39192994117772,11880.438656604336,0.0091292956052875,12.6,,0.0068509195909135
Nicaragua,NIC,2015,98.9329471510318,12756.69628961984,0.0192278332148362,27.09,,0.0077553737194114
Nicaragua,NIC,2016,85.01461149805229,13286.093197485929,0.0793011662870082,112.89,,0.0063987667581723
Nicaragua,NIC,2017,86.3700065253817,13785.8928488682,0.0821676215360313,119.68999999999998,1.7,0.0062651006701007
Nicaragua,NIC,2018,81.69057314119195,13025.221836451585,0.0822050994222222,119.68999999999998,2.1,0.0062717222145558
Nicaragua,NIC,2019,76.300327164488,12611.20556186197,0.0827027782193237,120.29,2.5,0.0060502008939756
Nicaragua,NIC,2020,79.51168511026373,12621.46593781771,0.0754985778365718,105.8,3.6,0.0062997187095377
Nicaragua,NIC,2021,77.03786403672355,14013.014452081228,0.0147514937546969,20.0,3.9,0.0054975939902268
Nicaragua,NIC,2022,84.17418048503262,15649.891272716926,0.0096084701284674,13.2,3.8,0.0053785792513317
Nicaragua,NIC,2023,98.89083141305244,17829.20790587036,0.0094571692328193,13.2,3.4,0.0055465633658628
Nicaragua,NIC,2024,108.62733212648432,19693.98296888934,0.0,0.0,2.9,0.0055157624690791
Nicaragua,NIC,2025,116.36734416423084,20603.177422458564,0.0,0.0,3.1,0.0056480290286382
Niger,NER,2000,20.08494668359608,1724.6058855916492,,,,0.0116461081638403
Niger,NER,2001,24.828146933519225,1880.6925688810556,,,,0.0132015978285547
Niger,NER,2002,20.66032700706468,2144.638071243694,,,,0.0096334795526051
Niger,NER,2003,24.60426703372333,2640.6125258086718,,,,0.0093176362655435
Niger,NER,2004,31.61172473191554,2897.0026325822805,0.0059908808464412,5.8,,0.0109118729739427
Niger,NER,2005,32.79819818453442,4585.80236147027,0.005937977213729,5.8,,0.0071521176883032
Niger,NER,2006,,,0.005587594307513,5.8,,
Niger,NER,2007,,,0.0051490558451504,5.8,,
Niger,NER,2008,53.63048648407231,7252.788602181753,0.0069729379428081,8.2,,0.0073944643123804
Niger,NER,2009,53.00030072895003,7208.352217134774,0.0077211823698394,9.29,,0.0073526236138911
Niger,NER,2010,66.88984144226362,7631.442606864442,0.0074449703295092,9.29,,0.0087650323651908
Niger,NER,2011,83.94756138395223,8600.814638054026,0.0071290282750767,9.29,,0.0097604197877406
Niger,NER,2012,148.8657798706043,9166.700292051157,0.0070530631779842,9.29,,0.0162398436872308
Niger,NER,2013,106.06428629260787,10147.447575095135,0.0098604315550107,13.31,,0.0104523118259729
Niger,NER,2014,145.60036985706867,10877.077986492635,0.011288446470665,15.58,,0.0133859819740079
Niger,NER,2015,,,0.0179715296050074,25.32,,
Niger,NER,2016,166.19229232836253,10389.315327628245,0.018067375293665,25.72,,0.0159964624315914
Niger,NER,2017,200.18392997036688,11060.845517398417,0.019716384748223,28.72,7.1,0.0180984292435404
Niger,NER,2018,229.639906143836,12801.804962140845,0.0120536343458935,17.55,7.1,0.0179380881698289
Niger,NER,2019,247.63208284552817,12915.424422509805,0.0129736588660623,18.87,7.3,0.019173360065035
Niger,NER,2020,238.26958833649013,13744.148277541835,0.0200021279466834,28.03,7.5,0.0173360752172491
Niger,NER,2021,202.40447720290211,14912.277192921669,0.0324606620072106,44.01,7.8,0.0135730093120168
Niger,NER,2022,242.5070463237587,15417.080134278627,0.0542369022175839,74.50999999999999,8.5,0.0157297649238109
Niger,NER,2023,331.9173103256951,16796.07464364195,0.0662145136740278,92.42,8.6,0.0197616000981122
Niger,NER,2024,435.92487818784014,19848.766162695854,0.0636755933697823,91.24,9.0,0.0219623161769684
Niger,NER,2025,488.890417555204,22890.448237525507,0.0499398099364171,76.54,9.1,0.0213578350446515
Nigeria,NGA,2000,368.64410946242265,67823.85399765972,,,,0.0054353164518657
Nigeria,NGA,2001,570.6322877615054,73128.37077793061,,,,0.0078031587698616
Nigeria,NGA,2002,896.9132014131931,93982.75655592229,,,,0.0095433804485135
Nigeria,NGA,2003,587.4618872947331,102935.7141972729,,,,0.0057070754487493
Nigeria,NGA,2004,639.9900668231894,130345.06682318944,0.1310660121732632,126.89,,0.0049099676913075
Nigeria,NGA,2005,674.20814479638,169645.00076176543,0.0934207621987551,91.25,,0.0039742293717406
Nigeria,NGA,2006,776.1480583278924,222790.697152007,0.094989103227722,98.6,,0.0034837543409558
Nigeria,NGA,2007,971.3213786086734,262267.77589660435,0.1377372438577756,155.14999999999998,,0.0037035483115989
Nigeria,NGA,2008,1615.5332107367603,330318.0570411486,0.1039563004278407,122.25,,0.0048908413460893
Nigeria,NGA,2009,1504.4861721132022,297414.1415158964,0.1461954767335592,175.9,,0.005058556275922
Nigeria,NGA,2010,1990.0996686582653,369062.4672317662,0.3195166491254404,398.7000000000001,,0.0053923111813169
Nigeria,NGA,2011,2384.9360217138424,411744.5999417371,0.3416408383276819,445.2000000000001,,0.0057922703104092
Nigeria,NGA,2012,2316.4781998615867,459377.216440559,0.3118076477070104,410.7000000000001,,0.0050426493020498
Nigeria,NGA,2013,2418.7601708706266,514963.6684869946,0.3020507252899326,407.72,,0.0046969530452063
Nigeria,NGA,2014,2357.6712192906225,568498.7881899823,0.4193824509724221,578.82,,0.004147187765865
Nigeria,NGA,2015,2065.557663350914,494582.603948976,0.3861749536924359,544.0799999999999,,0.0041763653773071
Nigeria,NGA,2016,1751.9211651649755,404649.5275377133,0.3809603020707796,542.3199999999999,,0.0043294778467316
Nigeria,NGA,2017,1618.2276181505829,375745.47526518337,0.3820873349344886,556.5699999999999,9.5,0.0043067121886391
Nigeria,NGA,2018,2137.974106858305,421737.2973773423,0.3954278882224935,575.74,9.1,0.0050694451739358
Nigeria,NGA,2019,2178.841153535296,474516.7727052262,0.2462313824213866,358.14,9.1,0.0045917052438709
Nigeria,NGA,2020,2717.058704613596,429898.7658023665,0.1813321702651349,254.11,9.1,0.0063202291347416
Nigeria,NGA,2021,4444.998080811497,438924.61969855486,0.3436876772438073,465.97,9.4,0.0101270192678283
Nigeria,NGA,2022,3088.672239202606,475058.5162555536,0.3471860539752898,476.96,9.2,0.0065016669178941
Nigeria,NGA,2023,3061.7144489270245,363341.708594937,0.3729277067475112,520.5200000000001,9.1,0.0084265427736519
Nigeria,NGA,2024,1134.8475291713034,204318.9640507987,0.415817536624109,595.82,9.2,0.0055542936723639
Nigeria,NGA,2025,2101.6775279642798,231094.53529316065,0.3473733317239151,532.4,9.2,0.00909444927072
North Macedonia,MKD,2000,69.82894790748347,3772.8624523403314,,,,0.01850821459557
North Macedonia,MKD,2001,226.30300233255093,3709.644687738029,,,,0.0610039562766158
North Macedonia,MKD,2002,106.30957671974116,4018.357893286707,,,,0.0264559751876127
North Macedonia,MKD,2003,115.8272017201039,4946.284511631135,,,,0.0234170115867248
North Macedonia,MKD,2004,135.25629479112484,5682.789102454082,0.1388851445883598,134.45999999999998,,0.0238010407130391
North Macedonia,MKD,2005,127.00365435225034,6258.608924275674,0.1207661710571524,117.96,,0.0202926330577443
North Macedonia,MKD,2006,126.00887672176026,6861.219216416772,0.0001252391827546,0.13,,0.0183653768735824
North Macedonia,MKD,2007,162.56723705449164,8336.483434153517,0.0001154098723913,0.13,,0.0195006969471653
North Macedonia,MKD,2008,172.65815891486756,9909.551109805412,0.000110546577142,0.13,,0.0174234086894232
North Macedonia,MKD,2009,158.71666145131812,9401.729250849194,0.0050948167844043,6.13,,0.0168816456224776
North Macedonia,MKD,2010,130.02146910642912,9407.15807543874,0.0049125584628516,6.13,,0.0138215461102863
North Macedonia,MKD,2011,132.4619948090471,10494.640202483337,0.0046043239666803,6.0,,0.0126218709982742
North Macedonia,MKD,2012,119.41040252410194,9745.244955659078,0.0046691430080304,6.15,,0.0122531966171625
North Macedonia,MKD,2013,126.5063487034247,10817.712138945108,0.0053858254999946,7.27,,0.0116943718855289
North Macedonia,MKD,2014,124.18510567970968,11362.265293558108,0.0009201750332313,1.27,,0.0109296080025623
North Macedonia,MKD,2015,99.98365956435408,10064.513038488252,0.0009014155844533,1.27,,0.0099342769175221
North Macedonia,MKD,2016,101.27086502346734,10672.464611852583,0.0009974989470063,1.42,,0.0094889857878749
North Macedonia,MKD,2017,102.0388407975482,11307.057524899566,0.0008718596319722,1.27,2.3,0.0090243496659361
North Macedonia,MKD,2018,117.39281252893686,12683.071837748312,0.0001030225157768,0.15,2.1,0.0092558659314333
North Macedonia,MKD,2019,151.25429503232192,12606.336156018868,0.0001031292437683,0.15,2.0,0.0119982755624127
North Macedonia,MKD,2020,146.6820391610755,12361.04019743528,0.0001070395716019,0.15,1.4,0.0118664802329103
North Macedonia,MKD,2021,196.24906773695727,14000.274732348747,0.0,0.0,1.4,0.0140175154765719
North Macedonia,MKD,2022,207.27487993544412,13932.432651595343,0.0007861475559655,1.08,1.0,0.0148771492472787
North Macedonia,MKD,2023,280.29477016938097,15855.13105647149,0.0041267647561393,5.76,1.0,0.0176784896429458
North Macedonia,MKD,2024,299.5289474316589,16951.680820113255,0.0047735758291244,6.84,1.0,0.0176695721568958
North Macedonia,MKD,2025,374.7512469719014,19057.62297311759,0.0102176303057785,15.66,0.9,0.0196641127542779
Norway,NOR,2000,2922.343509993365,171456.42274797088,,,,0.0170442346991515
Norway,NOR,2001,2965.9739869768064,174240.32296630763,,,,0.0170223168580233
Norway,NOR,2002,4065.868548482047,195915.34335865968,,,,0.0207531910404725
Norway,NOR,2003,4517.514992471986,229384.82137560705,,,,0.0196940449912104
Norway,NOR,2004,4887.380337436191,265267.48189762986,0.4562468928761299,441.71,,0.0184243477657856
Norway,NOR,2005,4884.904928211099,309978.57974388835,0.2271583421003813,221.88,,0.0157588467314326
Norway,NOR,2006,5011.748966605492,346913.5378968492,0.6568987811144708,681.87,,0.0144466802794409
Norway,NOR,2007,5875.288100490134,402645.32121392025,1.0520053752591951,1185.0,,0.0145917207799086
Norway,NOR,2008,6370.921985815603,464917.55319148937,1.5115543707608043,1777.55,,0.0137033371660879
Norway,NOR,2009,6195.603602228254,387974.549681712,1.945837692601528,2341.2,,0.0159690979918941
Norway,NOR,2010,6498.659038379133,431051.9062170654,1.9857875596549284,2477.91,,0.0150762795492814
Norway,NOR,2011,7232.260585482309,501360.308745836,1.9385048025784828,2526.11,,0.0144252755140788
Norway,NOR,2012,7143.962183068329,512777.309840997,1.575551061368331,2075.2500000000005,,0.013931899961181
Norway,NOR,2013,7391.829787234042,526014.4680851063,1.1296454133991485,1524.84,,0.014052521813978
Norway,NOR,2014,7336.785328333601,501736.2064341675,0.7038542002222622,971.44,,0.0146227942776464
Norway,NOR,2015,5815.228174603174,388167.5347222222,0.6845364143859966,964.44,,0.0149812327266488
Norway,NOR,2016,5997.385047521712,370816.9477658258,0.3510423583010598,499.73,,0.016173438359967
Norway,NOR,2017,6853.260032985157,401914.6014293568,0.4843969734800207,705.5999999999999,0.2,0.017051532859499
Norway,NOR,2018,7541.05516917745,439635.4404803967,0.8068105300549646,1174.71,0.6,0.0171529737478334
Norway,NOR,2019,7542.135789832821,409068.2360968952,1.0641631653142527,1547.81,0.5,0.0184373537818427
Norway,NOR,2020,7225.183140460771,367509.8205754326,1.3294885670676777,1863.08,0.5,0.0196598369239435
Norway,NOR,2021,8435.12161061329,503192.2495054113,1.6401448331159825,2223.7,0.5,0.0167632184694899
Norway,NOR,2022,8697.821939022533,596535.2723843086,1.871140370358481,2570.55,0.5,0.014580566048103
Norway,NOR,2023,8799.400441779768,482949.7317765872,1.6125548220278965,2250.75,0.5,0.0182201166349345
Norway,NOR,2024,10792.089957347844,483592.64831330127,1.563660135079634,2240.55,0.9,0.0223164888775481
Norway,NOR,2025,17033.64385249057,519558.9537300793,1.4282172323010225,2188.9500000000003,0.9,0.0327848143703435
Oman,OMN,2000,1577.2431729518855,22259.497550226293,,,,0.0708570878292736
Oman,OMN,2001,1819.8959687906367,22205.659184224343,,,,0.0819564037118768
Oman,OMN,2002,1868.465539661899,23065.580278651287,,,,0.0810066565457833
Oman,OMN,2003,1969.3107932379712,24733.762117010087,,,,0.0796203498651594
Oman,OMN,2004,2230.6892067620283,28378.899252687646,0.2868805597052735,277.74,,0.0786037959717824
Oman,OMN,2005,2739.0117035110534,35506.86534405175,0.3432150829535416,335.24,,0.0771403410853305
Oman,OMN,2006,3022.6267880364103,42577.64371613238,0.578556855409822,600.55,,0.0709909361868035
Oman,OMN,2007,3244.6033810143044,48300.29498687178,0.5084337539786444,572.71,,0.0671756431693885
Oman,OMN,2008,3462.4837451235367,69804.64664029363,0.5170858663735084,608.0799999999999,,0.0496024822382651
Oman,OMN,2009,3367.490247074123,55454.11553199948,0.5434582053811238,653.8799999999999,,0.060725704751903
Oman,OMN,2010,3671.391417425228,64993.54843116723,0.4058109876702797,506.38,,0.0564885516492993
Oman,OMN,2011,5000.715214564369,77497.41392554772,0.1763456079238573,229.8,,0.0645275108066004
Oman,OMN,2012,9250.650195058515,87408.79355157606,0.2619654951090917,345.05,,0.1058320315289572
Oman,OMN,2013,8766.31989596879,89936.13141590066,0.5667710864884306,765.05,,0.0974727260107488
Oman,OMN,2014,8213.524057217166,92699.12312979376,1.0063599310288962,1388.95,,0.0886041181394661
Oman,OMN,2015,7533.550065019504,78710.88056825669,1.071797325436081,1510.05,,0.0957116730321234
Oman,OMN,2016,7935.955786736021,75128.85498796593,1.3426335826706053,1911.32,,0.1056312622893985
Oman,OMN,2017,6802.665799739922,80856.57550236593,1.7446666389776864,2541.38,1.1,0.0841324995212154
Oman,OMN,2018,7565.344603381014,91505.918084007,1.601436930577385,2331.6800000000003,1.2,0.0826760144238501
Oman,OMN,2019,6551.040312093628,88060.94507605411,1.1691624860363004,1700.53,1.1,0.0743921190765759
Oman,OMN,2020,6095.708712613784,75909.39761180963,1.1661105009459083,1634.13,1.1,0.0803024250539625
Oman,OMN,2021,5783.615084525357,87323.90296809388,0.8969719535012266,1216.11,1.1,0.0662317519939363
Oman,OMN,2022,5783.485045513654,109852.79583875164,0.3372936972293903,463.37,1.5,0.052647590817834
Oman,OMN,2023,5851.7555266579975,106174.70803651027,0.1328230760660898,185.39,1.0,0.055114401865327
Oman,OMN,2024,5988.296488946684,107137.19876938644,0.0682816753101655,97.84,1.0,0.0558937190605154
Oman,OMN,2025,5988.296488946684,105383.6703574164,0.0082471805277804,12.64,1.0,0.0568237609170086
Pakistan,PAK,2000,2973.072721917976,71318.55309218203,,,,0.0416872271381496
Pakistan,PAK,2001,2842.0467904248862,73268.75968689428,,,,0.0387893394479454
Pakistan,PAK,2002,3273.4018933825378,80353.13133751921,,,,0.0407377016787657
Pakistan,PAK,2003,3722.814794292838,90990.61583687903,,,,0.0409142718735612
Pakistan,PAK,2004,4128.195489367107,104351.86774424532,2.343880485645591,2269.2,,0.0395603411669147
Pakistan,PAK,2005,4587.117425165296,117708.35510645322,2.5816277346944543,2521.64,,0.038970193925629
Pakistan,PAK,2006,4969.197611466818,136319.60817171689,2.3444389660330143,2433.56,,0.0364525520437771
Pakistan,PAK,2007,5342.575137680384,152124.03994171735,2.273325910998925,2560.72,,0.0351198610011097
Pakistan,PAK,2008,5226.678786501533,151087.54686967388,2.5398586313364344,2986.8100000000004,,0.0345937100362745
Pakistan,PAK,2009,5274.564970769608,161537.6152357828,3.0837438276253097,3710.31,,0.0326522399322954
Pakistan,PAK,2010,5974.613176076194,196411.0064347406,4.419852089516272,5515.1900000000005,,0.0304189326480607
Pakistan,PAK,2011,6954.7875112631655,238239.4022009789,4.887512912251024,6369.030000000001,,0.0291924318438144
Pakistan,PAK,2012,7478.831888576715,241582.0084972247,5.086617537665559,6699.88,,0.0309577353673778
Pakistan,PAK,2013,7655.678989264873,247915.4572021765,4.993645540821704,6740.619999999999,,0.0308802003540328
Pakistan,PAK,2014,8676.510710112492,280196.5897530263,4.653578734595582,6422.740000000001,,0.0309657969704778
Pakistan,PAK,2015,9506.441631231208,300552.695851862,3.521922959345944,4962.02,,0.0316298664508296
Pakistan,PAK,2016,10007.12356549452,312353.963903297,3.270953589324345,4656.400000000001,,0.0320377671550621
Pakistan,PAK,2017,11342.797036360804,337136.82949302375,3.090804180669911,4502.24,9.4,0.03364449103178
Pakistan,PAK,2018,11538.963629868964,321691.84925163095,2.941629365647788,4282.99,9.5,0.0358696176378502
Pakistan,PAK,2019,10234.20647144966,291918.7854873176,2.791234234288741,4059.81,9.4,0.0350584031595126
Pakistan,PAK,2020,10242.196437022769,293752.19720683724,2.7921700410653743,3912.81,9.5,0.0348667909020303
Pakistan,PAK,2021,11616.6381367664,342750.6539225477,2.9684062095232844,4024.55,9.5,0.0338923879613996
Pakistan,PAK,2022,10336.494224143536,325371.1290870677,3.4093909256297863,4683.780000000001,9.5,0.0317683202352521
Pakistan,PAK,2023,8626.157588370106,298373.4886289556,4.291025755382438,5989.27,9.2,0.0289106033783625
Pakistan,PAK,2024,10303.47699398378,377422.8593745242,4.469176623073358,6403.83,9.2,0.0272995573481134
Pakistan,PAK,2025,11871.380866105368,407445.4240426088,4.2314299788927,6485.280000000001,9.0,0.0291361251485399
Palestine,PSE,2004,,,0.0,0.0,,
Palestine,PSE,2005,,,0.0,0.0,,
Palestine,PSE,2006,,,0.0,0.0,,
Palestine,PSE,2007,,,0.0013316523737458,1.5,,
Palestine,PSE,2008,,,0.0012755374285624,1.5,,
Palestine,PSE,2009,,,0.0132980535971401,16.0,,
Palestine,PSE,2010,,,0.0171498778311623,21.4,,
Palestine,PSE,2011,,,0.0164220888144932,21.4,,
Palestine,PSE,2012,,,0.0151082838796433,19.9,,
Palestine,PSE,2013,,,0.0147424934594075,19.9,,
Palestine,PSE,2014,,,0.0039125552594089,5.4,,
Palestine,PSE,2015,,,0.0,0.0,,
Palestine,PSE,2016,,,0.0006743654853,0.96,,
Palestine,PSE,2017,,,0.0006590435013333,0.96,,
Palestine,PSE,2018,,,0.0006593441009719,0.96,,
Palestine,PSE,2019,,,0.001210049793549,1.76,,
Palestine,PSE,2020,,,0.0012559309734628,1.76,,
Palestine,PSE,2021,,,0.0005900597501878,0.8,,
Palestine,PSE,2022,,,0.0005823315229374,0.8,,
Palestine,PSE,2023,,,0.0020347242894853,2.84,,
Palestine,PSE,2024,,,0.0014236980543002,2.04,,
Palestine,PSE,2025,,,0.0013310323003696,2.04,,
Panama,PAN,2000,0.0,,,,,0.0
Panama,PAN,2001,0.0,,,,,0.0
Panama,PAN,2002,0.0,,,,,0.0
Panama,PAN,2003,0.0,,,,,0.0
Panama,PAN,2004,0.0,,,,,0.0
Panama,PAN,2005,0.0,,,,,0.0
Panama,PAN,2006,0.0,,,,,0.0
Panama,PAN,2007,0.0,,,,,0.0
Panama,PAN,2008,0.0,,,,,0.0
Panama,PAN,2009,0.0,,,,,0.0
Panama,PAN,2010,0.0,,,,,0.0
Panama,PAN,2011,0.0,,,,,0.0
Panama,PAN,2012,0.0,,,,,0.0
Panama,PAN,2013,0.0,,,,,0.0
Panama,PAN,2014,0.0,,,,,0.0
Panama,PAN,2015,0.0,,,,,0.0
Panama,PAN,2016,0.0,,,,,0.0
Panama,PAN,2017,0.0,,,,1.1,0.0
Panama,PAN,2018,0.0,,,,1.0,0.0
Panama,PAN,2019,0.0,,,,1.0,0.0
Panama,PAN,2020,0.0,,,,1.0,0.0
Panama,PAN,2021,0.0,,,,1.5,0.0
Panama,PAN,2022,0.0,,,,1.2,0.0
Panama,PAN,2023,0.0,,,,1.1,0.0
Panama,PAN,2024,0.0,,,,1.4,0.0
Panama,PAN,2025,0.0,,,,1.2,0.0
Papua New Guinea,PNG,2000,33.60698162578716,5258.422645816595,,,,0.0063910765431766
Papua New Guinea,PNG,2001,25.23076559881017,4610.086408183267,,,,0.0054729485230523
Papua New Guinea,PNG,2002,17.02086146610461,4579.958078874312,,,,0.0037163793146089
Papua New Guinea,PNG,2003,19.307132133185537,5583.917886282704,,,,0.0034576318145033
Papua New Guinea,PNG,2004,24.42172944323422,6276.103613851311,0.0,0.0,,0.0038912247065736
Papua New Guinea,PNG,2005,30.464707683876277,7312.036959871241,0.0,0.0,,0.0041663776935302
Papua New Guinea,PNG,2006,31.30796635620418,8306.261920418225,0.0,0.0,,0.003769200472627
Papua New Guinea,PNG,2007,39.28709933060178,9544.910381573844,0.0,0.0,,0.0041160260033917
Papua New Guinea,PNG,2008,39.33202226592447,11670.722087041546,0.0,0.0,,0.0033701447067783
Papua New Guinea,PNG,2009,52.04817178074436,11619.373244190858,0.0,0.0,,0.0044794302314684
Papua New Guinea,PNG,2010,46.33562437253842,14250.778695909594,0.0,0.0,,0.0032514450867052
Papua New Guinea,PNG,2011,64.19313614259143,17985.04409587637,0.0,0.0,,0.0035692509732188
Papua New Guinea,PNG,2012,110.62318527583808,21295.323110887148,0.0,0.0,,0.0051947173893446
Papua New Guinea,PNG,2013,105.10089061755129,21251.854525041097,0.0,0.0,,0.0049454926624737
Papua New Guinea,PNG,2014,112.3757559260335,23198.321270341698,0.0023185512648349,3.2,,0.0048441330998248
Papua New Guinea,PNG,2015,99.84064267898488,21709.19907744932,0.0022712833624022,3.2,,0.0045990016638935
Papua New Guinea,PNG,2016,79.05131930988075,20744.189564562977,0.0022478849510003,3.2,,0.0038107692307692
Papua New Guinea,PNG,2017,80.72031414208209,22735.908217952416,0.0024370879476389,3.5500000000000003,2.5,0.0035503448275862
Papua New Guinea,PNG,2018,79.61224812042556,24108.361940357703,0.0078640520376342,11.45,2.5,0.0033022670025188
Papua New Guinea,PNG,2019,89.77021913729783,24750.63243104853,0.0056721084072609,8.25,2.1,0.0036269868815426
Papua New Guinea,PNG,2020,93.78682144902898,23848.442440266957,0.0058871764381069,8.25,3.5,0.003932618311822
Papua New Guinea,PNG,2021,86.08995000000004,26113.333766778152,0.0164110368021003,22.25,2.9,0.0032967812830365
Papua New Guinea,PNG,2022,133.06889269708086,31609.52172515773,0.0159413254404118,21.9,2.9,0.0042097724177576
Papua New Guinea,PNG,2023,101.055995388012,28820.37843404952,0.0163351104930516,22.8,4.0,0.0035064076489925
Papua New Guinea,PNG,2024,91.51696202800431,29502.09378621753,0.0159119194304146,22.8,4.5,0.0031020497287808
Papua New Guinea,PNG,2025,106.4806827655668,30400.44025304266,0.0148762433570722,22.8,5.5,0.0035026033136118
Paraguay,PRY,2000,110.24816719870036,8855.705139560543,,,,0.0124493945384648
Paraguay,PRY,2001,91.29889392508213,8495.806432192267,,,,0.0107463481723327
Paraguay,PRY,2002,69.8927412933427,7196.26065683856,,,,0.0097123693298858
Paraguay,PRY,2003,63.51188005691786,7691.367471177103,,,,0.0082575537178433
Paraguay,PRY,2004,84.46698626038018,9624.440836294938,0.0104220668518262,10.09,,0.0087763006388739
Paraguay,PRY,2005,77.46893796657797,10737.497233463668,0.0109238304949119,10.67,,0.0072148039978202
Paraguay,PRY,2006,106.55740613898422,13429.54395876109,0.0042195970805012,4.38,,0.0079345513493381
Paraguay,PRY,2007,132.39361617574593,17856.35775483174,0.0038884249313377,4.38,,0.0074143684839603
Paraguay,PRY,2008,168.1548573995471,24615.558765520345,0.0037245692914023,4.38,,0.0068312427518438
Paraguay,PRY,2009,168.48626190490577,22360.96934785485,0.0004820544428963,0.58,,0.0075348371210512
Paraguay,PRY,2010,204.6052548221292,27260.896191718868,0.0021637696329036,2.7,,0.0075054485877204
Paraguay,PRY,2011,285.10624084439166,33756.20896798006,0.0083645218728026,10.9,,0.0084460385084958
Paraguay,PRY,2012,320.9097565605706,33271.90233827165,0.0136657844137477,18.0,,0.0096450678803369
Paraguay,PRY,2013,371.2155753621545,38501.15956725554,0.0134090015887073,18.1,,0.0096416726024497
Paraguay,PRY,2014,398.370830477549,40377.92959728216,0.0131143055917225,18.1,,0.009866053917345
Paraguay,PRY,2015,386.53886426470393,36211.44784010272,0.0109305511815606,15.4,,0.0106744934908851
Paraguay,PRY,2016,343.1947736568013,36089.55067184251,0.0050577411397507,7.199999999999999,,0.0095095330162856
Paraguay,PRY,2017,348.1130390373497,38997.12980917518,6.865036472222519e-05,0.1,3.2,0.0089266323121925
Paraguay,PRY,2018,386.6293746831526,40225.448651308114,0.0,0.0,2.5,0.0096115615274953
Paraguay,PRY,2019,369.3322617204598,37925.3384601622,0.0014438094127573,2.1,3.7,0.0097384038407044
Paraguay,PRY,2020,364.0916450007293,35432.17793632592,0.0014985540024272,2.1,2.9,0.0102757342677333
Paraguay,PRY,2021,366.83500194294976,39950.89973322709,0.0053400407392003,7.24,3.3,0.0091821461942659
Paraguay,PRY,2022,365.4631958775128,41952.9109916626,0.0052701002825836,7.24,3.8,0.0087112714526565
Paraguay,PRY,2023,397.57948536256,43118.053234229126,0.0051871140337585,7.24,3.5,0.0092207197575177
Paraguay,PRY,2024,413.82692344755066,44458.11839744431,0.0035871607838741,5.140000000000001,2.9,0.0093082419671485
Paraguay,PRY,2025,421.0953314693742,48092.51531423921,0.0191368516518828,29.33,3.4,0.008755943179888
Peru,PER,2000,912.0057306590256,50979.46512111634,,,,0.0178896684869543
Peru,PER,2001,904.2354491093096,51611.01940596864,,,,0.0175202012964839
Peru,PER,2002,839.613251812882,54455.26977727768,,,,0.0154184022087651
Peru,PER,2003,891.2539133584593,59043.00826960589,,,,0.0150949949787239
Peru,PER,2004,922.0460744703604,66707.45004568774,0.1162334175258674,112.53,,0.0138222353551043
Peru,PER,2005,1203.0394213774448,76080.45293460847,0.4735332070113996,462.53,,0.0158127268565483
Peru,PER,2006,1291.0601395231888,88658.6256081954,0.6219281477760699,645.5699999999999,,0.0145621492625963
Peru,PER,2007,1332.655375707312,102202.33756601578,0.7111911444051824,801.1,,0.0130393825370824
Peru,PER,2008,1503.6638913805075,120612.02088626425,0.662769247881056,779.4,,0.0124669488192926
Peru,PER,2009,1848.5629300641883,120850.66959764372,0.6448724866263137,775.9,,0.0152962572422538
Peru,PER,2010,2178.945723333631,147527.89262049046,0.3637537171759152,453.9,,0.0147697203873092
Peru,PER,2011,2355.1678338493666,171761.73704658507,0.2544809856384229,331.62,,0.0137118305528698
Peru,PER,2012,2857.98338219855,192649.72948790377,0.1252848746642582,165.01999999999998,,0.0148351279277451
Peru,PER,2013,3305.451871317915,201175.46911432693,0.1332158378829483,179.82,,0.0164306905104789
Peru,PER,2014,3217.5746568971613,200786.2408368179,0.210060744594044,289.92,,0.0160248762240244
Peru,PER,2015,3312.2145701862896,189802.96189009704,0.3228629299654743,454.88,,0.0174508054943009
Peru,PER,2016,2536.7174705405755,191898.12786084256,0.3875072669905681,551.64,,0.0132190839942957
Peru,PER,2017,2669.756320242348,211007.9523158882,0.3944924558397947,574.64,6.5,0.012652396703256
Peru,PER,2018,2648.439810154994,222597.0301910411,0.455421333243223,663.09,6.9,0.0118979117011669
Peru,PER,2019,2753.361958126308,228325.85222076208,0.3508594378658682,510.32,5.1,0.0120589146228792
Peru,PER,2020,2652.119013081883,201409.68336320357,0.2333391301207998,326.98999999999995,6.7,0.0131677830419866
Peru,PER,2021,2635.892706071547,226328.75879729085,0.163099890698807,221.13,6.4,0.0116463003644727
Peru,PER,2022,2797.976204750041,246065.54626509783,0.1682137395445104,231.09,7.0,0.0113708572663628
Peru,PER,2023,3307.201195767448,266958.7058926139,0.1076397807226352,150.24,6.7,0.0123884373229535
Peru,PER,2024,2543.287408394404,289329.24716855434,0.1053955294904047,151.02,7.1,0.0087902879964041
Peru,PER,2025,2596.241408393085,319559.13521023566,0.1392494674239631,213.42,5.6,0.0081244474725625
Philippines,PHL,2000,1303.0776854791443,81025.75026247671,,,,0.0160822662086796
Philippines,PHL,2001,1122.1039915595595,76262.07246790278,,,,0.0147137883255379
Philippines,PHL,2002,1199.1217666984476,81357.60564221915,,,,0.0147389018793368
Philippines,PHL,2003,1301.2860840576127,83908.20664801294,,,,0.0155084482917908
Philippines,PHL,2004,1243.2213476469442,91371.24249585616,0.061210275682777,59.26,,0.0136062650970662
Philippines,PHL,2005,1372.7024353051163,107419.96171711864,0.073456873290528,71.75,,0.012778839364326
Philippines,PHL,2006,1607.2712674634554,127652.85920148884,0.0821761714535972,85.3,,0.012590953916093
Philippines,PHL,2007,2014.3710291147688,155980.3782528634,0.0849327883975081,95.67,,0.0129142591630931
Philippines,PHL,2008,2270.904919083191,181624.5771539698,0.081472827353713,95.81,,0.0125032908798353
Philippines,PHL,2009,2115.785124486941,175974.71159152975,0.0519205880133339,62.47,,0.012023233937147
Philippines,PHL,2010,2438.1895689840544,208368.7268608284,0.0422656334960514,52.74,,0.0117013220060251
Philippines,PHL,2011,2701.4921582615884,234216.93036937324,0.0711598269050447,92.73,,0.0115341455205701
Philippines,PHL,2012,2898.685257454628,261920.5099497854,0.0743418672107875,97.92,,0.0110670418975984
Philippines,PHL,2013,3377.0278611512927,283902.72825978766,0.1260816563747023,170.19,,0.0118950172893763
Philippines,PHL,2014,3103.131460158857,297483.55329941004,0.1314691021888428,181.45,,0.0104312706559465
Philippines,PHL,2015,3335.550049029568,306445.87163119286,0.2353830317104516,331.63,,0.0108846303958171
Philippines,PHL,2016,3331.5166269616293,318627.0039654263,0.3487874487095875,496.52,,0.0104558514673888
Philippines,PHL,2017,3836.526367327798,328480.7381476142,0.5171294673795779,753.28,8.6,0.0116796083355235
Philippines,PHL,2018,4107.46537245711,346841.8968897626,0.4721521898053863,687.4499999999999,8.7,0.0118424717696737
Philippines,PHL,2019,4263.121217507293,376823.4047724904,0.5958188929474448,866.61,8.6,0.0113133132483667
Philippines,PHL,2020,4692.780700481574,361751.14543266,0.7838650547839231,1098.47,8.5,0.0129724003910725
Philippines,PHL,2021,5544.109841345862,394087.3620173177,0.9115243020902348,1235.84,8.5,0.0140682254131819
Philippines,PHL,2022,5322.508900535686,404353.37081215176,0.9010342862970332,1237.83,8.5,0.0131630135538262
Philippines,PHL,2023,5142.164484030149,437055.6254916392,0.9517709444953724,1328.4499999999998,8.5,0.0117654691625254
Philippines,PHL,2024,5493.422960788397,461617.5092178743,1.0066312924226253,1442.39,8.5,0.0119003782375932
Philippines,PHL,2025,6378.7582296205455,492440.0727076648,1.2423490110234268,1904.08,8.5,0.0129533695228074
Poland,POL,2000,3146.106712501179,172953.7260099354,,,,0.0181904535107873
Poland,POL,2001,3630.645594665234,191823.20037128413,,,,0.0189270410859474
Poland,POL,2002,3776.173214412639,199694.6100886513,,,,0.0189097402916196
Poland,POL,2003,4150.261758565008,218560.94500498832,,,,0.0189890364834864
Poland,POL,2004,4778.627749040365,256268.79627300665,1.033024110919713,1000.11,,0.0186469356337461
Poland,POL,2005,5896.4048611025255,307000.1978068169,0.9819673869910795,959.15,,0.0192065181170107
Poland,POL,2006,6619.413758878047,345897.40780365816,1.319722338951563,1369.89,,0.019136927914289
Poland,POL,2007,8589.13636445745,429715.1321375025,1.8513252737588757,2085.37,,0.0199879774345695
Poland,POL,2008,9349.421394298615,535612.4753034152,2.0161229631686863,2370.91,,0.0174555706324844
Poland,POL,2009,7903.812008435519,440891.7548571538,1.9450896770866888,2340.3,,0.0179268764302392
Poland,POL,2010,8790.170132325142,478111.63068351406,1.9313567324449965,2409.99,,0.0183851836437415
Poland,POL,2011,9455.422988001415,527848.1867121183,1.6187191553459768,2109.39,,0.0179131485643584
Poland,POL,2012,8986.83879209222,498148.95564003504,1.0379542867363998,1367.15,,0.0180404649861118
Poland,POL,2013,9275.71172744588,518179.3445589789,0.6525516552153051,880.8399999999999,,0.0179005817673809
Poland,POL,2014,10345.153574872198,542134.2244647263,0.6979563854423382,963.3,,0.0190822735552001
Poland,POL,2015,10212.785780607508,480054.11858336657,0.6500909826430654,915.91,,0.0212742384353358
Poland,POL,2016,9161.801941944572,473259.5839656421,0.5759572969295857,819.9099999999999,,0.0193589358828699
Poland,POL,2017,9976.89186805434,528356.6766625512,0.4934656866598268,718.81,0.6,0.0188828727046187
Poland,POL,2018,12039.371859180555,594616.6873555061,0.4277769581764301,622.84,1.0,0.0202472821822817
Poland,POL,2019,11772.723425036627,602683.7701448803,0.3856483694304021,560.9200000000001,0.9,0.0195338318505018
Poland,POL,2020,13712.164694669968,605914.2379089223,0.4185818127351257,586.5799999999999,0.9,0.0226305371895405
Poland,POL,2021,15280.029346395384,689170.2306713,0.4496992871119371,609.7,0.9,0.0221716328801834
Poland,POL,2022,15335.286233177749,695607.4708700753,0.6540893248513835,898.58,0.9,0.0220458906428882
Poland,POL,2023,26459.28157957343,812451.1934025864,1.6044230893921014,2239.4,0.9,0.0325672259385337
Poland,POL,2024,34459.549418665534,917767.1061390772,2.490354969100518,3568.4,1.5,0.0375471611350642
Poland,POL,2025,46760.13389459792,1039821.7257130456,3.644098927018325,5585.11,1.4,0.0449693757480713
Portugal,PRT,2000,1664.6742428991804,118310.7103372029,,,,0.0140703596331609
Portugal,PRT,2001,1755.7183947868862,121497.80225680306,,,,0.0144506185476172
Portugal,PRT,2002,1965.2277622059937,134162.40459272504,,,,0.014648125666589
Portugal,PRT,2003,2363.3404587182886,164855.8159167707,,,,0.0143358027472409
Portugal,PRT,2004,2847.1562583424907,189042.71727725936,0.1215735647631262,117.7,,0.015060914799308
Portugal,PRT,2005,3142.5657862010644,197175.42655325076,0.2801087182200483,273.6,,0.0159379180313443
Portugal,PRT,2006,3153.7707883548837,208570.96674239563,0.4588185629131328,476.26,,0.0151208523296057
Portugal,PRT,2007,3309.436410370115,240178.31128411065,0.4758970476467882,536.06,,0.0137790810197484
Portugal,PRT,2008,3714.798403339803,262354.38678727066,0.5546972133503869,652.31,,0.0141594674624287
Portugal,PRT,2009,3772.767117274184,243687.0775988653,0.793062671399444,954.2,,0.0154820155194464
Portugal,PRT,2010,3806.130760418253,238211.4324311796,1.35200340625424,1687.06,,0.0159779516943119
Portugal,PRT,2011,3842.609003899327,245105.6863440165,1.2558677312784543,1636.5500000000002,,0.0156773555979686
Portugal,PRT,2012,3946.580598077333,216548.95193847053,1.2285919793081803,1618.25,,0.0182248889350371
Portugal,PRT,2013,3806.367579754076,226613.03788443076,1.0997603789191233,1484.5,,0.0167967722214432
Portugal,PRT,2014,3435.842536332937,229772.59915245592,0.8085295443568563,1115.91,,0.0149532300587905
Portugal,PRT,2015,3133.459021847621,198949.43883775093,0.1605868314823438,226.25000000000003,,0.0157500269422878
Portugal,PRT,2016,3233.4200519196847,206117.8093947636,0.054159978038164,77.1,,0.0156872424630078
Portugal,PRT,2017,3201.528065747391,219362.15953389765,0.0299315590188901,43.6,0.2,0.0145947143871578
Portugal,PRT,2018,3361.54291042574,241962.21333050056,0.0354397454272426,51.6,0.2,0.0138928424573226
Portugal,PRT,2019,3302.0600089565605,240136.4699955217,0.0638026254780384,92.8,0.2,0.0137507643425346
Portugal,PRT,2020,3291.804399863217,229149.3274820472,0.0975415936151323,136.69,0.2,0.0143653242889011
Portugal,PRT,2021,3880.558183538316,256023.823320719,0.0900947481068117,122.15,0.2,0.0151570198945008
Portugal,PRT,2022,3484.3117621816286,256587.33918399285,0.083091429179133,114.15,0.3,0.0135794376030498
Portugal,PRT,2023,3528.938941491177,292082.3754002792,0.115814500491307,161.64999999999998,0.3,0.0120819989109408
Portugal,PRT,2024,4524.1338832812535,313271.18508510257,0.1246782634317362,178.65,0.4,0.0144415895833261
Portugal,PRT,2025,5861.290977596282,342523.5421209302,0.1456697408728048,223.26,0.4,0.0171120821106273
Qatar,QAT,2000,,,,,,
Qatar,QAT,2001,,,,,,
Qatar,QAT,2002,760.9890109890109,19363.73626373626,,,,0.0392996992225185
Qatar,QAT,2003,784.6153846153845,23533.791208791205,,,,0.0333399484024608
Qatar,QAT,2004,772.3626373626373,31734.06593406593,0.0025822762269143,2.5,,0.0243385968557379
Qatar,QAT,2005,887.5,44530.494505494506,0.0,0.0,,0.0199301626863922
Qatar,QAT,2006,1065.741758241758,60881.86813186812,0.0,0.0,,0.0175050764857181
Qatar,QAT,2007,1562.2252747252746,79711.81318681319,0.0239697427274247,27.0,,0.0195984159971876
Qatar,QAT,2008,2317.5,115269.7802197802,0.0229596737141243,27.0,,0.0201050092711317
Qatar,QAT,2009,1948.351648351648,97798.35164835164,0.2601431734940536,313.0,,0.0199221317692268
Qatar,QAT,2010,1876.7582417582416,127332.02224804203,0.2751673856125187,343.36,,0.0147390908321736
Qatar,QAT,2011,,,0.4092937051447718,533.36,,
Qatar,QAT,2012,,,0.6389893028794871,841.6500000000001,,
Qatar,QAT,2013,,,0.6842665368734578,923.65,,
Qatar,QAT,2014,,,0.5021474856543264,693.0500000000001,,
Qatar,QAT,2015,,,0.8177968679144387,1152.19,,
Qatar,QAT,2016,,,1.0946427000919663,1558.29,,
Qatar,QAT,2017,,,1.03557015672535,1508.47,1.7,
Qatar,QAT,2018,,,1.4008795650306969,2039.67,1.3,
Qatar,QAT,2019,,,2.897498607067681,4214.37,3.0,
Qatar,QAT,2020,,,3.429883264784002,4806.469999999999,2.5,
Qatar,QAT,2021,11593.406593406591,179677.1317072948,4.792856205610451,6498.13,2.7,0.0645235511233169
Qatar,QAT,2022,15412.08791208791,237101.5431739695,6.950854640661778,9549.0,2.2,0.0650020565272303
Qatar,QAT,2023,,,7.839613574333529,10942.27,1.8,
Qatar,QAT,2024,,,6.913428899297859,9906.17,1.3,
Qatar,QAT,2025,,,6.445569587216871,9878.77,1.4,
Romania,ROU,2000,935.5696103405548,37439.04517543658,,,,0.0249891418426016
Romania,ROU,2001,985.657655673622,40717.11721631888,,,,0.0242074518791959
Romania,ROU,2002,1056.1360624890335,46173.99880201117,,,,0.0228729607547664
Romania,ROU,2003,1250.3275592543398,59867.62088066,,,,0.0208848713354876
Romania,ROU,2004,1530.183903960584,76217.3755844665,0.3785100493411012,366.45,,0.0200765756131918
Romania,ROU,2005,1975.975151442349,98454.48149228632,0.7948494395163784,776.38,,0.0200699360911992
Romania,ROU,2006,2251.493424659485,122023.86631446288,0.7860203785344664,815.8999999999999,,0.0184512546001226
Romania,ROU,2007,2607.689941556444,174588.78293858297,0.7956534156306337,896.24,,0.0149361825981327
Romania,ROU,2008,3000.4049450942093,214317.03230826644,0.8154595816628399,958.96,,0.013999843655816
Romania,ROU,2009,2225.1445399481195,174101.9830585735,0.6107380452991547,734.83,,0.0127806961233721
Romania,ROU,2010,2086.2204600522355,170029.35901066742,0.3296142407456574,411.3,,0.0122697660697606
Romania,ROU,2011,2379.8714824132967,192613.45334431104,0.3277050844551961,427.04,,0.0123556866931776
Romania,ROU,2012,2102.886223401188,179132.89314341734,0.2638635207221122,347.55,,0.0117392522752232
Romania,ROU,2013,2452.512981081276,189789.0874780644,0.2132179418367887,287.81,,0.0129223076714815
Romania,ROU,2014,2691.470287458852,199713.78025931763,0.1658416246900206,228.89,,0.013476637836228
Romania,ROU,2015,2580.594158275774,177883.89781143368,0.1019664274508442,143.66000000000005,,0.0145071824376782
Romania,ROU,2016,2645.359698789989,185287.61532492185,0.1692868107317399,240.99,,0.0142770454147788
Romania,ROU,2017,3643.4374736530463,210147.181055277,0.2114637184538702,308.03,0.2,0.0173375510218939
Romania,ROU,2018,4358.871359890408,241791.44767164104,0.2221508848535198,323.45,0.3,0.0180274008938887
Romania,ROU,2019,4607.679465776294,250080.42851159477,0.2311813881141209,336.25,0.3,0.0184247903492482
Romania,ROU,2020,5051.140926682631,250625.067988274,0.3437682881568064,481.74,0.3,0.0201541727937564
Romania,ROU,2021,5294.902353530304,285071.3029544321,0.3021032163493166,409.59,0.3,0.0185739578086422
Romania,ROU,2022,5186.547864710807,295319.4375569881,0.3691399523900305,507.12,0.4,0.0175625008215382
Romania,ROU,2023,5624.980188189436,347758.62929597526,0.5986817995703436,835.62,1.2,0.0161749550243426
Romania,ROU,2024,8315.37227825047,382566.29787696747,0.7974732988570427,1142.69,1.2,0.0217357679555052
Romania,ROU,2025,9725.35036295386,426332.34462303616,0.9106087841607156,1395.64,1.2,0.0228116643872118
Russia,RUS,2000,9228.204143736755,279048.1065938598,,,,0.0330702983667541
Russia,RUS,2001,11683.151344772614,329444.4349212335,,,,0.0354631922908818
Russia,RUS,2002,13943.825063400162,371213.9336810373,,,,0.0375627739108017
Russia,RUS,2003,16973.73908510361,462394.10921412753,,,,0.0367083808960103
Russia,RUS,2004,20955.41357062786,634944.4882122047,1.1861530911757323,1148.36,,0.0330035364660482
Russia,RUS,2005,27336.9772736915,820625.3517840223,0.0017199658136318,1.68,,0.0333123723441659
Russia,RUS,2006,34517.78161891802,1063277.3638336216,0.0,0.0,,0.0324635723405838
Russia,RUS,2007,43534.99499624719,1396004.7340192643,0.0798991424247489,90.0,,0.031185420747754
Russia,RUS,2008,56183.7853932539,1783903.3110824088,0.0765322457137478,90.0,,0.0314948602002221
Russia,RUS,2009,51532.11679751988,1313233.5414802583,0.0813674654475011,97.9,,0.0392406340302834
Russia,RUS,2010,58720.22760875794,1637903.029185423,0.0982511692570328,122.6,,0.0358508572012112
Russia,RUS,2011,70237.5239514946,2045925.635501645,0.1020625145947477,133.0,,0.034330438376013
Russia,RUS,2012,81469.39993125766,2208297.381954487,0.1247762037999687,164.35,,0.0368924043459907
Russia,RUS,2013,88352.89646355981,2292473.2811719654,0.2591048787652161,349.75,,0.0385404258314372
Russia,RUS,2014,84696.5046534978,2059242.627009927,0.3975228598286504,548.6500000000001,,0.0411299297822322
Russia,RUS,2015,66421.82217992056,1363473.6962158254,0.4523402771434154,637.3000000000001,,0.0487151474680202
Russia,RUS,2016,69267.53188134487,1276786.101453613,0.529657891579451,754.0,,0.0542514770504505
Russia,RUS,2017,66887.63516195065,1574198.5717912763,0.4985732737951605,726.2500000000001,8.7,0.0424899605173948
Russia,RUS,2018,61649.658199488986,1657327.9827493408,0.4137727641984945,602.45,8.9,0.0371982243956433
Russia,RUS,2019,65141.250217705616,1693115.0820381602,0.275320704446988,400.45,8.6,0.0384742011389379
Russia,RUS,2020,61883.78992692248,1493076.3173889348,0.2052305386181291,287.6,8.6,0.0414471713241984
Russia,RUS,2021,65918.12975065288,1829185.4778434676,0.122843064242239,166.55,8.6,0.0360368757291729
Russia,RUS,2022,104402.5128151652,2291612.1322534066,0.0815264132112387,112.0,8.4,0.0455585442866822
Russia,RUS,2023,109203.62473837858,2071505.7166042647,0.1039572163395524,145.1,8.4,0.0527170279391705
Russia,RUS,2024,149401.8739654511,2173386.0191632006,0.3179592321270587,455.6,9.9,0.0687415271139794
Russia,RUS,2025,190416.6403252106,2538386.054018076,0.3810406193214997,584.0,10.0,0.0750148465493636
Rwanda,RWA,2000,61.329857119395626,1734.6854984398094,,,,0.0353550295857988
Rwanda,RWA,2001,56.88590313143352,1674.9738144255427,,,,0.0339622641509433
Rwanda,RWA,2002,51.11861411757281,1676.606397189528,,,,0.0304893350062735
Rwanda,RWA,2003,45.19626898289796,1846.909263375213,,,,0.0244712990936555
Rwanda,RWA,2004,41.2157610455642,2088.4961269306905,0.014977202116103,14.5,,0.0197346600331674
Rwanda,RWA,2005,44.99635188939861,2581.464012778247,0.0,0.0,,0.0174305555555555
Rwanda,RWA,2006,54.55764803973101,3318.772543546428,0.0028901349866446,3.0,,0.0164391043145821
Rwanda,RWA,2007,55.58044080408808,4069.804645720397,0.0205074465556855,23.1,,0.0136567834681042
Rwanda,RWA,2008,67.66035962395469,5178.760498784857,0.0312081490854949,36.7,,0.0130649717514124
Rwanda,RWA,2009,75.27848605414107,5673.24967753629,0.0396448222864739,47.7,,0.0132690239867659
Rwanda,RWA,2010,74.51441728645308,6123.838382799063,0.0382265968479646,47.7,,0.0121679268178848
Rwanda,RWA,2011,75.38392855655523,6884.810605240318,0.0343022135517686,44.7,,0.0109493104282603
Rwanda,RWA,2012,79.79391009205675,7655.930782441662,0.0227763073562462,30.0,,0.0104224962789708
Rwanda,RWA,2013,82.4807155803265,7818.927495530717,0.0235361315178582,31.77,,0.0105488528481012
Rwanda,RWA,2014,90.8610285349031,8239.578812904352,0.0255547822221024,35.27,,0.011027387515561
Rwanda,RWA,2015,103.72370475535072,8546.111464377163,0.0456173067817469,64.27,,0.0121369473342002
Rwanda,RWA,2016,107.89118554028376,8697.347430691072,0.0451473643127471,64.27,,0.0124050679129545
Rwanda,RWA,2017,115.55468525230552,9252.552277357048,0.0458378485250297,66.77,5.3,0.0124889524304652
Rwanda,RWA,2018,119.02599480131944,9636.58516341536,0.0374315140655954,54.5,6.1,0.0123514702337912
Rwanda,RWA,2019,123.94222150821066,10346.355405242784,0.0279961520416565,40.72,5.9,0.0119793121977431
Rwanda,RWA,2020,149.93723247867902,10174.094498067152,0.0083633585278319,11.72,5.8,0.0147371574450349
Rwanda,RWA,2021,167.38149690697145,11068.911003930978,0.0566973662461778,76.87,6.4,0.0151217673398519
Rwanda,RWA,2022,177.56966535725505,13316.402482086996,0.0622730772341203,85.55,5.9,0.0133346574344023
Rwanda,RWA,2023,179.43300947733138,14328.09129291027,0.0855802170348693,119.45,5.8,0.0125231620743592
Rwanda,RWA,2024,175.32435192239714,14251.57109737343,0.0828606225426814,118.73,5.8,0.0123021069554015
Rwanda,RWA,2025,191.1924990218546,14864.858029176685,0.0774673848151398,118.73,6.3,0.0128620467579698
Saudi Arabia,SAU,2000,19964.266666666663,189514.92622266663,,,,0.1053440331301929
Saudi Arabia,SAU,2001,21026.666666666668,184137.46972486272,,,,0.1141900488699264
Saudi Arabia,SAU,2002,18501.86666666667,189605.92024051573,,,,0.0975806380053797
Saudi Arabia,SAU,2003,18747.466666666667,215807.655244424,,,,0.0868711846455736
Saudi Arabia,SAU,2004,20910.4,258742.263029008,2.104007682375066,2036.97,,0.0808155565898243
Saudi Arabia,SAU,2005,25392.03860072376,328461.4686635993,2.1480427812830047,2098.13,,0.0773059887481948
Saudi Arabia,SAU,2006,29580.507343124165,376900.2403204272,2.163612853701945,2245.86,,0.0784836521143522
Saudi Arabia,SAU,2007,35469.513008672446,415964.64309539687,1.7010882529528724,1916.14,,0.0852704997826892
Saudi Arabia,SAU,2008,38222.93333333333,519796.88,1.82594883615288,2147.2699999999995,,0.0735343646797828
Saudi Arabia,SAU,2009,41267.2,429097.8666666666,1.5111492543615122,1818.19,,0.0961719999229391
Saudi Arabia,SAU,2010,45244.53333333333,528207.3066666666,2.2129833711098126,2761.41,,0.0856567729417752
Saudi Arabia,SAU,2011,48530.93333333333,680660.8,2.863045381214619,3730.9,,0.0712997330437324
Saudi Arabia,SAU,2012,56497.86666666666,751921.3333333331,3.293097214897952,4337.53,,0.0751380020250345
Saudi Arabia,SAU,2013,67020.0,769755.7333333334,4.173962904478643,5634.179999999999,,0.0870665811214917
Saudi Arabia,SAU,2014,80762.4,787153.0666666665,5.451109651389877,7523.47,,0.1026006293058122
Saudi Arabia,SAU,2015,87185.86666666667,693414.4,7.018939877071047,9888.95,,0.1257341449307465
Saudi Arabia,SAU,2016,63672.8,689279.4666666667,8.163629727266928,11621.42,,0.0923758839182017
Saudi Arabia,SAU,2017,70400.0,741266.1333333333,10.049054118112268,14638.02,6.5,0.0949726378074559
Saudi Arabia,SAU,2018,74612.26666666668,886564.8000000002,10.917570723583449,15895.9,6.7,0.0841588417075285
Saudi Arabia,SAU,2019,65362.66666666666,888890.1333333333,11.1459680315845,16211.65,6.2,0.0735328970539441
Saudi Arabia,SAU,2020,64558.4,767951.2,10.68875754102702,14978.7,6.7,0.0840657583450615
Saudi Arabia,SAU,2021,63194.66666666666,982661.0666666668,10.190973575722996,13816.87,6.6,0.0643097287664326
Saudi Arabia,SAU,2022,70920.0,1239075.2,9.475494725204667,13017.32,6.9,0.0572362355408291
Saudi Arabia,SAU,2023,77765.33333333333,1218584.7999999998,8.166824465266934,11398.98,5.7,0.0638161031824238
Saudi Arabia,SAU,2024,80330.66666666667,1254140.8000000005,6.703021680478748,9604.68,6.3,0.0640523509534708
Saudi Arabia,SAU,2025,83181.33333333333,1283203.1430420445,6.789426122813828,10405.78,4.1,0.0648231994944606
Senegal,SEN,2000,62.36165263997663,5948.494425538992,,,,0.0104836027705155
Senegal,SEN,2001,68.89128682102861,6174.894158324672,,,,0.0111566749250516
Senegal,SEN,2002,74.36139503119135,6752.512220645649,,,,0.0110124043617178
Senegal,SEN,2003,96.85650378527184,8683.233750113506,,,,0.0111544277826225
Senegal,SEN,2004,107.55368787680892,10167.438005328377,0.0,0.0,,0.0105782487014372
Senegal,SEN,2005,124.40375529889968,11004.658005314068,0.0159096837760948,15.54,,0.0113046452910055
Senegal,SEN,2006,148.55514544167988,11687.52940251678,0.0295757146966639,30.7,,0.0127105687032274
Senegal,SEN,2007,192.8079755126057,13975.727078033748,0.0380142364291972,42.82,,0.0137959173384009
Senegal,SEN,2008,216.87028952334165,16786.056575764003,0.0411828517768534,48.43,,0.0129196686871925
Senegal,SEN,2009,214.82424298899164,16081.15295985904,0.0449723550088282,54.11,,0.0133587587609685
Senegal,SEN,2010,195.7328929063938,16105.60273884715,0.0339872111597941,42.41,,0.012153093310459
Senegal,SEN,2011,230.1903506503965,17790.976014855914,0.0335578478438219,43.73,,0.0129386015954482
Senegal,SEN,2012,196.6614890103756,17661.88531296288,0.0239986358510314,31.61,,0.0111347959476351
Senegal,SEN,2013,236.737915958222,18913.29219469476,0.019261549243447,26.0,,0.0125170125603319
Senegal,SEN,2014,239.8936345123056,19770.92105195759,0.0211277984008082,29.16,,0.012133660029387
Senegal,SEN,2015,214.82796517034404,17767.605038464786,0.0352971630038318,49.73,,0.0120909917068319
Senegal,SEN,2016,304.7642642451122,19022.82932619857,0.0515046639397948,73.32,,0.0160209745363895
Senegal,SEN,2017,305.4412616233524,20763.309377022382,0.083114996569198,121.07,4.4,0.0147106251742974
Senegal,SEN,2018,385.1323631024357,23104.325012955604,0.0931186179268518,135.57999999999998,3.9,0.016669275682647
Senegal,SEN,2019,356.82079602974954,23402.119264520665,0.1149272292554838,167.16000000000005,4.1,0.0152473710605652
Senegal,SEN,2020,345.6374789302657,24535.457973482546,0.1177863445907802,165.06,3.8,0.0140872642077365
Senegal,SEN,2021,483.2249130955301,27515.75639342844,0.1074867592435994,145.73000000000002,3.8,0.0175617528439428
Senegal,SEN,2022,421.013743846819,27623.51900563273,0.0913386993727343,125.48,4.4,0.01524113360651
Senegal,SEN,2023,448.993705877196,30408.12707372693,0.2023905861044809,282.49,3.9,0.0147655823980403
Senegal,SEN,2024,638.824014514267,32503.053555282702,0.2238625612146545,320.77,3.9,0.0196542768951761
Senegal,SEN,2025,566.8736027515048,36444.66360040062,0.194735245278587,298.46,4.2,0.0155543650770664
Serbia,SRB,2000,337.0806083662229,7326.37389091266,,,,
Serbia,SRB,2001,494.0692264812736,13599.370303704622,,,,0.036330301730712
Serbia,SRB,2002,678.5116998430082,17930.58392056933,,,,
Serbia,SRB,2003,730.5671229165725,23593.04507099021,,,,
Serbia,SRB,2004,739.1720650755207,26845.63290599403,0.0283430638666115,27.44,,0.0275341642219386
Serbia,SRB,2005,629.5009428334167,28334.256685423403,0.0271713646986845,26.54,,
Serbia,SRB,2006,705.0627142725234,33298.0572080011,0.0,0.0,,
Serbia,SRB,2007,971.570564636848,44888.02956156602,0.0,0.0,,
Serbia,SRB,2008,1111.631537861046,54220.641699749656,0.0,0.0,,0.0205019989253682
Serbia,SRB,2009,974.2884792381244,46955.984140537366,0.0,0.0,,0.0048159727051353
Serbia,SRB,2010,872.339631719991,43536.62918134697,0.0128543944117684,16.04,,0.0200369125521031
Serbia,SRB,2011,986.9581936743696,51251.09886095559,0.0123088927375921,16.04,,0.0080477418292763
Serbia,SRB,2012,865.0724197455364,45103.26968014159,0.0125117848410312,16.48,,0.0070395080128739
Serbia,SRB,2013,932.2035953024288,50455.5295578266,0.0122088589050772,16.48,,0.0184757469294626
Serbia,SRB,2014,918.5571782840713,49114.321140350046,0.0119405390138998,16.48,,0.0187024305122569
Serbia,SRB,2015,700.1893514398879,41297.4106533666,0.0003123014623303,0.44,,0.007942803040316
Serbia,SRB,2016,784.3047049704861,42225.4963033434,0.0166764964802336,23.74,,0.0077786685394747
Serbia,SRB,2017,806.4742415124141,45972.83445565724,0.0607967629980026,88.56,1.8,0.0080290099033265
Serbia,SRB,2018,1064.8422423641807,52787.51997090095,0.0633863198736476,92.29,2.1,0.0201722347053086
Serbia,SRB,2019,1175.4500792579452,53864.69307162431,0.1210256052036541,176.03,2.3,0.0218222737795041
Serbia,SRB,2020,1282.5132746685254,55874.0174689337,0.230705956659392,323.3,2.0,0.0229536613396666
Serbia,SRB,2021,1805.5303001187267,66159.88424806416,0.3078415474198936,417.37,1.8,0.0272904089938996
Serbia,SRB,2022,1451.2933718682184,66809.89574427411,0.3755455991423421,515.9200000000001,1.9,0.0115004614573508
Serbia,SRB,2023,1796.105480578868,81343.99913359828,0.632297737479729,882.5400000000001,1.8,0.0127351351798075
Serbia,SRB,2024,2403.556797527364,90088.3667262784,0.6658928914267624,954.15,2.3,0.0266799908231243
Serbia,SRB,2025,2781.295696285387,100940.1357121701,0.6214615909098323,952.48,2.2,0.0185281726522378
Seychelles,SYC,2000,10.325841556086822,614.8776125254209,,,,0.016793328209945
Seychelles,SYC,2001,11.065396053633435,622.2578078852215,,,,0.0177826552168783
Seychelles,SYC,2002,11.699935949255751,697.514429665531,,,,0.0167737547090832
Seychelles,SYC,2003,12.239108859559463,705.7022026692737,,,,0.0173431637499016
Seychelles,SYC,2004,15.927272727272726,839.3199352069089,0.0,0.0,,0.0189764022742368
Seychelles,SYC,2005,14.727272727272728,919.103261987138,0.0149473219518008,14.6,,0.0160235235107661
Seychelles,SYC,2006,14.366386518083443,1016.4200760679475,0.0140653236016708,14.6,,0.0141343002330889
Seychelles,SYC,2007,15.176703387225304,1033.6357020707517,0.0129614164377926,14.6,,0.0146828358935559
Seychelles,SYC,2008,11.124810198324246,967.2123107430562,0.0124152309713413,14.6,,0.0115019319695979
Seychelles,SYC,2009,8.651202433522657,847.4273703063066,0.0121344739073903,14.6,,0.0102087833561425
Seychelles,SYC,2010,7.157559787202307,969.970289747046,0.0,0.0,,0.0073791536327044
Seychelles,SYC,2011,8.712704951134803,1018.4294060917454,0.0059856211566844,7.8,,0.0085550406331746
Seychelles,SYC,2012,9.9241097489784,1059.4988843253284,0.005921839912624,7.8,,0.0093667958464136
Seychelles,SYC,2013,13.76645132398431,1328.091523800303,0.0128163385350628,17.3,,0.0103655893266993
Seychelles,SYC,2014,30.90915271788738,1387.5705404472817,0.0240114965364466,33.14,,0.0222757343262158
Seychelles,SYC,2015,18.10134877581179,1432.40335279341,0.0235219783218779,33.14,,0.0126370471979916
Seychelles,SYC,2016,21.92337579944627,1568.5133883034662,0.0230689193096408,32.84,,0.0139771684213413
Seychelles,SYC,2017,22.23794849124506,1675.370678904079,0.0225447797747787,32.84,0.0,0.0132734497333997
Seychelles,SYC,2018,21.50797863099905,1784.3139684745115,0.0225550627874156,32.84,0.0,0.0120539204484215
Seychelles,SYC,2019,21.68421427680687,1868.6900944653664,0.0116879809604165,17.0,0.0,0.0116039649062359
Seychelles,SYC,2020,18.901180455856068,1382.5517711235225,0.0121311514482204,17.0,0.0,0.0136712279790406
Seychelles,SYC,2021,36.58793618244782,1487.173831319642,0.0210208786004431,28.5,0.0,0.0246023265148375
Seychelles,SYC,2022,23.44530353894361,2018.3532436610055,0.0207455605046455,28.5,0.0,0.011616055619886
Seychelles,SYC,2023,29.28140666063926,2187.379824038974,0.013612592077543,19.0,0.0,0.0133865213251219
Seychelles,SYC,2024,27.6282502823607,2167.239537043836,0.0132599328586789,19.0,0.0,0.012748129503048
Seychelles,SYC,2025,28.380338884222656,2280.814921927268,0.0123968694642268,19.0,0.0,0.0124430696289208
Sierra Leone,SLE,2000,23.310804351566837,1477.2274056937465,,,,0.0157801055285861
Sierra Leone,SLE,2001,29.911134607154544,1736.275205800166,,,,0.0172271852453078
Sierra Leone,SLE,2002,27.133961877629183,1995.5774810269504,,,,0.0135970475391743
Sierra Leone,SLE,2003,28.467933592851605,2227.738357879673,,,,0.0127788496760216
Sierra Leone,SLE,2004,22.96153703772257,2355.2471032465846,0.0,0.0,,0.0097490989400098
Sierra Leone,SLE,2005,23.552130233008835,2740.237888420156,0.0,0.0,,0.0085949217520627
Sierra Leone,SLE,2006,28.02245848118275,3145.2782157459205,0.008670404959934,9.0,,0.0089093735304229
Sierra Leone,SLE,2007,29.076876178735688,3450.460104716952,0.0079899142424749,9.0,,0.0084269562018659
Sierra Leone,SLE,2008,23.64573655630872,3917.071886393136,0.0076532245713747,9.0,,0.0060365847863164
Sierra Leone,SLE,2009,26.405564662620176,3795.14923279134,0.0074801551483913,9.0,,0.0069577144515075
Sierra Leone,SLE,2010,25.062278631202407,4174.020698375351,0.0072125654430121,9.0,,0.0060043493892968
Sierra Leone,SLE,2011,25.476183906777404,4798.741366148866,0.0016115133883381,2.1,,0.0053089303971434
Sierra Leone,SLE,2012,29.75893407979669,5745.955147742655,0.0017082230517184,2.25,,0.0051791100547465
Sierra Leone,SLE,2013,31.68493941142528,6742.0904789382585,0.0021113621286086,2.85,,0.0046995719666483
Sierra Leone,SLE,2014,48.81063078771625,6531.510785256644,0.0020649597202436,2.85,,0.0074730996231216
Sierra Leone,SLE,2015,39.22651426584026,6743.774111328891,0.002661660190315,3.75,,0.0058167005030526
Sierra Leone,SLE,2016,43.10527501537182,6035.730824070754,0.0026342401769535,3.75,,0.007141682800609
Sierra Leone,SLE,2017,39.41115460627624,5821.700803087862,0.0024714131300001,3.6,1.7,0.0067696977119422
Sierra Leone,SLE,2018,29.75932411484161,6390.514915380296,0.0020604503155373,3.0,1.5,0.0046567959716702
Sierra Leone,SLE,2019,24.54989688539162,6523.577508314738,0.0020625848753676,3.0,1.5,0.0037632567182809
Sierra Leone,SLE,2020,32.51295840702022,6688.594898317308,0.0014985540024272,2.1,1.7,0.0048609549391606
Sierra Leone,SLE,2021,43.01003036662229,7165.214148385636,0.0,0.0,2.1,0.006002616178096
Sierra Leone,SLE,2022,41.45177367959256,7119.137397714736,0.0,0.0,3.4,0.0058225837434881
Sierra Leone,SLE,2023,38.681287533031465,6411.869503681526,0.0,0.0,3.1,0.0060327627552029
Sierra Leone,SLE,2024,51.318582859967606,7769.336979021843,0.0,0.0,3.0,0.0066052718524803
Sierra Leone,SLE,2025,32.18276610896686,8691.802823959697,0.0,0.0,3.6,0.0037026571772029
Singapore,SGP,2000,4330.726931019281,96076.70711617438,,,,0.0450757218998215
Singapore,SGP,2001,4309.127542249906,89793.94101756973,,,,0.0479890680085725
Singapore,SGP,2002,4528.116430897078,92538.2695089328,,,,0.0489323655491523
Singapore,SGP,2003,4723.679527947744,97646.5692408362,,,,0.0483752738541917
Singapore,SGP,2004,5043.3964608366905,115033.45698514405,1.765636534705121,1709.38,,0.0438428661801237
Singapore,SGP,2005,5463.830809901466,127807.61836097093,1.5001889914816646,1465.33,,0.0427504313120819
Singapore,SGP,2006,5830.527461876861,148627.5669790362,1.2467078954056294,1294.1,,0.0392291119365443
Singapore,SGP,2007,6518.5289629088975,180941.9414770088,1.2964434849839774,1460.34,,0.03602552791077
Singapore,SGP,2008,7454.32410273808,193617.460384773,2.1148240493908497,2486.98,,0.0385002679403201
Singapore,SGP,2009,7537.761857945287,194150.951179435,2.9224550600589967,3516.25,,0.038824233474802
Singapore,SGP,2010,8108.851420231608,239807.62884027252,3.13790673559849,3915.55,,0.0338139843984389
Singapore,SGP,2011,8922.267805180558,279355.6106791331,3.621799601557152,4719.650000000001,,0.0319387456850782
Singapore,SGP,2012,9171.948018692785,295091.9435375456,3.849476850996334,5070.37,,0.0310816619008299
Singapore,SGP,2013,9345.680492288018,307576.3605849915,3.495134051122374,4717.87,,0.0303849114883637
Singapore,SGP,2014,9596.602344027466,314863.5807584546,2.449426238262153,3380.63,,0.0304786038477706
Singapore,SGP,2015,9383.830669357918,307998.5452693979,1.8423656949335687,2595.7,,0.0304671265935692
Singapore,SGP,2016,9875.7091033039,319646.384387456,1.657070539472719,2358.94,,0.0308957322393272
Singapore,SGP,2017,10201.640204935098,343673.33490233,1.3869089933007543,2020.25,0.4,0.0296841191005823
Singapore,SGP,2018,10582.246495449852,377123.8037575469,1.256174139370508,1828.98,0.3,0.0280604045409267
Singapore,SGP,2019,10401.37691739109,376161.9069145208,1.5473580487837075,2250.61,0.5,0.0276513297231734
Singapore,SGP,2020,9796.380965035773,349165.94289994065,1.623176607657654,2274.6400000000003,0.4,0.0280565191543984
Singapore,SGP,2021,11013.608902231788,436591.2739272301,1.3711882232334702,1859.05,0.3,0.0252263605801418
Singapore,SGP,2022,11995.013297872396,509017.96421663696,1.431793073734308,1966.98,0.2,0.0235650097660744
Singapore,SGP,2023,13973.38827793369,505439.63955018495,1.361481307940834,1900.31,0.4,0.0276460079196979
Singapore,SGP,2024,15325.841295183014,547386.5093421821,1.24992314473126,1791.0,0.2,0.0279982079090709
Singapore,SGP,2025,17438.48649227638,572458.1685194678,1.0907613961484883,1671.75,0.3,0.030462464248483
Slovakia,SVK,2000,342.32276894685526,20700.361235267555,,,,0.0165370432455852
Slovakia,SVK,2001,393.9965983215895,21374.08618831343,,,,0.0184333774482958
Slovakia,SVK,2002,440.0592860418592,24772.691200808204,,,,0.0177638869541756
Slovakia,SVK,2003,624.5084545812033,33761.723358238305,,,,0.0184975289310524
Slovakia,SVK,2004,711.2904280257394,42958.31722282929,0.0316483774370619,30.64,,0.0165576883362586
Slovakia,SVK,2005,823.3134554495834,48829.56430527768,0.0350238276692538,34.21,,0.0168609625574848
Slovakia,SVK,2006,911.3706267600488,57162.59809610373,0.0329571726310382,34.21,,0.0159434780278499
Slovakia,SVK,2007,1139.1944877528665,77077.6343110057,0.0049448691478427,5.57,,0.0147798320217802
Slovakia,SVK,2008,1411.7102848947,96685.43540896584,0.0048640493942515,5.720000000000001,,0.0146010645649302
Slovakia,SVK,2009,1350.2944392041045,88984.87725795765,0.0117854000004654,14.18,,0.0151744260464589
Slovakia,SVK,2010,1137.680535597216,91023.34562840624,0.0149139825438285,18.61,,0.0124987774042242
Slovakia,SVK,2011,1064.842810573361,99574.66480388682,0.0142810781699868,18.61,,0.0106939130819127
Slovakia,SVK,2012,1020.1800347940494,94729.76407373048,0.014994402342862,19.75,,0.0107693716412089
Slovakia,SVK,2013,967.923107869653,99106.1263292346,0.0183725546629803,24.8,,0.0097665315326135
Slovakia,SVK,2014,997.7038218026678,101577.7916436202,0.0110855732349919,15.3,,0.0098220664739695
Slovakia,SVK,2015,985.9154929577466,89138.63480093158,0.0047554995400296,6.7,,0.0110604733307789
Slovakia,SVK,2016,1003.0480836894296,90265.00814263165,0.0047065091161569,6.7,,0.0111122582751498
Slovakia,SVK,2017,1049.0743469102863,95325.93012941848,0.0356295392908348,51.900000000000006,1.0,0.0110051309804794
Slovakia,SVK,2018,1285.36524910591,106554.12461787237,0.0550827051020321,80.2,1.0,0.012063026689164
Slovakia,SVK,2019,1798.3654276757725,105852.53470667264,0.0651089292324379,94.7,0.9,0.0169893468555969
Slovakia,SVK,2020,1969.3377407956232,107512.34811353016,0.0852391788523488,119.45,0.9,0.0183173168045409
Slovakia,SVK,2021,1984.6263008514663,120577.11920529802,0.0888113681501531,120.41,0.9,0.0164593939043475
Slovakia,SVK,2022,2066.5225037232744,115788.12149233888,0.05557626472034,76.35,0.9,0.0178474482277528
Slovakia,SVK,2023,2304.7653208067386,132798.5693665974,0.0519069629483154,72.45,0.9,0.0173553475146581
Slovakia,SVK,2024,2786.5180214308907,140932.48187033227,0.1665656934410998,238.67,1.3,0.0197720070238646
Slovakia,SVK,2025,3118.330513254371,153462.68010512818,0.4302235677537851,659.38,1.3,0.0203197970419791
Slovenia,SVN,2000,222.3915568054744,20160.77456149697,,,,0.011030903407362
Slovenia,SVN,2001,271.48879038865914,20669.481144555124,,,,0.0131347656232859
Slovenia,SVN,2002,326.9595228120574,23213.66772896842,,,,0.0140847851631839
Slovenia,SVN,2003,416.9067536765131,29361.59373922501,,,,0.0141990505481163
Slovenia,SVN,2004,493.1538929137311,34156.89407343372,0.0818168399735533,79.21,,0.0144379021070681
Slovenia,SVN,2005,514.1727994667635,35945.88026179326,0.0823228875441304,80.41,,0.0143040814614095
Slovenia,SVN,2006,608.8337533729663,39258.05455204623,0.0409243114108887,42.48,,0.0155085054600911
Slovenia,SVN,2007,692.6549125558757,47816.98918342598,0.0377123952244815,42.48,,0.0144855400639896
Slovenia,SVN,2008,829.3844069286263,55285.53640604972,0.0215140646284202,25.3,,0.0150018334060672
Slovenia,SVN,2009,798.868642190033,49775.227651029454,0.0150434231317647,18.1,,0.0160495226217917
Slovenia,SVN,2010,772.0851075101484,47746.52967306583,0.0438363699703074,54.7,,0.0161704968465108
Slovenia,SVN,2011,665.6796713722711,51132.21317291185,0.0605468601618465,78.9,,0.0130187924610493
Slovenia,SVN,2012,543.4964165212631,46169.67146348295,0.0580795837584278,76.5,,0.0117717193840361
Slovenia,SVN,2013,506.74293210331416,47853.46360463064,0.0566734045047577,76.5,,0.0105894724003693
Slovenia,SVN,2014,486.1948703960181,49448.60932027845,0.0491098139782847,67.78,,0.009832326471447
Slovenia,SVN,2015,400.7718753465677,42690.35219807031,0.0200014891101544,28.18,,0.0093878793383363
Slovenia,SVN,2016,449.177539095701,44250.40660658517,0.0006884147662438,0.98,,0.0101508115640423
Slovenia,SVN,2017,473.7967572088074,47825.98437511274,0.0006727735742778,0.98,1.0,0.0099066807175924
Slovenia,SVN,2018,529.4961226585461,53660.08695159521,0.0006730804364088,0.98,0.9,0.0098675971795607
Slovenia,SVN,2019,572.8840125391849,53914.525173533366,0.0,0.0,0.9,0.0106257823971417
Slovenia,SVN,2020,574.4899122307079,53275.617549298986,0.0,0.0,0.9,0.0107833552881691
Slovenia,SVN,2021,762.7719962157048,61533.10849456007,0.0050450108641063,6.84,0.9,0.0123961232396237
Slovenia,SVN,2022,775.1562933856135,59826.526027160966,0.0049789345211149,6.84,0.8,0.0129567324874203
Slovenia,SVN,2023,909.6762762477258,69198.06788756314,0.0232846969747447,32.5,0.8,0.0131459779733419
Slovenia,SVN,2024,980.6256088321246,72971.18899015045,0.0359413969590507,51.5,0.8,0.0134385313217863
Slovenia,SVN,2025,1221.65820642978,79114.49520586577,0.0336020409161939,51.5,0.8,0.0154416482498039
Solomon Islands,SLB,2004,,,0.0,0.0,,
Solomon Islands,SLB,2005,,,0.0,0.0,,
Solomon Islands,SLB,2006,,,0.0,0.0,,
Solomon Islands,SLB,2007,,,0.0,0.0,,
Solomon Islands,SLB,2008,,,0.0,0.0,,
Solomon Islands,SLB,2009,,,0.0,0.0,,
Solomon Islands,SLB,2010,,,0.0,0.0,,
Solomon Islands,SLB,2011,,,0.0,0.0,,
Solomon Islands,SLB,2012,,,0.0,0.0,,
Solomon Islands,SLB,2013,,,0.0,0.0,,
Solomon Islands,SLB,2014,,,0.0,0.0,,
Solomon Islands,SLB,2015,,,0.0,0.0,,
Solomon Islands,SLB,2016,,,0.0,0.0,,
Solomon Islands,SLB,2017,,,0.0,0.0,,
Solomon Islands,SLB,2018,,,0.0,0.0,,
Solomon Islands,SLB,2019,,,0.0048126980425244,7.0,,
Solomon Islands,SLB,2020,,,0.0049951800080907,7.0,,
Solomon Islands,SLB,2021,,,0.0103260456282878,14.0,,
Solomon Islands,SLB,2022,,,0.0101908016514048,14.0,,
Solomon Islands,SLB,2023,,,0.0100303310045054,14.0,,
Solomon Islands,SLB,2024,,,0.0048852384216185,7.0,,
Solomon Islands,SLB,2025,,,0.0045672676973467,7.0,,
Somalia,SOM,2000,,,,,,
Somalia,SOM,2001,,,,,,
Somalia,SOM,2002,,,,,,
Somalia,SOM,2003,,,,,,
Somalia,SOM,2004,,,0.0,0.0,,
Somalia,SOM,2005,,,0.0,0.0,,
Somalia,SOM,2006,,,0.0,0.0,,
Somalia,SOM,2007,,,0.0,0.0,,
Somalia,SOM,2008,,,0.0,0.0,,
Somalia,SOM,2009,,,0.0,0.0,,
Somalia,SOM,2010,,,0.0,0.0,,
Somalia,SOM,2011,,,0.0,0.0,,
Somalia,SOM,2012,,,0.0,0.0,,
Somalia,SOM,2013,26.05,5869.0,0.0021928532984847,2.96,,0.004438575566536
Somalia,SOM,2014,60.258,6443.000000000001,0.0021446599199723,2.96,,0.0093524755548657
Somalia,SOM,2015,46.614,6841.0,0.0029881571736604,4.21,,0.0068139160941382
Somalia,SOM,2016,47.706,7391.000000000001,0.00441849885681,6.29,,0.006454606954404
Somalia,SOM,2017,61.813,8252.000000000002,0.005553814506028,8.09,8.8,0.0074906689287445
Somalia,SOM,2018,76.562,7873.0,0.0035233700395688,5.13,9.3,0.0097246284770735
Somalia,SOM,2019,71.72,8655.0,0.0091372509978785,13.29,9.3,0.0082865395725014
Somalia,SOM,2020,98.1566,8627.999999999998,0.0097905528158578,13.72,9.4,0.011376518312471
Somalia,SOM,2021,111.029,9484.0,0.0101195247157221,13.72,9.4,0.0117069801771404
Somalia,SOM,2022,118.661,10203.0,0.0086767396917675,11.92,9.7,0.0116300107811428
Somalia,SOM,2023,138.896,10969.0,0.0114059192565518,15.92,9.6,0.0126625945847388
Somalia,SOM,2024,201.854,12161.000000000002,0.0078722127708367,11.28,9.3,0.0165984705205164
Somalia,SOM,2025,199.468,12944.0,0.0074381216785361,11.4,9.4,0.0154100741656365
South Africa,ZAF,2000,1891.7250134369287,136361.26533358888,,,,0.0138728913141799
South Africa,ZAF,2001,1802.262236357005,121514.94102806538,,,,0.0148316101798605
South Africa,ZAF,2002,1766.0828977202657,115482.3683436584,,,,0.0152930955872386
South Africa,ZAF,2003,2574.176278132126,175255.75861727088,,,,0.014688112381823
South Africa,ZAF,2004,3099.065125416235,228590.3812721663,0.0243766875820711,23.6,,0.0135572857797826
South Africa,ZAF,2005,3566.9638153704877,288867.1290843532,0.2867019205056372,280.04,,0.0123481125272958
South Africa,ZAF,2006,3506.13965783314,303858.62911741034,0.9669331949151352,1003.69,,0.0115387200554978
South Africa,ZAF,2007,3525.684243694795,333076.88595488947,1.6989132207424211,1913.69,,0.0105851963686615
South Africa,ZAF,2008,3285.925081283394,316131.3704271282,2.046378710974188,2406.49,,0.0103941759302271
South Africa,ZAF,2009,3592.6877020228544,329754.2151157645,2.1111408100974782,2540.09,,0.0108950470906386
South Africa,ZAF,2010,4188.168092203212,417363.9366116576,1.9681568441275652,2455.9100000000003,,0.010034810688735
South Africa,ZAF,2011,4594.154077946546,458199.6190675557,1.4754249196296063,1922.66,,0.010026534040547
South Africa,ZAF,2012,4489.590095944322,434396.8370164568,0.8655983768692324,1140.13,,0.0103352274081457
South Africa,ZAF,2013,4118.208483427343,400684.22153772216,0.4803015469616943,648.33,,0.010277940238382
South Africa,ZAF,2014,3892.485091069445,380908.8912662808,0.4091735799344458,564.73,,0.0102189399625968
South Africa,ZAF,2015,3488.8679478399654,346486.12342012714,0.2755847472249708,388.27,,0.0100692862196088
South Africa,ZAF,2016,3141.9933783207694,323567.6685834764,0.1266331937865088,180.27,,0.0097104676498609
South Africa,ZAF,2017,3596.285960243616,381136.7145312218,0.0362473925733349,52.8,4.4,0.0094356849475046
South Africa,ZAF,2018,3626.098807715288,405260.7071314905,0.0355771087816117,51.8,4.7,0.0089475706475011
South Africa,ZAF,2019,3435.5660177828754,389330.0273207423,0.0012375509252205,1.8,4.9,0.0088243027167091
South Africa,ZAF,2020,3232.763794759475,337974.6494768239,0.0,0.0,5.9,0.0095651073231785
South Africa,ZAF,2021,3546.873356416921,419986.2064900513,0.0,0.0,6.4,0.0084452139179979
South Africa,ZAF,2022,3461.4289650889914,407596.03320717806,0.0218374321101532,30.0,6.9,0.0084923028760919
South Africa,ZAF,2023,3059.5435189838945,381440.6970397159,0.0429871328764517,60.0,6.8,0.0080210201552387
South Africa,ZAF,2024,3033.2513358832093,401145.0363858987,0.0418734721853018,60.0,7.0,0.0075614829070581
South Africa,ZAF,2025,3173.8743297418496,430442.21661848825,0.0587220132516009,90.0,6.9,0.0073735200851707
South Sudan,SSD,2000,,,,,,
South Sudan,SSD,2001,,,,,,
South Sudan,SSD,2002,,,,,,
South Sudan,SSD,2003,,,,,,
South Sudan,SSD,2004,,,0.0,0.0,,
South Sudan,SSD,2005,,,0.0,0.0,,
South Sudan,SSD,2006,551.4545044277537,,0.0,0.0,,
South Sudan,SSD,2007,587.9668667228808,,0.0329539574089631,37.12,,
South Sudan,SSD,2008,896.3907069315268,15558.856738240136,0.0691171214623713,81.28,,0.0576128903307144
South Sudan,SSD,2009,609.8986326487162,12275.399408219746,0.0687509370972144,82.72,,0.0496846263299849
South Sudan,SSD,2010,650.9106678230703,15720.07805724198,0.0675096125465941,84.24,,0.041406325429994
South Sudan,SSD,2011,1066.6214689265537,17501.620951668916,0.1147167316298409,149.49,,0.0609441532228386
South Sudan,SSD,2012,988.2259887005648,11266.779661016948,0.0864512706218584,113.87,,0.0877114861951038
South Sudan,SSD,2013,981.9830508474575,14946.779661016946,0.0614221172220845,82.91,,0.0656986369718549
South Sudan,SSD,2014,1301.5254237288134,15178.983050847455,0.0884454852807497,122.07,,0.0857452320335879
South Sudan,SSD,2015,283.4048288019446,3294.0058118897077,0.0986943598568835,139.05,,0.0860365296803652
South Sudan,SSD,2016,78.63301408490992,1622.3866401924074,0.0571805734410707,81.39999999999999,,0.0484674935905441
South Sudan,SSD,2017,63.98407195017199,1602.254422048379,0.0548516414130579,79.89999999999999,9.4,0.039933777725745
South Sudan,SSD,2018,136.9843536973317,2869.233266246836,0.045810678682114,66.7,9.4,0.0477424945921239
South Sudan,SSD,2019,150.80607114035632,3967.272953007636,0.0179444884156983,26.1,9.1,0.0380125272262974
South Sudan,SSD,2020,94.72312020076612,5075.290118676067,0.0054233382944985,7.6,9.1,0.0186635872996114
South Sudan,SSD,2021,64.2873014623849,4253.79021095562,0.0060849911738125,8.25,8.9,0.0151129459315631
South Sudan,SSD,2022,101.38563698054875,6438.516798790191,0.0129568763853575,17.8,8.8,0.0157467379753671
South Sudan,SSD,2023,148.53560040523445,6244.36103213397,0.012752849420014,17.8,8.9,0.0237871576676714
South Sudan,SSD,2024,168.80366808123168,2577.6546228071584,0.0124224634149728,17.8,8.7,0.0654873102810796
South Sudan,SSD,2025,178.42246569474258,5209.800553165862,0.0116139092875388,17.8,8.5,0.0342474656897028
Spain,ESP,2000,10273.779251888704,595402.6165468951,,,,0.0172551798839458
Spain,ESP,2001,10222.074075399772,627281.187640379,,,,0.0162958403293613
Spain,ESP,2002,10270.839019340265,705427.5092936803,,,,0.0145597370162443
Spain,ESP,2003,12880.532801224332,905457.3526523814,,,,0.014225443930068
Spain,ESP,2004,15262.45863676718,1067139.7440911883,1.288907026797107,1247.84,,0.0143022117967925
Spain,ESP,2005,15997.72422026563,1153256.9765706612,1.3212715952969585,1290.5700000000002,,0.0138717775355122
Spain,ESP,2006,17252.217612693363,1259279.0986789037,1.4094128613704364,1462.99,,0.0137000746147478
Spain,ESP,2007,20065.66863480958,1472054.5605347652,1.3669411616500806,1539.75,,0.0136310631227691
Spain,ESP,2008,22227.721829567512,1625284.359321786,1.4013564405158647,1647.96,,0.0136762048450665
Spain,ESP,2009,20178.274984962,1485494.7537171305,1.319757017964673,1587.91,,0.0135835383696039
Spain,ESP,2010,19710.78544987385,1426597.0902396548,1.2034245581281884,1501.66,,0.0138166449270989
Spain,ESP,2011,19695.435494296973,1485622.5368559335,1.039917263367868,1355.14,,0.0132573618168037
Spain,ESP,2012,18860.623363407656,1331070.2639362502,0.9346789170807274,1231.12,,0.0141695174735801
Spain,ESP,2013,17242.95932200239,1361800.0979872774,0.7694544425466878,1038.64,,0.0126618872678062
Spain,ESP,2014,17178.54931476189,1378408.7605825264,0.6662719333138285,919.57,,0.0124625944103127
Spain,ESP,2015,15187.168681379617,1205624.9306864813,0.5681189465418681,800.42,,0.0125969265356283
Spain,ESP,2016,14014.43963518389,1241885.2231493578,0.5190928323097496,738.96,,0.0112848106845526
Spain,ESP,2017,16043.533257461726,1312772.3675608137,0.4134330914666567,602.23,0.2,0.0122211082849582
Spain,ESP,2018,17823.271130625686,1430870.0116851386,0.4096312590642643,596.42,0.3,0.0124562475871831
Spain,ESP,2019,17189.319301388266,1403616.211374832,0.359212906611107,522.4699999999999,1.3,0.0122464525288942
Spain,ESP,2020,17450.336258976407,1287146.928074775,0.3137472563081808,439.67,0.7,0.0135573770782154
Spain,ESP,2021,19970.30510879849,1461061.967833491,0.3459225285476439,469.0,0.7,0.0136683491518235
Spain,ESP,2022,20722.199550682813,1447094.794147097,0.4253495026415649,584.34,0.7,0.0143198632421978
Spain,ESP,2023,24837.317038387908,1618144.4764715796,0.4258090447076928,594.3299999999999,0.7,0.01534925799243
Spain,ESP,2024,25199.837644766747,1725652.1268535554,0.5013789981227424,718.42,0.7,0.0146030809180031
Spain,ESP,2025,40211.754089114496,1888832.4873096445,0.5778833324090054,885.6899999999999,0.5,0.0212892113828421
Sri Lanka,LKA,2000,822.1273655900713,16331.905289389924,,,,0.0503387296841703
Sri Lanka,LKA,2001,675.0165020193997,15745.695912510437,,,,0.0428699058949232
Sri Lanka,LKA,2002,571.657950222711,17102.2484348556,,,,0.0334258944021437
Sri Lanka,LKA,2003,541.695589560821,18881.56981382289,,,,0.0286891182725842
Sri Lanka,LKA,2004,619.3054924204991,20661.709192244594,0.580629974174139,562.13,,0.0299735847919569
Sri Lanka,LKA,2005,644.2118251109475,24406.276741825703,0.3395396798160783,331.65,,0.026395333951407
Sri Lanka,LKA,2006,791.4910406682449,28279.92378312836,0.2634839729491072,273.5,,0.0279877359903085
Sri Lanka,LKA,2007,1054.816810247417,32350.30689820381,0.2855062689311031,321.6,,0.0326060835702916
Sri Lanka,LKA,2008,1511.36300699688,46595.20827864826,0.3120729872720922,366.99,,0.0324360178402603
Sri Lanka,LKA,2009,1522.2323720040022,48142.983428564105,0.2913021753288525,350.49,,0.0316189871004303
Sri Lanka,LKA,2010,1532.026109106347,56725.99589612962,0.2342320697426228,292.28,,0.0270074784039336
Sri Lanka,LKA,2011,1753.3215755437975,65292.86844842401,0.166124008717827,216.48,,0.0268531865302989
Sri Lanka,LKA,2012,1474.9026276811674,68434.62144306953,0.0955314251545486,125.83,,0.0215519951243996
Sri Lanka,LKA,2013,1600.8414104083863,74317.80675452667,0.0505615667640486,68.25,,0.0215404824269908
Sri Lanka,LKA,2014,1914.5912202907848,79356.45831516008,0.0380025043251849,52.45,,0.0241264701190051
Sri Lanka,LKA,2015,2057.866406971604,85140.95574419566,0.0336788736081202,47.45,,0.0241701116575954
Sri Lanka,LKA,2016,1742.075800951333,88012.28218313889,0.0189314060717058,26.95,,0.0197935533284589
Sri Lanka,LKA,2017,1865.7506767957689,94376.23770569554,0.049393937417641,71.95,3.4,0.0197692843257214
Sri Lanka,LKA,2018,1639.179094301667,94275.55524049356,0.1032560334792956,150.34,3.1,0.0173871062346986
Sri Lanka,LKA,2019,1559.719807029439,88782.38941063805,0.1406270368025644,204.54,2.8,0.0175678962616718
Sri Lanka,LKA,2020,1484.9787260233804,84440.53713518858,0.1459591598364121,204.54,5.0,0.0175860881089131
Sri Lanka,LKA,2021,1523.9053206754888,88609.3173926134,0.1906925597669677,258.54,4.7,0.0171980257327038
Sri Lanka,LKA,2022,1005.4251347838832,74585.63243317112,0.1576808181233799,216.62,3.7,0.0134801449285121
Sri Lanka,LKA,2023,1107.5565311877758,83722.92236647103,0.0870346150305226,121.48,3.7,0.0132288326766687
Sri Lanka,LKA,2024,1263.8566828764128,99042.53499619446,0.0493548658824091,70.72,3.8,0.0127607465108296
Sri Lanka,LKA,2025,1390.7309871518632,106066.2166022065,0.0533195880324537,81.72,3.7,0.0131119128380688
Sudan,SDN,2000,587.2675723291966,13134.180917304173,,,,0.0447129193686891
Sudan,SDN,2001,388.09131742313554,15716.53872022636,,,,0.0246931798617772
Sudan,SDN,2002,484.6072630323654,18137.072455621976,,,,0.0267191557081832
Sudan,SDN,2003,398.1102217385807,21355.4139541656,,,,0.0186421215057236
Sudan,SDN,2004,1240.766949070394,26645.857970958292,0.6756370811147707,654.11,,0.0465650965498173
Sudan,SDN,2005,1164.9959360606883,35182.630969680555,0.7851643939229513,766.9200000000001,,0.03311281458924
Sudan,SDN,2006,1647.8391943710703,45263.93832919646,0.7452598414394874,773.5899999999999,,0.0364051219402658
Sudan,SDN,2007,2427.0725947480155,59440.00793611429,0.6945721227808346,782.3799999999999,,0.0408323060346259
Sudan,SDN,2008,3228.0000000000005,64833.31419604241,0.5931419114472595,697.5199999999999,,0.049789217781451
Sudan,SDN,2009,3180.4830097306613,58315.55530451482,0.418232096913555,503.21,,0.0545391875825012
Sudan,SDN,2010,,,0.4697784291881945,586.2,,
Sudan,SDN,2011,,,0.5104046594530722,665.12,,
Sudan,SDN,2012,,,0.5514219931971724,726.31,,
Sudan,SDN,2013,,,0.5643708011211702,761.81,,
Sudan,SDN,2014,,,0.5300570465047768,731.57,,
Sudan,SDN,2015,2279.6216395618985,84027.71324261534,0.4767920620917767,671.75,,0.0271294023315842
Sudan,SDN,2016,2728.876597743736,119765.98446372768,0.4151141040450408,590.9399999999999,,0.0227850721551928
Sudan,SDN,2017,4357.538723037514,132617.12671470636,0.3692222565855437,537.83,9.2,0.0328580390103889
Sudan,SDN,2018,995.8398917970444,55979.90002497756,0.2870069926189175,417.88,9.1,0.0177892402693236
Sudan,SDN,2019,722.9656114214766,44379.09373060207,0.2534091777876659,368.5799999999999,9.1,0.016290679927133
Sudan,SDN,2020,936.6988082232706,95988.75578333058,0.1659826956974159,232.6,9.0,0.0097584222295538
Sudan,SDN,2021,369.443039163841,39923.50578842015,0.0901611298287078,122.24,9.1,0.0092537724798456
Sudan,SDN,2022,,,0.0425465968946152,58.45,9.3,
Sudan,SDN,2023,,,0.0205765076035282,28.72,9.6,
Sudan,SDN,2024,,,0.040840593204731,58.52,9.6,
Sudan,SDN,2025,,,0.075046732935546,115.02,10.0,
Suriname,SUR,2004,,,0.0020658209815314,2.0,,
Suriname,SUR,2005,,,0.0,0.0,,
Suriname,SUR,2006,,,0.0,0.0,,
Suriname,SUR,2007,,,0.0,0.0,,
Suriname,SUR,2008,,,0.0,0.0,,
Suriname,SUR,2009,,,0.0,0.0,,
Suriname,SUR,2010,,,0.0,0.0,,
Suriname,SUR,2011,,,0.0,0.0,,
Suriname,SUR,2012,,,0.0001214736392333,0.16,,
Suriname,SUR,2013,,,0.0049339199215906,6.66,,
Suriname,SUR,2014,,,0.0048254848199376,6.66,,
Suriname,SUR,2015,,,0.006749970242639,9.51,,
Suriname,SUR,2016,,,0.006680433088754,9.51,,
Suriname,SUR,2017,,,0.006418809101528,9.35,,
Suriname,SUR,2018,,,0.0019574277997604,2.85,,
Suriname,SUR,2019,,,0.0019594556315992,2.85,,
Suriname,SUR,2020,,,0.0,0.0,,
Suriname,SUR,2021,,,0.0,0.0,,
Suriname,SUR,2022,,,0.0,0.0,,
Suriname,SUR,2023,,,0.0,0.0,,
Suriname,SUR,2024,,,0.0083746944370603,12.0,,
Suriname,SUR,2025,,,0.0078296017668801,12.0,,
Sweden,SWE,2000,4789.440136909751,262904.0496647108,,,,0.018217445273353
Sweden,SWE,2001,4128.04600594437,242499.249692616,,,,0.0170229227973981
Sweden,SWE,2002,4354.573015429613,267372.7960629016,,,,0.0162865223371683
Sweden,SWE,2003,5305.640404140336,334074.0511729715,,,,0.0158816297928906
Sweden,SWE,2004,5514.710384833627,384547.7344197559,0.5664997586604638,548.4499999999999,,0.0143407694057924
Sweden,SWE,2005,5518.466925997145,391690.85344884114,0.4404648166659772,430.23,,0.0140888327552379
Sweden,SWE,2006,5577.203266357198,422527.56412428425,0.3714016133504197,385.52,,0.0131996199535912
Sweden,SWE,2007,6386.221161542707,490052.3320071552,0.3217272134969892,362.4,,0.013031712624213
Sweden,SWE,2008,6024.791006053618,514616.528348834,0.2963498625693456,348.5,,0.0117073406588482
Sweden,SWE,2009,5062.962024191842,434312.6700131438,0.2627196713784995,316.1,,0.0116574126746949
Sweden,SWE,2010,5885.935800386264,492753.5407463316,0.1906521465436224,237.9,,0.0119449893581106
Sweden,SWE,2011,6324.7473643036,570541.6460051066,0.2321346666534675,302.5,,0.0110855139297701
Sweden,SWE,2012,6243.671605397475,549741.8457805292,0.3441120436406196,453.25,,0.0113574610579855
Sweden,SWE,2013,6528.737467320238,584125.5025736995,0.3400774684693994,459.05,,0.0111769430345946
Sweden,SWE,2014,6555.5180638950205,577727.7673035957,0.3570206674210653,492.75,,0.0113470711205232
Sweden,SWE,2015,5386.942195807095,501602.3519116001,0.3664218862000443,516.25,,0.0107394675788052
Sweden,SWE,2016,5429.928200116994,513058.3129509397,0.281343875539106,400.51,,0.0105834523348542
Sweden,SWE,2017,5535.59134048367,535172.3567847685,0.1580743298093957,230.26,0.2,0.0103435673952605
Sweden,SWE,2018,5733.666365577604,549649.3440431822,0.1234621829069986,179.76,0.6,0.0104314986049126
Sweden,SWE,2019,5837.488025350447,530894.1244944176,0.0952639201103125,138.56,0.8,0.010995578508068
Sweden,SWE,2020,6269.713624353906,544265.668451678,0.0842472788221708,118.06,0.6,0.0115195831517169
Sweden,SWE,2021,7582.054935587188,631693.3313007758,0.1169055880059734,158.5,0.6,0.012002746522548
Sweden,SWE,2022,7721.175892371102,575071.2376409271,0.3235579524321039,444.5,0.7,0.0134264685607388
Sweden,SWE,2023,8785.446082735712,578990.9152460758,0.3833735800364889,535.1,1.2,0.0151737200902398
Sweden,SWE,2024,12046.97008544414,604395.0356923683,0.4077778299645311,584.3000000000001,1.2,0.0199322783511013
Sweden,SWE,2025,16473.47720649671,666622.6207061321,0.4745391137543267,727.3000000000001,1.2,0.0247118484954004
Switzerland,CHE,2000,2800.146846356079,272049.0563120248,,,,0.0102928011745957
Switzerland,CHE,2001,2763.655325250945,278627.9693070715,,,,0.0099188008013838
Switzerland,CHE,2002,2882.6967618583226,301414.876348798,,,,0.0095638834976494
Switzerland,CHE,2003,3270.337504177032,352927.9241978242,,,,0.0092663041940085
Switzerland,CHE,2004,3503.819863289103,394163.6886369119,0.4674952881205688,452.6,,0.0088892507460693
Switzerland,CHE,2005,3484.636759344031,418291.5846263192,0.620160292623517,605.75,,0.0083306403652778
Switzerland,CHE,2006,3328.973393734448,441620.58287261537,0.6057241242842821,628.75,,0.0075380847787492
Switzerland,CHE,2007,3524.7465364845843,490752.9806659614,0.6029455617846309,679.1700000000001,,0.0071823232366341
Switzerland,CHE,2008,4098.459038491723,567273.005329197,0.4906227165222659,576.96,,0.0072248441226518
Switzerland,CHE,2009,4055.5443233407454,554192.5428988916,0.3409371603801781,410.21,,0.0073179337674355
Switzerland,CHE,2010,4115.407849191205,598848.5282008993,0.2241665339688191,279.72,,0.0068722016593327
Switzerland,CHE,2011,4973.863848781927,715888.1496990008,0.1691475147892804,220.42,,0.0069478225765759
Switzerland,CHE,2012,4592.165377675208,686420.5735279687,0.0863981259046939,113.8,,0.0066900171043432
Switzerland,CHE,2013,5032.883664327698,706234.592762573,0.0733494611766806,99.01,,0.0071263624239087
Switzerland,CHE,2014,4612.776476684807,726537.8088477417,0.0490590956693664,67.71000000000001,,0.0063489833846368
Switzerland,CHE,2015,4521.07690931875,694118.186066862,0.0281426204122649,39.65,,0.0065134108284021
Switzerland,CHE,2016,4571.348246673114,687678.8232210472,0.0600255528321805,85.45,,0.0066475047541251
Switzerland,CHE,2017,4628.401508544773,695284.4949664852,0.0574946804548635,83.75,0.1,0.0066568455676088
Switzerland,CHE,2018,4736.844967476971,725534.5323499136,0.0575209046420846,83.75,0.1,0.0065287656979398
Switzerland,CHE,2019,5021.931589537224,721205.8247806843,0.0543147350513473,79.0,0.1,0.0069632432476046
Switzerland,CHE,2020,5731.63003945834,741901.9438104721,0.0495950015089011,69.5,0.1,0.0077255897322767
Switzerland,CHE,2021,5486.155122809739,815309.3306288901,0.0,0.0,0.1,0.0067289247365511
Switzerland,CHE,2022,5650.938777220089,828508.9265897423,0.0109187160550766,15.0,0.2,0.0068206130264403
Switzerland,CHE,2023,6311.58944451246,894424.8215283421,0.0343897063011614,48.0,0.1,0.0070565902159642
Switzerland,CHE,2024,6536.271129330101,936564.1981723174,0.0334987777482414,48.0,0.1,0.0069789888852098
Switzerland,CHE,2025,7591.405901069386,1002927.7050760646,0.0313184070675205,48.0,0.2,0.0075692453829397
Syria,SYR,2000,897.044908654196,16448.504257951816,,,,0.0545365642119423
Syria,SYR,2001,1022.526577913993,18657.36998371804,,,,0.0548055046775796
Syria,SYR,2002,1102.9121569096455,20377.12531643047,,,,0.0541250122273305
Syria,SYR,2003,1436.2107335444664,22985.534537361986,,,,0.0624832427198927
Syria,SYR,2004,1388.544983485948,25055.673120661348,0.2024504561900827,196.0,,0.0554183867581242
Syria,SYR,2005,1450.3246566683906,28854.028998831614,0.1812106839362154,177.0,,0.0502641990387934
Syria,SYR,2006,1435.215692284116,32659.757872959923,0.2398812038915089,249.0,,0.0439444682311125
Syria,SYR,2007,1599.0337230650305,38995.65175379264,0.1988600878127085,224.0,,0.0410054365333055
Syria,SYR,2008,1732.4168479019934,48768.33137133622,0.4133591626828089,486.1,,0.035523398057458
Syria,SYR,2009,2181.9745811918024,54174.10378271435,0.5974150578515198,718.8,,0.0402770775856935
Syria,SYR,2010,2346.021283012365,57838.74025246651,0.8889086210432365,1109.1999999999998,,0.0405614173609585
Syria,SYR,2011,2494.887483148397,,1.1506972980061971,1499.5,,
Syria,SYR,2012,,,1.5305678543397443,2016.0,,
Syria,SYR,2013,,,1.6208593688360722,2187.9,,
Syria,SYR,2014,,,1.4068534346656163,1941.7,,
Syria,SYR,2015,,,1.0911387228190372,1537.3,,
Syria,SYR,2016,,,0.751805121862058,1070.24,,
Syria,SYR,2017,,,0.4058472261648509,591.1800000000001,9.5,
Syria,SYR,2018,,,0.2007153334042128,292.24,9.6,
Syria,SYR,2019,,,0.2679572764419256,389.74,9.8,
Syria,SYR,2020,,,0.3236091688384401,453.49,9.9,
Syria,SYR,2021,,,0.3264505567914439,442.6,10.0,
Syria,SYR,2022,,,0.2840030837365797,390.16,10.0,
Syria,SYR,2023,,,0.1369140182114988,191.1,9.9,
Syria,SYR,2024,,,0.0607863237889965,87.1,9.9,
Syria,SYR,2025,,,0.006257156745365,9.59,10.0,
Taiwan,TWN,2000,8800.640512409927,330778.1905524419,,,,0.026605866903473
Taiwan,TWN,2001,7982.24852071006,299391.3905325444,,,,0.0266615833758999
Taiwan,TWN,2002,7531.453362255963,307473.9262472885,,,,0.0244946082231334
Taiwan,TWN,2003,7472.833982218607,317392.90487535595,,,,0.0235444266945831
Taiwan,TWN,2004,7833.163784333674,346964.30494883616,1.7072977501866724,1652.9,,0.0225762814001537
Taiwan,TWN,2005,8011.315944912488,374193.272608574,1.796893332224911,1755.14,,0.0214095670108231
Taiwan,TWN,2006,7645.015523654361,386480.188128247,1.8463531024346689,1916.54,,0.01978113175912
Taiwan,TWN,2007,8157.237683454113,406915.4436392424,1.4541821474954149,1638.02,,0.0200465177986364
Taiwan,TWN,2008,8960.24367801504,416127.6771266301,1.307638453847952,1537.75,,0.0215324386493244
Taiwan,TWN,2009,9122.817634421615,390917.87951223936,1.0454846625236582,1257.91,,0.0233369157885652
Taiwan,TWN,2010,9092.34561658555,444357.0254724733,0.5085259335403767,634.55,,0.0204618023241961
Taiwan,TWN,2011,9998.235134401304,484055.1520499593,0.2332013350390819,303.89,,0.0206551569424663
Taiwan,TWN,2012,10496.825825623016,495636.01674883504,0.5334514866930942,702.64,,0.021178496862431
Taiwan,TWN,2013,9964.30495689655,514235.18318965513,0.9670927543607962,1305.42,,0.0193769412957915
Taiwan,TWN,2014,9802.43661508067,535332.4662495884,1.7032584774566537,2350.79,,0.0183109324262625
Taiwan,TWN,2015,9803.312169782,534514.940283266,1.997473055304117,2814.23,,0.0183405765320362
Taiwan,TWN,2016,9663.668976088233,544267.8817405022,1.920599926775148,2734.09,,0.0177553541193446
Taiwan,TWN,2017,10479.976346134894,591753.572719209,1.928690806652083,2809.44,,0.0177100347666303
Taiwan,TWN,2018,10504.77580996834,610790.3412432872,1.5712788061256362,2287.77,,0.0171986606543015
Taiwan,TWN,2019,10993.171742014822,614028.5751270186,0.8674200693358534,1261.6500000000003,,0.0179033552953798
Taiwan,TWN,2020,12029.571535275343,679831.3302098188,0.598001542654306,838.0100000000001,,0.0176949354946066
Taiwan,TWN,2021,13932.664756446991,779845.6661891117,0.6664429848496997,903.56,,0.0178659257344238
Taiwan,TWN,2022,15261.446437325108,766108.1612884448,0.4214333231498108,578.96,,0.0199207464539449
Taiwan,TWN,2023,16344.564791689403,757504.9597760558,0.495097138382387,691.04,,0.0215768419477034
Taiwan,TWN,2024,15232.751881853545,797054.2490804844,0.699866235193104,1002.83,,0.0191113113058824
Taiwan,TWN,2025,18187.723316285766,866686.4168487138,0.8418975039882034,1290.33,,0.0209853563673198
Tajikistan,TJK,2000,10.353281155930164,1730.812763395545,,,,0.0059817453250222
Tajikistan,TJK,2001,12.468225563719605,2146.792626223026,,,,0.0058078388249617
Tajikistan,TJK,2002,25.57766819939728,2438.669671831643,,,,0.0104883693330168
Tajikistan,TJK,2003,34.788346393934745,3109.457530452053,,,,0.0111879149508362
Tajikistan,TJK,2004,45.11009893923939,3987.328775193485,0.0,0.0,,0.0113133632771605
Tajikistan,TJK,2005,,,0.0,0.0,,
Tajikistan,TJK,2006,,,0.0121385669439076,12.6,,
Tajikistan,TJK,2007,,,0.0175778113334447,19.8,,
Tajikistan,TJK,2008,52.467120604421225,5132.8292603301925,0.0168370940570245,19.8,,0.0102218713975001
Tajikistan,TJK,2009,47.529274315605,4978.094049547277,0.0446814600863908,53.760000000000005,,0.0095476850864092
Tajikistan,TJK,2010,53.75693370815512,5641.669159642564,0.0430830575795928,53.760000000000005,,0.0095285512473335
Tajikistan,TJK,2011,71.34211679370438,6522.370059303543,0.0315856624114272,41.16,,0.0109380663999494
Tajikistan,TJK,2012,76.26047183132779,7632.590428709228,0.0257827799272706,33.96,,0.0099914272282293
Tajikistan,TJK,2013,,,0.0278255303686104,37.56,,
Tajikistan,TJK,2014,104.28068919281768,9241.587311773124,0.0026083701729392,3.6,,0.0112838504549939
Tajikistan,TJK,2015,100.67958040709917,7853.494038459974,0.0025551937827024,3.6,,0.012819718193463
Tajikistan,TJK,2016,84.4726204187897,6992.377810463042,0.0074601681811323,10.62,,0.0120806716554115
Tajikistan,TJK,2017,78.16610443395469,7536.368057904288,0.0204784037966397,29.83,6.1,0.0103718533693391
Tajikistan,TJK,2018,81.42086753491802,7764.978427276526,0.0205907668199367,29.98,5.9,0.0104856527674186
Tajikistan,TJK,2019,82.75652213451045,8300.834875188439,0.0239397351201001,34.82,6.4,0.0099696624952597
Tajikistan,TJK,2020,77.10758553986582,8133.934749033867,0.0248474525545314,34.82,6.4,0.0094797398699349
Tajikistan,TJK,2021,89.61123367981715,8937.778819243336,0.0205045763190287,27.8,5.2,0.0100261189599905
Tajikistan,TJK,2022,202.59131589622956,10492.087126594644,0.0082327119055277,11.31,5.3,0.0193089624067945
Tajikistan,TJK,2023,285.0286204328913,11893.928042030426,0.0055596691853544,7.760000000000001,6.8,0.0239642126155182
Tajikistan,TJK,2024,184.0827384622281,13798.26061062888,0.0021774205536356,3.120000000000001,5.6,0.0133410104111548
Tajikistan,TJK,2025,246.9318883215365,16757.23786235496,0.051101200865171,78.32000000000001,5.3,0.0147358347688235
Tanzania,TZA,2000,135.05595264421063,9080.832424423012,,,,0.0148726401206321
Tanzania,TZA,2001,150.72819632775452,10383.55704851143,,,,0.0145160464399203
Tanzania,TZA,2002,140.75356177379493,10805.598691472953,,,,0.0130259845652854
Tanzania,TZA,2003,125.2547138922594,11659.117698041257,,,,0.0107430696847071
Tanzania,TZA,2004,127.5678628147577,12825.859014256472,0.0559424321798718,54.16,,0.0099461457258309
Tanzania,TZA,2005,139.49359127669564,16930.039949332557,0.063229219434467,61.76,,0.0082394130016329
Tanzania,TZA,2006,147.41792475437333,18610.460326583277,0.0709817152719934,73.67999999999999,,0.0079212401073067
Tanzania,TZA,2007,166.21554327571806,21811.215212479765,0.0653574985034446,73.62,,0.0076206456933501
Tanzania,TZA,2008,194.00030092534544,27782.63470371058,0.0192351044227219,22.62,,0.0069827898971523
Tanzania,TZA,2009,219.4768652816384,28985.588358965026,0.0429028454177733,51.620000000000005,,0.0075719306630446
Tanzania,TZA,2010,282.72509881002225,31553.292346895483,0.0333541081931297,41.62,,0.0089602408427543
Tanzania,TZA,2011,307.4739841742361,34044.591679866106,0.0823790296371892,107.35,,0.0090315074730673
Tanzania,TZA,2012,359.7394188250158,39367.44095818319,0.1686205954607426,222.1,,0.0091379934806313
Tanzania,TZA,2013,443.3799455149834,45598.21038226576,0.2607717436035914,352.0,,0.0097236260326441
Tanzania,TZA,2014,507.2857989940747,49941.45250617038,0.2438101564427975,336.5,,0.010157610032095
Tanzania,TZA,2015,517.0757617991882,47378.59980609895,0.2530351620926214,356.5,,0.0109136986722985
Tanzania,TZA,2016,544.3742861254965,49774.00576130011,0.2099313805020145,298.85,,0.0109369193376988
Tanzania,TZA,2017,562.485698945799,53274.90753480275,0.1269757145902277,184.96,3.5,0.0105581731620715
Tanzania,TZA,2018,603.0175171486667,54774.61638580562,0.0496980616107611,72.36,3.8,0.0110090687427421
Tanzania,TZA,2019,623.9165459996348,58797.221362821285,0.0404679152547127,58.86,3.8,0.010611327058291
Tanzania,TZA,2020,682.5990574555299,63371.879460845645,0.0338316405976547,47.41,5.0,0.0107713241782149
Tanzania,TZA,2021,762.8424100195319,67964.82221080188,0.0591977444375989,80.26,4.7,0.0112240771800075
Tanzania,TZA,2022,883.6388373727967,74171.74753343679,0.0572868635689686,78.7,5.4,0.0119134153738854
Tanzania,TZA,2023,961.3277647752216,78367.74973619248,0.0439901659769023,61.400000000000006,5.6,0.0122668797816871
Tanzania,TZA,2024,929.4948276340484,79235.71350673963,0.0428505198696255,61.400000000000006,5.1,0.0117307560757307
Tanzania,TZA,2025,1030.4617583207084,89085.09691224014,0.0370927383705946,56.85,5.3,0.0115671621184387
Thailand,THA,2000,1880.858625142726,126392.30849774876,,,,0.0148811161651994
Thailand,THA,2001,1720.105374742021,120296.74625663094,,,,0.0142988520327265
Thailand,THA,2002,1783.8907497887576,134300.85125500176,,,,0.0132827955528116
Thailand,THA,2003,1877.4768227245768,152280.65354372465,,,,0.0123290567713875
Thailand,THA,2004,1950.8774961215645,172895.4761525916,0.6272658828322117,607.2800000000001,,0.0112835658834693
Thailand,THA,2005,1867.044089895351,189318.54968038367,0.6610401943725176,645.6800000000001,,0.0098619184070836
Thailand,THA,2006,2106.976928356476,221758.2756982208,0.6128820252678722,636.1800000000001,,0.0095012324645946
Thailand,THA,2007,2679.881917365332,262942.53466287354,0.4363114614165709,491.47,,0.010191892007131
Thailand,THA,2008,3650.043676249426,291382.9911776978,0.3197857369234666,376.06,,0.0125266188719418
Thailand,THA,2009,4339.318318370871,281710.3290575107,0.2497374465542914,300.48,,0.0154034760915174
Thailand,THA,2010,5193.510006091076,341104.72547553,0.196927078479043,245.73,,0.0152255586575379
Thailand,THA,2011,5156.739374977452,370819.1737423626,0.3055199168090745,398.13,,0.013906345033173
Thailand,THA,2012,5408.091535271577,389102.4383024858,0.507251141130959,668.13,,0.0138988888346861
Thailand,THA,2013,5555.742693484345,412989.3250016272,0.7669874825858924,1035.31,,0.0134525091985427
Thailand,THA,2014,5582.641023404271,404546.22611979774,0.7821487782466564,1079.5,,0.0137997604796617
Thailand,THA,2015,5434.004602739935,406333.3370643198,0.8536121674353186,1202.65,,0.0133732679725458
Thailand,THA,2016,5562.517500612674,419759.7487561288,0.9109834749547682,1296.84,,0.0132516695969445
Thailand,THA,2017,6135.862089867966,459176.1861600005,0.9175395846584284,1336.54,7.4,0.0133627619959583
Thailand,THA,2018,6662.163295026327,502276.5278401917,1.0913518504629558,1589.0,7.2,0.013263935154752
Thailand,THA,2019,7155.938257216098,539135.7104413603,1.2206308539596402,1775.39,7.6,0.0132729814008386
Thailand,THA,2020,7294.813186218118,499378.1935917493,1.2365282671171085,1732.81,7.6,0.0146077928107965
Thailand,THA,2021,7112.638314490867,501181.9485464798,1.1344414999643382,1538.07,7.1,0.014191728842427
Thailand,THA,2022,6026.999779168331,485877.3520069875,1.0858808699654436,1491.77,7.4,0.0124043645053076
Thailand,THA,2023,5743.151742763099,508804.4954089634,0.8213408188260715,1146.4,7.5,0.0112875412748602
Thailand,THA,2024,5519.714389471606,525630.7814060702,0.6461216336432691,925.82,8.2,0.0105011247147784
Thailand,THA,2025,5983.978404684055,576671.1996291743,0.5333394230235964,817.42,7.5,0.0103767595963384
Timor Leste,TLS,2000,,,,,,
Timor Leste,TLS,2001,,,,,,
Timor Leste,TLS,2002,,,,,,
Timor Leste,TLS,2003,,,,,,
Timor Leste,TLS,2004,,,0.0,0.0,,
Timor Leste,TLS,2005,8.23,462.3,0.0,0.0,,0.017802292883409
Timor Leste,TLS,2006,17.105,453.8,0.0,0.0,,0.0376928162185985
Timor Leste,TLS,2007,23.735,542.8,0.0,0.0,,0.0437269712601326
Timor Leste,TLS,2008,23.651,648.5,0.0,0.0,,0.0364703161141094
Timor Leste,TLS,2009,36.481,726.9,0.0,0.0,,0.0501870958866419
Timor Leste,TLS,2010,26.389,881.7999999999998,0.0144251308860243,18.0,,0.029926287139941
Timor Leste,TLS,2011,20.53,1042.4,0.0248633494200738,32.4,,0.0196949347659247
Timor Leste,TLS,2012,33.388,1160.4,0.0245984119447458,32.4,,0.0287728369527749
Timor Leste,TLS,2013,31.683,1395.5,0.0240028536726032,32.4,,0.0227036904335363
Timor Leste,TLS,2014,29.624,1447.3000000000002,0.0234753315564536,32.4,,0.0204684585089476
Timor Leste,TLS,2015,36.959,1590.0000000000002,0.0102207751308099,14.4,,0.0232446540880503
Timor Leste,TLS,2016,26.217,1639.9999999999995,0.0,0.0,,0.0159859756097561
Timor Leste,TLS,2017,25.442,1585.0,0.0,0.0,1.4,0.0160517350157728
Timor Leste,TLS,2018,20.61,1556.0,0.0,0.0,1.3,0.013245501285347
Timor Leste,TLS,2019,34.4,2033.0,0.0,0.0,1.3,0.0169208066896212
Timor Leste,TLS,2020,38.456,2163.0000000000005,0.0,0.0,1.2,0.0177790106333795
Timor Leste,TLS,2021,39.222,3625.0,0.0,0.0,1.1,0.0108198620689655
Timor Leste,TLS,2022,44.311,3208.9999999999995,0.0,0.0,1.1,0.0138083515113742
Timor Leste,TLS,2023,55.111,2080.0,0.0,0.0,1.3,0.026495673076923
Timor Leste,TLS,2024,43.423,2015.0,0.0,0.0,1.2,0.021549875930521
Timor Leste,TLS,2025,47.916,2125.0,0.0,0.0,1.3,0.0225487058823529
Togo,TGO,2000,,,,,,
Togo,TGO,2001,,,,,,
Togo,TGO,2002,,,,,,
Togo,TGO,2003,28.831211286992428,2111.0942876806607,,,,0.013656998389526
Togo,TGO,2004,31.71962103788675,2255.941395269599,0.0,0.0,,0.0140604809612512
Togo,TGO,2005,33.23803529313627,2280.576262446253,0.0,0.0,,0.0145744020230586
Togo,TGO,2006,,,0.0,0.0,,
Togo,TGO,2007,,,0.0,0.0,,
Togo,TGO,2008,57.00918926764998,3310.28014425922,0.0,0.0,,0.0172218624355757
Togo,TGO,2009,55.13081709326409,3365.713934762996,0.0,0.0,,0.0163801256321405
Togo,TGO,2010,56.83284303531156,3426.0222057555675,0.0005770052354409,0.72,,0.016588579881308
Togo,TGO,2011,59.01887400236508,3867.39243768358,0.0005525188760016,0.72,,0.0152606374846497
Togo,TGO,2012,62.93104968003652,3873.530684958876,0.0005466313765499,0.72,,0.0162464311756716
Togo,TGO,2013,72.41923730871993,4320.427495749331,0.00053339674828,0.72,,0.0167620536115858
Togo,TGO,2014,83.08001156110065,4569.1316310514585,0.0112449736344493,15.52,,0.0181828886251591
Togo,TGO,2015,69.97717474004565,4179.181672161637,0.0105046855511102,14.8,,0.0167442289494562
Togo,TGO,2016,82.01969041231563,6026.129114281212,0.0103964678983764,14.8,,0.0136106759176365
Togo,TGO,2017,88.41411492217038,6324.421812732042,0.0101602539788893,14.8,2.3,0.0139797941282441
Togo,TGO,2018,104.3789946450164,7108.393432947543,0.0101648882233176,14.8,2.5,0.0146839079223186
Togo,TGO,2019,170.5668324350892,7219.8160960341875,0.004455183330794,6.48,3.3,0.0236248167773665
Togo,TGO,2020,163.92687716127685,7575.182025127287,0.0083062707563109,11.64,4.1,0.0216399918335325
Togo,TGO,2021,198.77324063523204,8332.515974556101,0.0159611162425821,21.64,3.8,0.0238551286600829
Togo,TGO,2022,336.608323297713,8127.619392454269,0.0586262260717247,80.54,3.9,0.0414153649480956
Togo,TGO,2023,276.3490766788107,9070.453063133691,0.0592076110151662,82.64,5.1,0.0304669540490777
Togo,TGO,2024,212.9490351311232,9775.093439438791,0.0536120022212481,76.82,5.2,0.0217848592906493
Togo,TGO,2025,204.9475494411006,10936.404127257092,0.0497571192285232,76.25999999999999,5.5,0.018739939294151
Tonga,TON,2004,,,0.0,0.0,,
Tonga,TON,2005,,,0.0,0.0,,
Tonga,TON,2006,,,0.0,0.0,,
Tonga,TON,2007,,,0.0,0.0,,
Tonga,TON,2008,,,0.0,0.0,,
Tonga,TON,2009,,,0.0,0.0,,
Tonga,TON,2010,,,0.0,0.0,,
Tonga,TON,2011,,,0.0,0.0,,
Tonga,TON,2012,,,0.0,0.0,,
Tonga,TON,2013,,,0.0,0.0,,
Tonga,TON,2014,,,0.0,0.0,,
Tonga,TON,2015,,,0.0,0.0,,
Tonga,TON,2016,,,0.0,0.0,,
Tonga,TON,2017,,,0.0,0.0,,
Tonga,TON,2018,,,0.0,0.0,,
Tonga,TON,2019,,,0.0048126980425244,7.0,,
Tonga,TON,2020,,,0.0099903600161815,14.0,,
Tonga,TON,2021,,,0.0103260456282878,14.0,,
Tonga,TON,2022,,,0.0101908016514048,14.0,,
Tonga,TON,2023,,,0.0100303310045054,14.0,,
Tonga,TON,2024,,,0.0048852384216185,7.0,,
Tonga,TON,2025,,,0.0,0.0,,
Trinidad and Tobago,TTO,2000,,,,,,
Trinidad and Tobago,TTO,2001,13.945440719243024,8960.361552223008,,,,0.0015563479930989
Trinidad and Tobago,TTO,2002,19.492116735054445,9148.03890019044,,,,0.002130742659462
Trinidad and Tobago,TTO,2003,33.736557004654415,11463.551462741403,,,,0.0029429411220688
Trinidad and Tobago,TTO,2004,75.88915048285519,13471.60129253307,0.0131592796523553,12.74,,0.0056332687432575
Trinidad and Tobago,TTO,2005,97.75285892983004,16169.845216659893,0.0020475783495617,2.0,,0.0060453800033357
Trinidad and Tobago,TTO,2006,115.56046309732774,18600.50711154955,0.0014450674933223,1.5,,0.006212758738474
Trinidad and Tobago,TTO,2007,124.75051477316003,21937.29684131396,0.0052555880350501,5.92,,0.0056866858152833
Trinidad and Tobago,TTO,2008,139.0984556629138,28193.238775082005,0.0050341210513931,5.92,,0.0049337522649527
Trinidad and Tobago,TTO,2009,138.52371021880154,19519.76648154282,0.0049202798309418,5.92,,0.0070965864448114
Trinidad and Tobago,TTO,2010,143.06306475874086,22521.907032107545,0.0239777731172138,29.92,,0.0063521736660571
Trinidad and Tobago,TTO,2011,146.08069523972975,25789.3898184925,0.03216887678054,41.92,,0.0056643719090624
Trinidad and Tobago,TTO,2012,168.7624424536519,26318.581127714013,0.0364420917699939,48.0,,0.0064122925789468
Trinidad and Tobago,TTO,2013,211.17602593971716,27674.5634401246,0.0355597832186715,48.0,,0.0076306904134769
Trinidad and Tobago,TTO,2014,188.8858067564197,28780.36024087449,0.0347782689725238,48.0,,0.0065630105104855
Trinidad and Tobago,TTO,2015,202.10690545973884,26841.139276068105,0.0496843235525483,70.0,,0.0075297439270746
Trinidad and Tobago,TTO,2016,215.9892337143688,23624.334604561453,0.0618168361525088,88.0,,0.0091426589290123
Trinidad and Tobago,TTO,2017,201.6033571673532,23847.76219572905,0.0521742771888911,76.0,0.6,0.0084537641524896
Trinidad and Tobago,TTO,2018,165.96755912126335,23888.91607899793,0.0521980746602798,76.0,0.6,0.006947471311483
Trinidad and Tobago,TTO,2019,172.9261930672382,23588.03585918097,0.0522521501759797,76.0,0.6,0.0073310975996304
Trinidad and Tobago,TTO,2020,170.5771015826728,20991.3337323633,0.0214079143203889,30.0,0.5,0.008126072585835
Trinidad and Tobago,TTO,2021,207.6967905430641,24177.29873380349,0.0236023900075151,32.0,0.5,0.0085905705525602
Trinidad and Tobago,TTO,2022,218.2849940405729,28510.32325738112,0.0232932609174967,32.0,0.5,0.0076563493184546
Trinidad and Tobago,TTO,2023,244.542346242869,25489.36475809927,0.0229264708674409,32.0,0.5,0.0095938972416001
Trinidad and Tobago,TTO,2024,238.06231987068884,24252.92109020164,0.0223325184988276,32.0,0.6,0.0098158204937576
Trinidad and Tobago,TTO,2025,229.89916050605453,24474.63223331967,0.0208789380450136,32.0,0.6,0.0093933652736595
Tunisia,TUN,2000,332.3897627454986,21473.53813697931,,,,0.015479040325129
Tunisia,TUN,2001,335.6479068054021,22065.949276122643,,,,0.0152111247336457
Tunisia,TUN,2002,345.4242366694098,23141.78633055636,,,,0.0149264292624339
Tunisia,TUN,2003,407.3855610573863,27453.97169459044,,,,0.0148388570363995
Tunisia,TUN,2004,444.6514167342449,31183.867972643417,0.0456546436918452,44.2,,0.0142590206296512
Tunisia,TUN,2005,468.4645799773398,32272.25977778177,0.2172480628885024,212.2,,0.0145160141621027
Tunisia,TUN,2006,497.2126639719913,34376.76861607113,0.2061629623806542,214.0,,0.0144636242435987
Tunisia,TUN,2007,490.6505587812949,38909.82944160127,0.1512757096575247,170.4,,0.0126099385636654
Tunisia,TUN,2008,578.9114873309851,44855.1299283661,0.1473330765818216,173.26000000000002,,0.0129062492574541
Tunisia,TUN,2009,564.7759337021484,43613.73831567146,0.1440012978900311,173.26000000000002,,0.0129494960880069
Tunisia,TUN,2010,571.1890456895346,46206.331261102,0.0097610052328765,12.18,,0.0123617052057621
Tunisia,TUN,2011,715.2395970961371,48123.52181438356,0.013275800770595,17.299999999999997,,0.0148625780102893
Tunisia,TUN,2012,681.2259506111186,47311.49924520089,0.0131343372421019,17.299999999999997,,0.0143987394498013
Tunisia,TUN,2013,759.3588812428447,48685.04718629714,0.0398862235102765,53.84,,0.015597373837127
Tunisia,TUN,2014,908.3599628904236,50272.08238332955,0.0753456706344324,103.99,,0.0180688748073749
Tunisia,TUN,2015,979.3068297655452,45770.73569924888,0.074015446572282,104.28,,0.0213959162946471
Tunisia,TUN,2016,987.0051675175756,44360.08725550952,0.0984362869323985,140.13,,0.0222498472970201
Tunisia,TUN,2017,856.6911559564771,42163.53927471031,0.1634771135130348,238.13,5.3,0.0203182932622148
Tunisia,TUN,2018,843.6768002417975,42686.500876720645,0.2601593250074657,378.79,5.0,0.0197644872011962
Tunisia,TUN,2019,998.7277498210908,41905.63765860534,0.2359184580445485,343.14,5.6,0.0238327777746152
Tunisia,TUN,2020,1152.698061828301,42491.77588204448,0.2509221637492793,351.63,6.1,0.0271275567542327
Tunisia,TUN,2021,1231.004127203763,47073.23997423492,0.2418581158551341,327.91,5.5,0.0261508264117265
Tunisia,TUN,2022,1146.732826395154,44948.76917128496,0.192904596117057,265.01,5.0,0.0255119961577887
Tunisia,TUN,2023,1207.27584911735,48196.28695605527,0.0855802170348693,119.45,5.1,0.0250491464252864
Tunisia,TUN,2024,1315.2263109623648,52631.46060752965,0.1279583520862515,183.35,4.6,0.0249893560957759
Tunisia,TUN,2025,1484.8591137612534,59514.31792497939,0.1141882171018076,175.01000000000002,4.5,0.0249496115478125
Turkmenistan,TKM,2000,,,,,,
Turkmenistan,TKM,2001,,,,,,
Turkmenistan,TKM,2002,,,,,,
Turkmenistan,TKM,2003,,,,,,
Turkmenistan,TKM,2004,,,0.0397670538944805,38.5,,
Turkmenistan,TKM,2005,,,0.0394158832290638,38.5,,
Turkmenistan,TKM,2006,,,0.0370900656619401,38.5,,
Turkmenistan,TKM,2007,,,0.0341790775928092,38.5,,
Turkmenistan,TKM,2008,,,0.0235549245141201,27.7,,
Turkmenistan,TKM,2009,,,0.0375670014119208,45.2,,
Turkmenistan,TKM,2010,,,0.0621082024259383,77.5,,
Turkmenistan,TKM,2011,,,0.240967294796216,314.01,,
Turkmenistan,TKM,2012,,,0.3231654329753252,425.66,,
Turkmenistan,TKM,2013,,,0.3611984980436563,487.56000000000006,,
Turkmenistan,TKM,2014,,,0.3775326006421518,521.0600000000001,,
Turkmenistan,TKM,2015,,,0.4670397391544622,658.01,,
Turkmenistan,TKM,2016,,,0.6001361094337829,854.3299999999999,,
Turkmenistan,TKM,2017,,,0.5841528184578864,850.9100000000001,3.3,
Turkmenistan,TKM,2018,,,0.5369602203967548,781.81,3.3,
Turkmenistan,TKM,2019,,,0.4883582209407917,710.31,3.0,
Turkmenistan,TKM,2020,,,0.3860988707396555,541.06,3.0,
Turkmenistan,TKM,2021,,,0.3618467660558393,490.59,2.8,
Turkmenistan,TKM,2022,,,0.2783253513879398,382.36,2.6,
Turkmenistan,TKM,2023,,,0.2739426687773349,382.36,2.2,
Turkmenistan,TKM,2024,,,0.2668456804128669,382.36,2.0,
Turkmenistan,TKM,2025,,,0.2494772109653572,382.36,1.8,
Türkiye,TUR,2000,9993.730196938994,274748.46253872645,,,,0.0363741078097219
Türkiye,TUR,2001,7216.051044802912,202194.7502835369,,,,0.0356886172103077
Türkiye,TUR,2002,9050.377181982842,240777.36908102944,,,,0.037588155467124
Türkiye,TUR,2003,10277.90177827822,315391.84950262844,,,,0.0325877215739291
Türkiye,TUR,2004,10920.773882177982,410155.9219664128,3.242502283506868,3139.19,,0.0266259080932452
Türkiye,TUR,2005,12081.156313728992,508315.34556929977,3.1061968320686804,3034.02,,0.0237670501570209
Türkiye,TUR,2006,13036.508103188771,559669.2939899892,2.944874143291736,3056.82,,0.02329323449255
Türkiye,TUR,2007,14987.758360003992,685229.0069305336,2.534063445778356,2854.42,,0.0218726268275496
Türkiye,TUR,2008,16809.57649517487,775417.13611777,2.679495965432596,3151.0200000000004,,0.0216781080946112
Türkiye,TUR,2009,16047.510903507187,653894.4495341815,3.002160268806856,3612.150000000001,,0.0245414392413623
Türkiye,TUR,2010,17650.464118175463,782545.1435605681,2.4085560900778904,3005.4500000000003,,0.0225552024230399
Türkiye,TUR,2011,17006.477805307622,844195.0273142481,2.5135771921435803,3275.5,,0.02014520016709
Türkiye,TUR,2012,17694.320712694876,885328.1158129175,3.099339168218365,4082.32,,0.0199861728060536
Türkiye,TUR,2013,18427.646196756963,962166.6330491604,3.132127930765101,4227.87,,0.0191522399174857
Türkiye,TUR,2014,17576.538470505897,942343.2524172025,3.654254157560919,5043.5,,0.0186519491973018
Türkiye,TUR,2015,15668.749999999998,865462.9143382352,3.5636294000880557,5020.780000000001,,0.0181044730402814
Türkiye,TUR,2016,17831.323597143626,870818.0893821362,3.1965696713676497,4550.51,,0.0204765195102863
Türkiye,TUR,2017,17609.831226300237,863874.6084629471,2.399371437260603,3495.06,8.8,0.0203847075186439
Türkiye,TUR,2018,19646.38109918412,788356.9616550573,2.1994895028298225,3202.44,9.3,0.0249206667217588
Türkiye,TUR,2019,20469.98568095401,775853.1020639141,1.6603670741050995,2414.98,9.4,0.0263838420269249
Türkiye,TUR,2020,15815.406712034832,733628.2034891349,1.483297295488232,2078.62,9.3,0.021557795402108
Türkiye,TUR,2021,15240.338328718564,839938.7109130492,1.477730886876769,2003.5,9.3,0.0181445838020153
Türkiye,TUR,2022,15047.270052334325,926097.4535124068,1.2840774037971947,1764.0500000000002,9.2,0.0162480417101511
Türkiye,TUR,2023,19233.041584176848,1141242.8588052762,1.409240012566572,1966.9700000000005,9.3,0.0168527158227401
Türkiye,TUR,2024,25012.152848366197,1359123.750403649,1.1211971123216111,1606.55,9.3,0.0184031460276798
Türkiye,TUR,2025,29986.711540600787,1571422.8092255902,1.2250325417823436,1877.54,9.2,0.0190825227714357
Uganda,UGA,2000,141.30302588052152,8007.616946352646,,,,0.0176460770822564
Uganda,UGA,2001,136.15734253784902,8088.97877304011,,,,0.016832451457488
Uganda,UGA,2002,142.19159411421103,8698.464039185783,,,,0.0163467473652418
Uganda,UGA,2003,152.37992178110937,9007.567333573676,,,,0.0169168784576438
Uganda,UGA,2004,196.0158537259018,11098.446149152627,0.077395983073076,74.93,,0.0176615583020932
Uganda,UGA,2005,216.66704105757944,12863.74888491242,0.08073601432322,78.86000000000001,,0.0168432268847927
Uganda,UGA,2006,218.53394851074285,14535.730131810258,0.0807889066600078,83.86000000000001,,0.0150342601664363
Uganda,UGA,2007,252.1192464128019,18079.90883234814,0.0451163824225082,50.82,,0.0139447189004468
Uganda,UGA,2008,311.8562693264513,23145.98531416532,0.0546950449367584,64.32,,0.0134734497189711
Uganda,UGA,2009,293.52767066077644,20493.2024785965,0.0473078256718259,56.92,,0.0143231723283533
Uganda,UGA,2010,608.6858685868588,24742.383787953902,0.0672130959672703,83.87,,0.0246009387698207
Uganda,UGA,2011,607.1350708552176,23914.37890010703,0.4194692611111354,546.62,,0.02538786699798
Uganda,UGA,2012,351.8382470374038,29915.09588756968,0.576825168001839,759.77,,0.0117612274538487
Uganda,UGA,2013,300.0755733718867,31996.423341023048,0.5676748976452385,766.27,,0.0093784098983074
Uganda,UGA,2014,325.6630272134627,35226.75286068704,0.5358461791941614,739.56,,0.0092447642989229
Uganda,UGA,2015,306.14469542677284,31027.750249840155,0.5034654460789877,709.33,,0.0098668028768328
Uganda,UGA,2016,318.3534500159873,31729.51204658984,0.1703124082406338,242.45,,0.0100333547376503
Uganda,UGA,2017,346.6578066647939,33363.968054376746,0.0346890292941403,50.53,5.9,0.0103901851871998
Uganda,UGA,2018,408.43653608372506,35440.65724885745,0.0278160792597543,40.5,6.5,0.0115245192326926
Uganda,UGA,2019,647.8078323354374,37712.52551042122,0.0427505091834529,62.18,6.7,0.0171775245377408
Uganda,UGA,2020,984.2885928501356,39887.121791269055,0.0958646403267019,134.34,6.3,0.0246768517919382
Uganda,UGA,2021,1060.8517273989455,45371.50856785416,0.1044995817582733,141.68,6.2,0.0233814515074458
Uganda,UGA,2022,924.6270596618634,50109.623066183725,0.1353338459306564,185.92,7.1,0.0184520857089792
Uganda,UGA,2023,975.1511085087828,51933.716537826615,0.1378095834797582,192.35,7.1,0.018776840432718
Uganda,UGA,2024,1116.609489075628,56590.84947974522,0.1180622548264585,169.17000000000002,7.7,0.0197312728001243
Uganda,UGA,2025,1296.9944642173004,66270.2668075856,0.06019658825103,92.26000000000002,7.3,0.0195712877991437
Ukraine,UKR,2000,1136.7166461712095,32375.101787975877,,,,0.035110828488372
Ukraine,UKR,2001,1088.575172742435,39309.14194662854,,,,0.02769267195454
Ukraine,UKR,2002,1176.3557377849368,43956.20487288374,,,,0.0267619950627407
Ukraine,UKR,2003,1427.984750660548,52010.33624680976,,,,0.0274557877088929
Ukraine,UKR,2004,1685.0341594005092,67217.87944758403,0.0,0.0,,0.0250682433490703
Ukraine,UKR,2005,2405.4925820482254,86141.51379682442,0.0,0.0,,0.0279248933066335
Ukraine,UKR,2006,2986.475247524753,107753.0693069307,0.0,0.0,,0.0277159181333191
Ukraine,UKR,2007,4096.039603960397,142719.00990099012,0.0,0.0,,0.0287000281658482
Ukraine,UKR,2008,4811.038840223116,179991.72238866042,0.0,0.0,,0.0267292227463356
Ukraine,UKR,2009,3452.51129473614,121552.15344412444,0.0,0.0,,0.0284035387026129
Ukraine,UKR,2010,3729.4572334430495,136012.4703237546,0.0,0.0,,0.0274199654235064
Ukraine,UKR,2011,3684.633313084558,163160.4907901541,0.0,0.0,,0.0225828771122261
Ukraine,UKR,2012,4136.914809354989,175780.719131326,0.0,0.0,,0.0235345197687141
Ukraine,UKR,2013,4386.419892405856,183310.14637808088,0.0,0.0,,0.023928953083474
Ukraine,UKR,2014,3961.5513786803726,133503.86718197132,0.0009274205059339,1.28,,0.0296736825853936
Ukraine,UKR,2015,3502.733744238736,91030.96876141553,0.0168642789658364,23.76,,0.0384784847607093
Ukraine,UKR,2016,3424.870090948365,93355.86897766232,0.0200623731876778,28.56,,0.0366861786886462
Ukraine,UKR,2017,3635.469103981135,112154.1585551838,0.0220779572946676,32.160000000000004,8.1,0.0324149291547879
Ukraine,UKR,2018,4758.108384986714,130891.08668952172,0.0680085967481698,99.02,7.7,0.0363516607992805
Ukraine,UKR,2019,6259.86634645386,153883.04552493102,0.0884436394557636,128.64,8.2,0.0406793765037596
Ukraine,UKR,2020,6842.438693147984,155498.84849929516,0.0886858530579314,124.28,8.1,0.0440031470276707
Ukraine,UKR,2021,6842.963433466808,199765.8567645007,0.1205639584571383,163.45999999999998,8.2,0.0342549199562857
Ukraine,UKR,2022,41538.01833794044,161989.52272462889,2.2761155488412728,3126.9,7.7,0.2564241047154156
Ukraine,UKR,2023,65296.67314475592,181221.5172906661,5.268474347249343,7353.56,8.2,0.3603141289233597
Ukraine,UKR,2024,64768.18859111081,190741.26376858857,8.837633587717002,12663.34,9.6,0.3395604459750722
Ukraine,UKR,2025,84109.04574185441,212605.86616023557,9.727706024552326,14909.12,9.7,0.395610183580088
United Arab Emirates,ARE,2000,5875.833900612663,70591.4220558203,,,,0.083237222448449
United Arab Emirates,ARE,2001,5797.957794417972,103311.63179732936,,,,0.056121055234052
United Arab Emirates,ARE,2002,5354.118447923757,109816.0910786034,,,,0.0487553180534483
United Arab Emirates,ARE,2003,5834.717494894487,124346.47618045993,,,,0.0469230626722928
United Arab Emirates,ARE,2004,6816.882232811437,147824.2499579853,2.5567426795825923,2475.28,,0.0461147763966259
United Arab Emirates,ARE,2005,6604.220558202859,180617.35315858625,4.40489387606172,4302.54,,0.0365647067832081
United Arab Emirates,ARE,2006,7165.418652144315,222116.4089180724,5.8202116388048015,6041.46,,0.0322597447304637
United Arab Emirates,ARE,2007,8460.993873383253,257916.133424098,5.892401955540389,6637.32,,0.0328052136989454
United Arab Emirates,ARE,2008,11571.681415929204,315474.64458083047,5.689347621280012,6690.53,,0.0366802264927009
United Arab Emirates,ARE,2009,13836.35125936011,253547.3337641977,5.111048721076317,6149.53,,0.0545710777311036
United Arab Emirates,ARE,2010,17504.697072838666,289880.43022464257,3.78845609667338,4727.32,,0.0603859220826787
United Arab Emirates,ARE,2011,19181.756296800544,350908.38992511906,3.084160365841165,4019.04,,0.0546631452753061
United Arab Emirates,ARE,2012,19024.098025867937,374817.9741320626,3.2941449250363397,4338.91,,0.0507555649376756
United Arab Emirates,ARE,2013,23561.061946902657,390427.2893124575,4.395885584915836,5933.74,,0.0603468625064443
United Arab Emirates,ARE,2014,22755.07147719537,403197.68277739966,4.395118232348109,6066.02,,0.0564365135247023
United Arab Emirates,ARE,2015,,,5.044406783727192,7107.040000000001,,
United Arab Emirates,ARE,2016,,,5.184922255494041,7381.05,,
United Arab Emirates,ARE,2017,,,4.9089953602651,7150.72,2.3,
United Arab Emirates,ARE,2018,,,4.114623125780052,5990.86,2.3,
United Arab Emirates,ARE,2019,,,4.128552389930846,6004.92,2.3,
United Arab Emirates,ARE,2020,,,3.549453602234815,4974.03,2.1,
United Arab Emirates,ARE,2021,,,2.994774504609805,4060.3,2.4,
United Arab Emirates,ARE,2022,,,2.8446166981089287,3907.9,2.3,
United Arab Emirates,ARE,2023,,,2.62326829021903,3661.47,2.6,
United Arab Emirates,ARE,2024,,,2.7892896870313875,3996.74,3.4,
United Arab Emirates,ARE,2025,,,2.743538131791772,4204.87,2.6,
United Kingdom,GBR,2000,39343.71127257817,1671519.417306799,,,,0.0235376932300133
United Kingdom,GBR,2001,39512.579943649725,1656278.2964205248,,,,0.0238562444663089
United Kingdom,GBR,2002,44245.26599830941,1790474.8487387274,,,,0.0247114702725242
United Kingdom,GBR,2003,52343.12227706736,2061321.986964302,,,,0.0253929869317276
United Kingdom,GBR,2004,60250.78254470321,2429863.781171043,4.056167193502662,3926.93,,0.0247959507078483
United Kingdom,GBR,2005,61653.635038461965,2551371.095894894,3.092416629776129,3020.5599999999995,,0.0241649029957505
United Kingdom,GBR,2006,64217.61952832726,2719623.468454627,2.031524051028994,2108.75,,0.0236126876654795
United Kingdom,GBR,2007,73448.03201416646,3104873.8224630435,1.9569874507743603,2204.3900000000003,,0.0236557220080207
United Kingdom,GBR,2008,72915.40766974038,2945435.9279807927,1.709126614862273,2009.89,,0.0247553874715335
United Kingdom,GBR,2009,64010.50666980102,2429286.249511231,1.810712845487588,2178.62,,0.0263495117887732
United Kingdom,GBR,2010,63979.11197026944,2496742.0141877285,2.090465926117845,2608.53,,0.0256250391937606
United Kingdom,GBR,2011,66569.55257313492,2675589.329975117,1.9802199777166063,2580.47,,0.0248803326532005
United Kingdom,GBR,2012,65452.48755424162,2719715.913668337,1.7690737528719025,2330.15,,0.0240659280718623
United Kingdom,GBR,2013,63837.72485543124,2796906.4864045177,1.6772882998312022,2264.07,,0.0228244044503239
United Kingdom,GBR,2014,66995.46865428948,3087544.870739338,1.52144058545738,2099.8500000000004,,0.0216986218691768
United Kingdom,GBR,2015,59990.20571932446,2945579.890258459,1.4643460680642584,2063.11,,0.0203661784620822
United Kingdom,GBR,2016,53327.36608771276,2704894.819322985,1.4081805029136802,2004.63,,0.0197151348387957
United Kingdom,GBR,2017,52075.008432054296,2689375.589989652,1.675453341264739,2440.5600000000004,0.3,0.0193632338398128
United Kingdom,GBR,2018,55832.91640524925,2896929.6429999624,1.644019570431824,2393.6800000000003,0.3,0.019273135107082
United Kingdom,GBR,2019,56567.60204081632,2873674.744897959,1.77347922867026,2579.5000000000005,0.3,0.0196847615205056
United Kingdom,GBR,2020,58332.3717948718,2723999.9999999995,1.990971711653377,2790.05,0.3,0.0214142334048721
United Kingdom,GBR,2021,65148.59579779919,3194844.566712517,2.498423618498639,3387.35,1.0,0.020391788845251
United Kingdom,GBR,2022,64015.76818940256,3182066.892535002,2.361288813214907,3243.91,0.3,0.0201176689087149
United Kingdom,GBR,2023,73609.22425837167,3420796.653789085,2.328570000784516,3250.1400000000003,0.3,0.0215181525557321
United Kingdom,GBR,2024,89814.56586193602,3685880.951202058,2.326741355448481,3333.96,0.3,0.024367191195539
United Kingdom,GBR,2025,88977.49694039256,3781024.615720193,2.158386319075846,3308.04,0.3,0.0235326415412517
United States of America,USA,2000,320086.3242111956,10284750.0,,,,0.0311224214697679
United States of America,USA,2001,331805.6105721368,10621825.0,,,,0.0312380980266702
United States of America,USA,2002,378463.1387538414,10977525.000000002,,,,0.0344761809928778
United States of America,USA,2003,440532.0695861917,11510675.000000002,,,,0.0382716104473622
United States of America,USA,2004,492999.3761593967,12274925.0,2.6668715961080345,2581.9,,0.0401631273640691
United States of America,USA,2005,533203.0,13039197.0,2.8978147834337813,2830.4800000000005,,0.0408923187524507
United States of America,USA,2006,558335.0,13815583.0,2.917446762268479,3028.3500000000004,,0.0404134230166037
United States of America,USA,2007,589586.0,14474227.000000002,2.978924115434375,3355.52,,0.0407335051467688
United States of America,USA,2008,656756.0,14769861.500000002,3.1138929921038274,3661.86,,0.044465955215626
United States of America,USA,2009,705917.0,14478066.8,3.3288602005545957,4005.23,,0.0487576835879773
United States of America,USA,2010,738005.0,15048971.0,3.5200845505005,4392.44,,0.0490402300595834
United States of America,USA,2011,752288.0,15599731.500000002,3.547501160481486,4622.83,,0.0482244197600452
United States of America,USA,2012,725205.0,16253970.0,3.734145222646756,4918.46,,0.0446170996993349
United States of America,USA,2013,679229.0,16880683.3,3.518284951655363,4749.12,,0.0402370560438154
United States of America,USA,2014,647789.0,17608138.300000004,3.172046212784173,4377.97,,0.0367891817387645
United States of America,USA,2015,633829.639,18295019.0,2.761440507529624,3890.58,,0.0346449292564276
United States of America,USA,2016,639856.443,18804914.0,2.3892698897777707,3401.2699999999995,,0.0340260233575117
United States of America,USA,2017,646752.927,19612103.0,1.9002901507664989,2768.07,2.3,0.0329772348737919
United States of America,USA,2018,682491.4,20656516.0,1.6352077112490422,2380.85,1.9,0.0330400053910349
United States of America,USA,2019,734344.1,21539982.0,1.8525793586406083,2694.55,2.6,0.0340921408383721
United States of America,USA,2020,778397.2,21375281.5,2.154207058346343,3018.8,2.1,0.0364157636941529
United States of America,USA,2021,806230.2,23725645.5,2.576990074236155,3493.87,2.3,0.0339813810334475
United States of America,USA,2022,860692.2,26054614.3,2.7921704653243773,3835.85,1.9,0.0330341562569206
United States of America,USA,2023,916014.7,27811517.0,3.1146971932626264,4347.389999999999,1.9,0.0329365241025867
United States of America,USA,2024,1004901.0,29298012.8,3.1532678650900934,4518.28,2.0,0.0342992887217251
United States of America,USA,2025,954387.0,30615743.0,2.908292526971347,4457.38,1.9,0.0311730798106059
Uruguay,URY,2000,555.968792356772,22823.2338259116,,,,0.0243597728787044
Uruguay,URY,2001,523.00831137239,20898.78445240294,,,,0.0250257766217716
Uruguay,URY,2002,344.2630662840476,13606.482570447382,,,,0.0253014006008996
Uruguay,URY,2003,269.5267771999419,12045.645492348103,,,,0.0223754532184395
Uruguay,URY,2004,279.301971522835,13686.388862759852,0.0175181619233867,16.96,,0.020407280132366
Uruguay,URY,2005,347.3237848569771,17362.839378069006,0.0335598091493172,32.78,,0.0200038586601038
Uruguay,URY,2006,392.7986906710311,19579.45284006414,0.0388819493536598,40.36,,0.0200617807800672
Uruguay,URY,2007,416.0453325380256,23410.591794128923,0.0270236655045484,30.44,,0.0177716708828507
Uruguay,URY,2008,567.7039328283046,30366.217486980477,0.0919577450164965,108.14,,0.0186952468832085
Uruguay,URY,2009,577.0560085076214,31660.91146756469,0.1142635255334264,137.48,,0.0182261337958887
Uruguay,URY,2010,755.6594696724212,40284.48151231598,0.1101919720460197,137.5,,0.0187580785777619
Uruguay,URY,2011,824.8335421606901,47962.439552246535,0.0996989616251851,129.92000000000002,,0.0171974893241654
Uruguay,URY,2012,924.6403355883134,57529.53455647888,0.0964500695512505,127.04,,0.0160724459656554
Uruguay,URY,2013,1045.084368408718,61941.27084613653,0.0387749802846931,52.34,,0.0168721815702608
Uruguay,URY,2014,1034.4994466795936,59420.02721806718,0.0233666494659144,32.25,,0.0174099456885648
Uruguay,URY,2015,969.9068455187156,54926.069544342776,0.0177798900713048,25.05,,0.0176584061733325
Uruguay,URY,2016,987.0833416217434,57480.78838866908,0.0175967243820494,25.05,,0.0171724043683493
Uruguay,URY,2017,1164.9579445118634,65006.03999293286,0.0171969163629174,25.05,0.2,0.017920764664922
Uruguay,URY,2018,1271.7686398622643,65344.57563860347,0.0218613778478514,31.83,0.2,0.0194624974978174
Uruguay,URY,2019,1154.4452441648966,62222.32580764945,0.0155243888286002,22.58,0.3,0.0185535533939004
Uruguay,URY,2020,1090.4106111577798,53559.35477889526,0.0245905575826868,34.46,0.3,0.0203589198499353
Uruguay,URY,2021,1246.3415559444677,60739.06099520383,0.0279835836526601,37.94,0.2,0.0205196052675704
Uruguay,URY,2022,1299.0926048743768,70594.08780136096,0.0350781951129428,48.19,0.2,0.0184022861592855
Uruguay,URY,2023,1510.4836252996995,77991.63227862676,0.0275189295630752,38.41,0.2,0.0193672523727092
Uruguay,URY,2024,1583.089131659923,80961.50787525062,0.0357180717740624,51.17999999999999,0.1,0.0195536023624859
Uruguay,URY,2025,1954.31686468679,85548.89923536063,0.0179428373824336,27.5,0.1,0.0228444419759289
Uzbekistan,UZB,2000,115.3753846153846,12557.051211362184,,,,0.0091880954113643
Uzbekistan,UZB,2001,59.76061046511628,8974.126529192268,,,,0.0066592119322943
Uzbekistan,UZB,2002,45.91443298969072,9628.156318029449,,,,0.0047687668825767
Uzbekistan,UZB,2003,54.1336954635028,12591.769140690229,,,,0.0042991334147455
Uzbekistan,UZB,2004,,,0.0180759335884002,17.5,,
Uzbekistan,UZB,2005,,,0.0179163105586653,17.5,,
Uzbekistan,UZB,2006,,,0.0091039252079307,9.45,,
Uzbekistan,UZB,2007,,,0.0,0.0,,
Uzbekistan,UZB,2008,,,0.0,0.0,,
Uzbekistan,UZB,2009,,,0.0,0.0,,
Uzbekistan,UZB,2010,,,0.0240418848100406,30.0,,
Uzbekistan,UZB,2011,,,0.0230216198334017,30.0,,
Uzbekistan,UZB,2012,,,0.0227763073562462,30.0,,
Uzbekistan,UZB,2013,,,0.0222248645116697,30.0,,
Uzbekistan,UZB,2014,,,0.0353579067887325,48.8,,
Uzbekistan,UZB,2015,,,0.0843994701947646,118.91,,
Uzbekistan,UZB,2016,,,0.123956805766724,176.45999999999998,,
Uzbekistan,UZB,2017,,,0.1247445777367553,181.71,3.9,
Uzbekistan,UZB,2018,1440.4668157583417,57844.279767188,0.2102414820297139,306.11,3.6,0.0249024937566158
Uzbekistan,UZB,2019,,,0.250989078200568,365.06,3.9,
Uzbekistan,UZB,2020,,,0.2547185005554283,356.95,3.9,
Uzbekistan,UZB,2021,,,0.2311927858704882,313.45,3.8,
Uzbekistan,UZB,2022,,,0.2401753574915021,329.95,3.6,
Uzbekistan,UZB,2023,,,0.1593389725287145,222.4,4.3,
Uzbekistan,UZB,2024,,,0.1337508490718849,191.65,4.9,
Uzbekistan,UZB,2025,,,0.0858972560508141,131.65,4.1,
Vanuatu,VUT,2004,,,0.0,0.0,,
Vanuatu,VUT,2005,,,0.0,0.0,,
Vanuatu,VUT,2006,,,0.0,0.0,,
Vanuatu,VUT,2007,,,0.0,0.0,,
Vanuatu,VUT,2008,,,0.0,0.0,,
Vanuatu,VUT,2009,,,0.0,0.0,,
Vanuatu,VUT,2010,,,0.0,0.0,,
Vanuatu,VUT,2011,,,0.0,0.0,,
Vanuatu,VUT,2012,,,0.0,0.0,,
Vanuatu,VUT,2013,,,0.0,0.0,,
Vanuatu,VUT,2014,,,0.0,0.0,,
Vanuatu,VUT,2015,,,0.0,0.0,,
Vanuatu,VUT,2016,,,0.0,0.0,,
Vanuatu,VUT,2017,,,0.0,0.0,,
Vanuatu,VUT,2018,,,0.0,0.0,,
Vanuatu,VUT,2019,,,0.0,0.0,,
Vanuatu,VUT,2020,,,0.0,0.0,,
Vanuatu,VUT,2021,,,0.0051630228141439,7.0,,
Vanuatu,VUT,2022,,,0.0050954008257024,7.0,,
Vanuatu,VUT,2023,,,0.0050151655022527,7.0,,
Vanuatu,VUT,2024,,,0.0048852384216185,7.0,,
Vanuatu,VUT,2025,,,0.0045672676973467,7.0,,
Venezuela,VEN,2000,1788.3220803362517,117146.40857571027,,,,0.0152657012884904
Venezuela,VEN,2001,1911.4001365285808,122911.09336178144,,,,0.0155510791113255
Venezuela,VEN,2002,1071.3639691631854,92889.5869761833,,,,0.0115337359551171
Venezuela,VEN,2003,987.890177726888,83529.04428237169,,,,0.0118269062721142
Venezuela,VEN,2004,1448.7159829326454,112451.5986105016,0.2907229867309219,281.46,,0.0128830181236512
Venezuela,VEN,2005,2665.390596961359,145513.48965187222,0.1991065187113852,194.48,,0.0183171374924624
Venezuela,VEN,2006,3630.0884955752217,183477.5221238938,0.4516221267963874,468.79,,0.019784922172232
Venezuela,VEN,2007,4351.560316721007,230364.012575687,1.0604658066737267,1194.53,,0.0188899310620025
Venezuela,VEN,2008,5660.456450861668,315600.20353982307,1.6329260088799515,1920.28,,0.0179355285179574
Venezuela,VEN,2009,4055.379599441081,329418.9795062879,1.8921468012030749,2276.6,,0.0123107041540806
Venezuela,VEN,2010,3991.194834744352,393807.5598553093,1.9768840483136103,2466.8,,0.0101348862784929
Venezuela,VEN,2011,3577.53158743851,316482.1908003637,2.0620848578441837,2687.15,,0.0113040534078431
Venezuela,VEN,2012,5114.847099993006,381286.2378476675,1.9813868979443772,2609.8,,0.0134147173233052
Venezuela,VEN,2013,6199.698500155424,371339.0961580433,2.1299198904758674,2875.05,,0.0166955178280414
Venezuela,VEN,2014,1554.7271082393247,133818.61020334958,1.9531475854969405,2695.6800000000003,,0.0116181680999135
Venezuela,VEN,2015,320.5391579635235,34050.06804554831,1.8613380087701348,2622.4300000000003,,0.0094137596886661
Venezuela,VEN,2016,218.15489292907492,48046.8688341703,1.487242831424645,2117.1800000000003,,0.0045404601428246
Venezuela,VEN,2017,2127.936596435706,95280.79151081132,0.9781166664893198,1424.78,8.0,0.0223333219917075
Venezuela,VEN,2018,,,0.2972405625194197,432.78,8.1,
Venezuela,VEN,2019,,,0.1695788531698079,246.65,8.3,
Venezuela,VEN,2020,,,0.1342276227888389,188.1,8.3,
Venezuela,VEN,2021,,,0.0685944459593409,93.0,7.2,
Venezuela,VEN,2022,,,0.067696039541475,93.0,7.5,
Venezuela,VEN,2023,,,0.1264538158782289,176.5,7.7,
Venezuela,VEN,2024,,,0.1231777973450962,176.5,7.5,
Venezuela,VEN,2025,,,0.063615514355901,97.5,7.3,
Viet Nam,VNM,2000,,,,,,
Viet Nam,VNM,2001,,,,,,
Viet Nam,VNM,2002,,,,,,
Viet Nam,VNM,2003,841.930159385155,39552.47072780729,,,,0.0212864112884163
Viet Nam,VNM,2004,915.0895465515052,45427.85469325543,0.5024593082329887,486.45,,0.0201437983970518
Viet Nam,VNM,2005,1026.4268013544445,57633.31630819287,0.7123013183537962,695.75,,0.0178096085234042
Viet Nam,VNM,2006,1286.5288667141838,66371.87230371009,0.6178048885284569,641.29,,0.0193836458436365
Viet Nam,VNM,2007,1784.2174218104822,77414.54570291398,0.5247154236683099,591.05,,0.0230475733676406
Viet Nam,VNM,2008,2052.1770067843604,99130.6081387788,0.6420630236240585,755.05,,0.0207017493921897
Viet Nam,VNM,2009,2892.6288155358016,106014.55602369751,0.4300673646150098,517.45,,0.027285204259019
Viet Nam,VNM,2010,2707.5307985322,147201.30511434108,0.3670795112413042,458.05000000000007,,0.0183933885397896
Viet Nam,VNM,2011,3029.5273479019784,172594.62853346742,1.098522633590431,1431.51,,0.0175528483918868
Viet Nam,VNM,2012,4739.05319761859,195590.6609871716,1.674855761441564,2206.05,,0.0242294451774945
Viet Nam,VNM,2013,5522.0365540237135,213708.9817536898,1.7637282062052562,2380.75,,0.0258390476090898
Viet Nam,VNM,2014,5629.704936637035,233451.4695290798,2.568012889985757,3544.3,,0.0241150974461344
Viet Nam,VNM,2015,6111.853627062402,239253.55930731632,3.0183226558173137,4252.5,,0.0255455076394991
Viet Nam,VNM,2016,6326.965795647538,257096.00132280012,2.923058269954685,4161.15,,0.0246093512271458
Viet Nam,VNM,2017,6404.624270566099,281353.6061658908,2.857125204191929,4161.85,1.3,0.022763611804534
Viet Nam,VNM,2018,6893.976431341405,310106.47846803674,3.025942992559577,4405.75,1.4,0.0222309977701803
Viet Nam,VNM,2019,7256.106136269742,334365.2703735863,2.3007102992288133,3346.35,1.3,0.0217011357912934
Viet Nam,VNM,2020,7160.003564806125,346615.73849380633,1.7943400186206038,2514.5,1.6,0.0206568911034432
Viet Nam,VNM,2021,7526.365988243411,366474.7528028762,1.3457787752410044,1824.6,1.9,0.020537201896393
Viet Nam,VNM,2022,7093.14136510936,413445.23076649103,0.8206143029793753,1127.35,1.6,0.017156181368834
Viet Nam,VNM,2023,7956.802474203452,433857.6812122928,0.4069448578970766,568.0,1.5,0.0183396602590287
Viet Nam,VNM,2024,8590.398540747652,476388.2303006004,0.3210299534206474,460.0,1.3,0.0180323483964478
Viet Nam,VNM,2025,10487.302148867117,486920.4538462722,0.3908276215300998,599.0,1.4,0.0215380193336016
Western Sahara,ESH,2004,,,0.0,0.0,,
Western Sahara,ESH,2005,,,0.0,0.0,,
Western Sahara,ESH,2006,,,0.0,0.0,,
Western Sahara,ESH,2007,,,0.0,0.0,,
Western Sahara,ESH,2008,,,0.0,0.0,,
Western Sahara,ESH,2009,,,0.0,0.0,,
Western Sahara,ESH,2010,,,0.0,0.0,,
Western Sahara,ESH,2011,,,0.0,0.0,,
Western Sahara,ESH,2012,,,0.0,0.0,,
Western Sahara,ESH,2013,,,0.0,0.0,,
Western Sahara,ESH,2014,,,0.0,0.0,,
Western Sahara,ESH,2015,,,0.0,0.0,,
Western Sahara,ESH,2016,,,0.0002107392141562,0.3,,
Western Sahara,ESH,2017,,,0.0002059510941666,0.3,,
Western Sahara,ESH,2018,,,0.0002060450315537,0.3,,
Western Sahara,ESH,2019,,,0.0002062584875367,0.3,,
Western Sahara,ESH,2020,,,0.0002140791432038,0.3,,
Western Sahara,ESH,2021,,,0.0,0.0,,
Western Sahara,ESH,2022,,,0.0,0.0,,
Western Sahara,ESH,2023,,,0.0,0.0,,
Western Sahara,ESH,2024,,,0.0,0.0,,
Western Sahara,ESH,2025,,,0.0,0.0,,
Yemen,YEM,2000,473.6640324515515,9636.342274824076,,,,0.0491539236509943
Yemen,YEM,2001,540.1014987668375,9854.042164674636,,,,0.0548101469164629
Yemen,YEM,2002,737.3665480427046,10693.278291814946,,,,
Yemen,YEM,2003,807.3132440800662,11777.768086869302,,,,0.0685455205201498
Yemen,YEM,2004,735.4851279386933,13873.500887561157,1.1609397460961406,1123.95,,0.05301366496456
Yemen,YEM,2005,815.627463983416,16753.78702828588,1.3130812818987112,1282.5700000000002,,0.048683170115889
Yemen,YEM,2006,822.1305360595587,19081.741089779694,1.2046467975666604,1250.44,,
Yemen,YEM,2007,1050.4993641714375,21656.552049981656,0.6495711502307178,731.69,,0.0485072305945547
Yemen,YEM,2008,1196.4117658837429,26910.87983820909,0.6077000452985859,714.64,,
Yemen,YEM,2009,1420.7752641153184,25130.23608926925,0.3881369393665272,467.0,,0.0565364869262806
Yemen,YEM,2010,1448.153376747575,30906.748941208614,0.3296382826304675,411.33,,
Yemen,YEM,2011,1612.2544434050517,32726.41721234799,0.3227324145711813,420.56000000000006,,0.0492646180284205
Yemen,YEM,2012,1618.8401267080628,35393.11689705203,0.2980507580638377,392.58,,0.0457388404478979
Yemen,YEM,2013,1648.750523523663,40415.23570198706,0.2773811256819791,374.42,,0.0407952717554632
Yemen,YEM,2014,1714.830843687468,43228.58671878636,0.2716110352027087,374.87,,
Yemen,YEM,2015,,,0.1041170488846188,146.69,,
Yemen,YEM,2016,,,0.0747140760588732,106.36,,
Yemen,YEM,2017,,,0.0505541285814466,73.64,9.7,
Yemen,YEM,2018,,,0.0406595528932706,59.2,9.5,
Yemen,YEM,2019,,,0.0368515164399015,53.6,9.4,
Yemen,YEM,2020,,,0.0150568997386735,21.1,10.0,
Yemen,YEM,2021,,,0.0104735605658348,14.2,9.8,
Yemen,YEM,2022,,,0.0073519354770849,10.1,10.0,
Yemen,YEM,2023,,,0.0010030331004505,1.4,10.0,
Yemen,YEM,2024,,,0.0009770476843237,1.4,9.5,
Yemen,YEM,2025,,,0.0009134535394693,1.4,9.5,
Zambia,ZMB,2000,,,,,,
Zambia,ZMB,2001,,,,,,
Zambia,ZMB,2002,,,,,,
Zambia,ZMB,2003,,,,,,
Zambia,ZMB,2004,98.34940404446228,6221.103716306833,0.04695611091021,45.46,,0.0158089960446516
Zambia,ZMB,2005,139.50935364624175,7547.888428363391,0.0022728119680135,2.22,,0.0184832294449391
Zambia,ZMB,2006,205.8522315691896,11803.822851068671,0.0306932335581665,31.86,,0.0174394545027039
Zambia,ZMB,2007,232.27866444140196,11255.40909227187,0.0308055582459865,34.7,,0.0206370699223085
Zambia,ZMB,2008,278.05513581051133,13367.470619330104,0.0309955595140678,36.45,,0.0208008787697223
Zambia,ZMB,2009,220.9622858003492,12760.324289403125,0.0302946283509848,36.45,,0.0173163534710358
Zambia,ZMB,2010,280.1877785513869,20265.38729326224,0.0291628062745793,36.39,,0.0138259276517524
Zambia,ZMB,2011,309.11376415185566,23459.66830749568,0.005578905872961,7.27,,0.013176391076812
Zambia,ZMB,2012,346.3014230899996,25503.304172555057,0.0479744953947065,63.190000000000005,,0.0135786885003969
Zambia,ZMB,2013,381.34580208269625,28045.568668385946,0.0455165225198995,61.440000000000005,,0.0135973638684875
Zambia,ZMB,2014,443.6046665349359,27150.565808575408,0.0445161842848305,61.440000000000005,,0.0163386895751109
Zambia,ZMB,2015,372.4475698205271,21243.454896129733,0.0539003932940074,75.94,,0.0175323445099498
Zambia,ZMB,2016,299.6555905893767,20965.129798630125,0.0839725522008058,119.54,,0.0142930472392761
Zambia,ZMB,2017,336.7102705542422,25873.57286472687,0.0717876863900308,104.57,1.9,0.0130136750851783
Zambia,ZMB,2018,378.2275697211167,26311.49424361815,0.0718204298319139,104.57,1.8,0.0143749939178332
Zambia,ZMB,2019,292.6842513576416,23308.7488186699,0.10166480850687,147.87,1.7,0.0125568409370479
Zambia,ZMB,2020,211.43591427432943,18137.765281953856,0.0971705231002456,136.17000000000002,1.9,0.0116572196732911
Zambia,ZMB,2021,217.03938413832557,22096.417390798077,0.0824977288231428,111.85,1.8,0.0098223789087506
Zambia,ZMB,2022,325.74873940385663,29174.631874660136,0.0497165537707822,68.3,2.5,0.011165478995702
Zambia,ZMB,2023,369.2110332279696,27577.956651472665,0.0525159473307319,73.3,2.1,0.0133879038934617
Zambia,ZMB,2024,348.99311504378034,26325.77252112414,0.0214950490551216,30.8,2.1,0.0132567093620422
Zambia,ZMB,2025,405.8587852056163,32206.72279840581,0.0182690707893869,28.0,2.6,0.0126016790887431
Zimbabwe,ZWE,2000,346.3,11340.0,,,,0.0305379188712522
Zimbabwe,ZWE,2001,286.7,11244.0,,,,0.0254980434009249
Zimbabwe,ZWE,2002,677.0,10735.000000000002,,,,0.0630647414997671
Zimbabwe,ZWE,2003,194.8,9574.0,,,,0.0203467725088782
Zimbabwe,ZWE,2004,256.1,9465.0,0.0488153497935883,47.26,,0.0270575805599577
Zimbabwe,ZWE,2005,131.4,9046.0,0.0652153704335419,63.7,,0.0145257572407694
Zimbabwe,ZWE,2006,161.7,8140.999999999999,0.0754325231514263,78.30000000000001,,0.0198624247635425
Zimbabwe,ZWE,2007,,,0.0695122539095316,78.30000000000001,,
Zimbabwe,ZWE,2008,,,0.0533174645139109,62.7,,
Zimbabwe,ZWE,2009,,,0.0408915148112058,49.2,,
Zimbabwe,ZWE,2010,98.293,12042.000000000002,0.0197143455442333,24.6,,0.0081625145324696
Zimbabwe,ZWE,2011,198.438,14102.0,0.0,0.0,,0.01407162104666
Zimbabwe,ZWE,2012,318.272,17116.0,0.0,0.0,,0.0185949988315026
Zimbabwe,ZWE,2013,356.7,19093.000000000004,0.0,0.0,,0.0186822395642382
Zimbabwe,ZWE,2014,368.1,19499.0,0.0,0.0,,0.0188778911739063
Zimbabwe,ZWE,2015,376.677,19969.000000000004,0.0,0.0,,0.0188630877860684
Zimbabwe,ZWE,2016,358.065,20555.000000000004,0.0,0.0,,0.0174198491851131
Zimbabwe,ZWE,2017,340.522,23124.375,0.0,0.0,4.1,0.0147256736668558
Zimbabwe,ZWE,2018,420.364,35641.66666666666,0.0,0.0,3.7,0.0117941734860883
Zimbabwe,ZWE,2019,546.9389999999999,83742.0,0.0,0.0,3.9,0.0065312388049007
Zimbabwe,ZWE,2020,242.1795918367347,24839.20480192077,0.0,0.0,5.0,0.0097498931132452
Zimbabwe,ZWE,2021,473.9452747252747,30230.36669851886,0.0,0.0,5.0,0.0156777878168608
Zimbabwe,ZWE,2022,332.7173372781065,33439.32798302234,0.0,0.0,4.8,0.0099498810935145
Zimbabwe,ZWE,2023,870.433537886873,414899.9852065783,0.0146156251779935,20.4,4.7,0.0020979358132622
Zimbabwe,ZWE,2024,98.39429271626754,28016.995125956484,0.0142369805430026,20.4,4.6,0.0035119502385575
Zimbabwe,ZWE,2025,159.63929270633508,28274.121821530767,0.0133103230036962,20.4,4.5,0.0056461273568104
,DMA,2016,,,,,,
,FSM,2016,,,,,,
,GRD,2016,,,,,,
,KIR,2016,,,,,,
,KNA,2016,,,,,,
,LCA,2016,,,,,,
,LIE,2016,,,,,,
,MHL,2016,,,,,,
,NRU,2016,,,,,,
,PLW,2016,,,,,,
,STP,2016,,,,,,
,TUV,2016,,,,,,
,VCT,2016,,,,,,
,WSM,2016,,,,,,
,DMA,2017,,,,,,
,FSM,2017,,,,,,
,GRD,2017,,,,,,
,KIR,2017,,,,,,
,KNA,2017,,,,,,
,LCA,2017,,,,,,
,LIE,2017,,,,,,
,MHL,2017,,,,,,
,NRU,2017,,,,,,
,PLW,2017,,,,,,
,STP,2017,,,,,,
,TUV,2017,,,,,,
,VCT,2017,,,,,,
,WSM,2017,,,,,,
,DMA,2018,,,,,,
,FSM,2018,,,,,,
,GRD,2018,,,,,,
,KIR,2018,,,,,,
,KNA,2018,,,,,,
,LCA,2018,,,,,,
,LIE,2018,,,,,,
,MHL,2018,,,,,,
,NRU,2018,,,,,,
,PLW,2018,,,,,,
,STP,2018,,,,,,
,TUV,2018,,,,,,
,VCT,2018,,,,,,
,WSM,2018,,,,,,
,DMA,2019,,,,,,
,FSM,2019,,,,,,
,GRD,2019,,,,,,
,KIR,2019,,,,,,
,KNA,2019,,,,,,
,LCA,2019,,,,,,
,LIE,2019,,,,,,
,MHL,2019,,,,,,
,NRU,2019,,,,,,
,PLW,2019,,,,,,
,STP,2019,,,,,,
,TUV,2019,,,,,,
,VCT,2019,,,,,,
,WSM,2019,,,,,,
,DMA,2020,,,,,,
,FSM,2020,,,,,,
,GRD,2020,,,,,,
,KIR,2020,,,,,,
,KNA,2020,,,,,,
,LCA,2020,,,,,,
,LIE,2020,,,,,,
,MHL,2020,,,,,,
,NRU,2020,,,,,,
,PLW,2020,,,,,,
,STP,2020,,,,,,
,TUV,2020,,,,,,
,VCT,2020,,,,,,
,WSM,2020,,,,,,
,DMA,2021,,,,,,
,FSM,2021,,,,,,
,GRD,2021,,,,,,
,KIR,2021,,,,,,
,KNA,2021,,,,,,
,LCA,2021,,,,,,
,LIE,2021,,,,,,
,MHL,2021,,,,,,
,NRU,2021,,,,,,
,PLW,2021,,,,,,
,STP,2021,,,,,,
,TUV,2021,,,,,,
,VCT,2021,,,,,,
,WSM,2021,,,,,,
,DMA,2022,,,,,,
,FSM,2022,,,,,,
,GRD,2022,,,,,,
,KIR,2022,,,,,,
,KNA,2022,,,,,,
,LCA,2022,,,,,,
,LIE,2022,,,,,,
,MHL,2022,,,,,,
,NRU,2022,,,,,,
,PLW,2022,,,,,,
,STP,2022,,,,,,
,TUV,2022,,,,,,
,VCT,2022,,,,,,
,WSM,2022,,,,,,
,DMA,2023,,,,,,
,FSM,2023,,,,,,
,GRD,2023,,,,,,
,KIR,2023,,,,,,
,KNA,2023,,,,,,
,LCA,2023,,,,,,
,LIE,2023,,,,,,
,MHL,2023,,,,,,
,NRU,2023,,,,,,
,PLW,2023,,,,,,
,STP,2023,,,,,,
,TUV,2023,,,,,,
,VCT,2023,,,,,,
,WSM,2023,,,,,,
,DMA,2024,,,,,,
,FSM,2024,,,,,,
,GRD,2024,,,,,,
,KIR,2024,,,,,,
,KNA,2024,,,,,,
,LCA,2024,,,,,,
,LIE,2024,,,,,,
,MHL,2024,,,,,,
,NRU,2024,,,,,,
,PLW,2024,,,,,,
,STP,2024,,,,,,
,TUV,2024,,,,,,
,VCT,2024,,,,,,
,WSM,2024,,,,,,
,DMA,2025,,,,,,
,FSM,2025,,,,,,
,GRD,2025,,,,,,
,KIR,2025,,,,,,
,KNA,2025,,,,,,
,LCA,2025,,,,,,
,LIE,2025,,,,,,
,MHL,2025,,,,,,
,NRU,2025,,,,,,
,PLW,2025,,,,,,
,STP,2025,,,,,,
,TUV,2025,,,,,,
,VCT,2025,,,,,,
,WSM,2025,,,,,,
