Country_Code,Country,Region,Year,Window,TIV_5Y_Sum,World_TIV_5Y_Sum,TIV_5Y_Share
AFG,Afghanistan,Asia,2004,2000-2004,34.4,96813.81,0.03553212088234106
AFG,Afghanistan,Asia,2005,2001-2005,67.80000000000001,97676.36,0.06941290605014357
AFG,Afghanistan,Asia,2006,2002-2006,71.16000000000001,103801.38,0.06855400188321197
AFG,Afghanistan,Asia,2007,2003-2007,76.72,112642.01,0.06810958007585269
AFG,Afghanistan,Asia,2008,2004-2008,224.41,117597.49,0.1908289028958016
AFG,Afghanistan,Asia,2009,2005-2009,550.68,120318.36,0.4576857596795701
AFG,Afghanistan,Asia,2010,2006-2010,882.48,124782.23,0.7072160835721562
AFG,Afghanistan,Asia,2011,2007-2011,1511.53,130312.29000000001,1.1599289675593913
AFG,Afghanistan,Asia,2012,2008-2012,1989.5600000000002,131715.82,1.5104943354564395
AFG,Afghanistan,Asia,2013,2009-2013,2094.73,134983.95,1.5518363479509971
AFG,Afghanistan,Asia,2014,2010-2014,2091.01,138017.22,1.5150355875882735
AFG,Afghanistan,Asia,2015,2011-2015,1856.8300000000002,140889.51,1.3179334643154057
AFG,Afghanistan,Asia,2016,2012-2016,1394.6200000000001,142356.04,0.9796704094887719
AFG,Afghanistan,Asia,2017,2013-2017,1111.5700000000002,145665.65,0.7630968591428385
AFG,Afghanistan,Asia,2018,2014-2018,1170.47,145599.24,0.8038984269423386
AFG,Afghanistan,Asia,2019,2015-2019,1227.27,145448.56,0.8437828466641403
AFG,Afghanistan,Asia,2020,2016-2020,1327.51,140135.09,0.9473073446486531
AFG,Afghanistan,Asia,2021,2017-2021,1222.1399999999999,135579.49,0.9014195288682676
AFG,Afghanistan,Asia,2022,2018-2022,987.2,137378.79,0.7185970993047762
AFG,Afghanistan,Asia,2023,2019-2023,675.44,139576.65,0.48392048383450964
AFG,Afghanistan,Asia,2024,2020-2024,296.09,143288.81,0.20663860632243367
AFG,Afghanistan,Asia,2025,2021-2025,64.83,153264.5,0.04229942354556992
ALB,Albania,Europe,2004,2000-2004,1.96,96813.81,0.002024504561900828
ALB,Albania,Europe,2005,2001-2005,9.3,97676.36,0.009521239325462168
ALB,Albania,Europe,2006,2002-2006,9.3,103801.38,0.008959418458598527
ALB,Albania,Europe,2007,2003-2007,14.05,112642.01,0.012473143900752482
ALB,Albania,Europe,2008,2004-2008,12.09,117597.49,0.010280831674213453
ALB,Albania,Europe,2009,2005-2009,12.09,120318.36,0.010048341749339003
ALB,Albania,Europe,2010,2006-2010,4.75,124782.23,0.0038066317615897713
ALB,Albania,Europe,2011,2007-2011,4.75,130312.29000000001,0.0036450898069552763
ALB,Albania,Europe,2012,2008-2012,14.5,131715.82,0.011008548555518994
ALB,Albania,Europe,2013,2009-2013,21.75,134983.95,0.016113026770960544
ALB,Albania,Europe,2014,2010-2014,29.0,138017.22,0.0210118708375665
ALB,Albania,Europe,2015,2011-2015,35.74,140889.51,0.0253673960538297
ALB,Albania,Europe,2016,2012-2016,35.74,142356.04,0.025106065046484854
ALB,Albania,Europe,2017,2013-2017,21.860000000000003,145665.65,0.015006969728278426
ALB,Albania,Europe,2018,2014-2018,15.49,145599.24,0.010638791795891242
ALB,Albania,Europe,2019,2015-2019,12.98,145448.56,0.008924117227423908
ALB,Albania,Europe,2020,2016-2020,18.54,140135.09,0.013230091050000397
ALB,Albania,Europe,2021,2017-2021,19.58,135579.49,0.014441712385848331
ALB,Albania,Europe,2022,2018-2022,18.96,137378.79,0.013801257093616853
ALB,Albania,Europe,2023,2019-2023,18.86,139576.65,0.013512288767498002
ALB,Albania,Europe,2024,2020-2024,52.47,143288.81,0.036618351426046455
ALB,Albania,Europe,2025,2021-2025,62.92,153264.5,0.04105321193100816
DZA,Algeria,Africa,2004,2000-2004,1652.1,96813.81,1.7064714217940602
DZA,Algeria,Africa,2005,2001-2005,1406.29,97676.36,1.4397444786026015
DZA,Algeria,Africa,2006,2002-2006,1206.71,103801.38,1.1625182632446698
DZA,Algeria,Africa,2007,2003-2007,1461.96,112642.01,1.2978816695476227
DZA,Algeria,Africa,2008,2004-2008,2779.91,117597.49,2.3639195020233847
DZA,Algeria,Africa,2009,2005-2009,3604.42,120318.36,2.995735646662737
DZA,Algeria,Africa,2010,2006-2010,4275.73,124782.23,3.426553604627838
DZA,Algeria,Africa,2011,2007-2011,5069.06,130312.29000000001,3.889932407756782
DZA,Algeria,Africa,2012,2008-2012,5223.64,131715.82,3.965841005279396
DZA,Algeria,Africa,2013,2009-2013,4062.59,134983.95,3.009683743882143
DZA,Algeria,Africa,2014,2010-2014,3701.8599999999997,138017.22,2.6821725578880664
DZA,Algeria,Africa,2015,2011-2015,3767.55,140889.51,2.6741167600057665
DZA,Algeria,Africa,2016,2012-2016,5550.700000000001,142356.04,3.8991671867242164
DZA,Algeria,Africa,2017,2013-2017,6046.82,145665.65,4.151163984096456
DZA,Algeria,Africa,2018,2014-2018,6964.1,145599.24,4.783060680811246
DZA,Algeria,Africa,2019,2015-2019,6415.81,145448.56,4.411050889744113
DZA,Algeria,Africa,2020,2016-2020,6120.1,140135.09,4.367285881073755
DZA,Algeria,Africa,2021,2017-2021,3368.25,135579.49,2.484335941962903
DZA,Algeria,Africa,2022,2018-2022,2660.2999999999997,137378.79,1.9364706880880225
DZA,Algeria,Africa,2023,2019-2023,1775.87,139576.65,1.2723259943550729
DZA,Algeria,Africa,2024,2020-2024,1814.69,143288.81,1.2664561873324234
DZA,Algeria,Africa,2025,2021-2025,1321.9,153264.5,0.8624958813032373
AGO,Angola,Africa,2004,2000-2004,510.97,96813.81,0.5277862734665644
AGO,Angola,Africa,2005,2001-2005,400.44000000000005,97676.36,0.40996613714925506
AGO,Angola,Africa,2006,2002-2006,249.69,103801.38,0.2405459349384372
AGO,Angola,Africa,2007,2003-2007,136.14,112642.01,0.1208607694411703
AGO,Angola,Africa,2008,2004-2008,117.49,117597.49,0.0999085949878692
AGO,Angola,Africa,2009,2005-2009,129.13,120318.36,0.10732360381241898
AGO,Angola,Africa,2010,2006-2010,90.65,124782.23,0.07264656193433953
AGO,Angola,Africa,2011,2007-2011,84.05,130312.29000000001,0.06449890489991389
AGO,Angola,Africa,2012,2008-2012,49.2,131715.82,0.03735314406424377
AGO,Angola,Africa,2013,2009-2013,50.6,134983.95,0.03748593814301626
AGO,Angola,Africa,2014,2010-2014,32.980000000000004,138017.22,0.02389556897320494
AGO,Angola,Africa,2015,2011-2015,81.57000000000001,140889.51,0.057896432459733874
AGO,Angola,Africa,2016,2012-2016,237.2,142356.04,0.16662447199289893
AGO,Angola,Africa,2017,2013-2017,350.51,145665.65,0.24062639338787148
AGO,Angola,Africa,2018,2014-2018,594.01,145599.24,0.4079760306441161
AGO,Angola,Africa,2019,2015-2019,761.44,145448.56,0.5235115424999739
AGO,Angola,Africa,2020,2016-2020,763.4899999999999,140135.09,0.5448242834824596
AGO,Angola,Africa,2021,2017-2021,607.86,135579.49,0.44834214968650493
AGO,Angola,Africa,2022,2018-2022,540.35,137378.79,0.3933285480240436
AGO,Angola,Africa,2023,2019-2023,281.25,139576.65,0.2015021853583676
AGO,Angola,Africa,2024,2020-2024,126.94,143288.81,0.08859030932003692
AGO,Angola,Africa,2025,2021-2025,160.3,153264.5,0.10459043026924045
ATG,Antigua and Barbuda,Americas,2004,2000-2004,0.0,96813.81,0.0
ATG,Antigua and Barbuda,Americas,2005,2001-2005,0.0,97676.36,0.0
ATG,Antigua and Barbuda,Americas,2006,2002-2006,0.0,103801.38,0.0
ATG,Antigua and Barbuda,Americas,2007,2003-2007,0.0,112642.01,0.0
ATG,Antigua and Barbuda,Americas,2008,2004-2008,0.0,117597.49,0.0
ATG,Antigua and Barbuda,Americas,2009,2005-2009,0.0,120318.36,0.0
ATG,Antigua and Barbuda,Americas,2010,2006-2010,0.0,124782.23,0.0
ATG,Antigua and Barbuda,Americas,2011,2007-2011,0.0,130312.29000000001,0.0
ATG,Antigua and Barbuda,Americas,2012,2008-2012,0.0,131715.82,0.0
ATG,Antigua and Barbuda,Americas,2013,2009-2013,0.0,134983.95,0.0
ATG,Antigua and Barbuda,Americas,2014,2010-2014,0.0,138017.22,0.0
ATG,Antigua and Barbuda,Americas,2015,2011-2015,0.0,140889.51,0.0
ATG,Antigua and Barbuda,Americas,2016,2012-2016,0.0,142356.04,0.0
ATG,Antigua and Barbuda,Americas,2017,2013-2017,0.0,145665.65,0.0
ATG,Antigua and Barbuda,Americas,2018,2014-2018,0.0,145599.24,0.0
ATG,Antigua and Barbuda,Americas,2019,2015-2019,0.0,145448.56,0.0
ATG,Antigua and Barbuda,Americas,2020,2016-2020,0.0,140135.09,0.0
ATG,Antigua and Barbuda,Americas,2021,2017-2021,0.0,135579.49,0.0
ATG,Antigua and Barbuda,Americas,2022,2018-2022,0.24,137378.79,0.00017469945688122597
ATG,Antigua and Barbuda,Americas,2023,2019-2023,0.54,139576.65,0.00038688419588806585
ATG,Antigua and Barbuda,Americas,2024,2020-2024,0.54,143288.81,0.0003768612496677166
ATG,Antigua and Barbuda,Americas,2025,2021-2025,0.54,153264.5,0.000352332079509606
ARG,Argentina,Americas,2004,2000-2004,400.6,96813.81,0.41378394260075085
ARG,Argentina,Americas,2005,2001-2005,195.56,97676.36,0.20021221102014858
ARG,Argentina,Americas,2006,2002-2006,199.32000000000002,103801.38,0.19202056851267296
ARG,Argentina,Americas,2007,2003-2007,208.63000000000002,112642.01,0.18521508982305984
ARG,Argentina,Americas,2008,2004-2008,218.34000000000003,117597.49,0.18566722810155217
ARG,Argentina,Americas,2009,2005-2009,72.26,120318.36,0.06005733455808407
ARG,Argentina,Americas,2010,2006-2010,80.06,124782.23,0.06415977659639518
ARG,Argentina,Americas,2011,2007-2011,86.66000000000001,130312.29000000001,0.06650178582541985
ARG,Argentina,Americas,2012,2008-2012,67.14,131715.82,0.05097337586327899
ARG,Argentina,Americas,2013,2009-2013,58.92,134983.95,0.04364963390091933
ARG,Argentina,Americas,2014,2010-2014,49.5,138017.22,0.035865089877915236
ARG,Argentina,Americas,2015,2011-2015,56.199999999999996,140889.51,0.039889414052188835
ARG,Argentina,Americas,2016,2012-2016,57.129999999999995,142356.04,0.04013177101582763
ARG,Argentina,Americas,2017,2013-2017,99.37,145665.65,0.06821786742447516
ARG,Argentina,Americas,2018,2014-2018,105.87,145599.24,0.07271329163531348
ARG,Argentina,Americas,2019,2015-2019,151.67000000000002,145448.56,0.10427741601566906
ARG,Argentina,Americas,2020,2016-2020,141.07,140135.09,0.10066714910590915
ARG,Argentina,Americas,2021,2017-2021,201.68,135579.49,0.14875406302236424
ARG,Argentina,Americas,2022,2018-2022,204.44,137378.79,0.14881482068665766
ARG,Argentina,Americas,2023,2019-2023,206.76000000000002,139576.65,0.14813365989225277
ARG,Argentina,Americas,2024,2020-2024,200.38,143288.81,0.13984343927484638
ARG,Argentina,Americas,2025,2021-2025,301.28,153264.5,0.19657520169380385
ARM,Armenia,Europe,2004,2000-2004,117.6,96813.81,0.12147027371404967
ARM,Armenia,Europe,2005,2001-2005,117.6,97676.36,0.1203976069542313
ARM,Armenia,Europe,2006,2002-2006,117.6,103801.38,0.11329329147647169
ARM,Armenia,Europe,2007,2003-2007,119.0,112642.01,0.10564442165050146
ARM,Armenia,Europe,2008,2004-2008,119.0,117597.49,0.10119263599928875
ARM,Armenia,Europe,2009,2005-2009,47.199999999999996,120318.36,0.03922925811156335
ARM,Armenia,Europe,2010,2006-2010,98.84,124782.23,0.07920999648748063
ARM,Armenia,Europe,2011,2007-2011,103.94,130312.29000000001,0.07976223884945924
ARM,Armenia,Europe,2012,2008-2012,102.53999999999999,131715.82,0.07784941854364949
ARM,Armenia,Europe,2013,2009-2013,154.94,134983.95,0.11478401691460353
ARM,Armenia,Europe,2014,2010-2014,109.14,138017.22,0.07907708907627613
ARM,Armenia,Europe,2015,2011-2015,57.5,140889.51,0.04081212291816474
ARM,Armenia,Europe,2016,2012-2016,164.8,142356.04,0.11576607497651661
ARM,Armenia,Europe,2017,2013-2017,186.60000000000002,145665.65,0.1281015805716722
ARM,Armenia,Europe,2018,2014-2018,134.20000000000002,145599.24,0.09217081078170465
ARM,Armenia,Europe,2019,2015-2019,382.5,145448.56,0.26297957160937174
ARM,Armenia,Europe,2020,2016-2020,382.5,140135.09,0.27295090758495966
ARM,Armenia,Europe,2021,2017-2021,302.1,135579.49,0.22282131316469772
ARM,Armenia,Europe,2022,2018-2022,309.3,137378.79,0.22514392505567998
ARM,Armenia,Europe,2023,2019-2023,316.74,139576.65,0.22692907445478883
ARM,Armenia,Europe,2024,2020-2024,100.24,143288.81,0.06995661419757761
ARM,Armenia,Europe,2025,2021-2025,121.24,153264.5,0.07910507651804559
AUS,Australia,Asia,2004,2000-2004,3391.1499999999996,96813.81,3.5027544107602004
AUS,Australia,Asia,2005,2001-2005,3522.93,97676.36,3.6067375975108
AUS,Australia,Asia,2006,2002-2006,3028.9300000000003,103801.38,2.91800552169923
AUS,Australia,Asia,2007,2003-2007,3009.0099999999998,112642.01,2.6713035394165994
AUS,Australia,Asia,2008,2004-2008,2674.17,117597.49,2.2740026168925884
AUS,Australia,Asia,2009,2005-2009,3032.59,120318.36,2.520471522384448
AUS,Australia,Asia,2010,2006-2010,4132.13,124782.23,3.3114731160037776
AUS,Australia,Asia,2011,2007-2011,4993.43,130312.29000000001,3.8318949041567762
AUS,Australia,Asia,2012,2008-2012,5162.17,131715.82,3.9191723515064476
AUS,Australia,Asia,2013,2009-2013,4951.93,134983.95,3.668532444042421
AUS,Australia,Asia,2014,2010-2014,4994.339999999999,138017.22,3.618635413754892
AUS,Australia,Asia,2015,2011-2015,4881.35,140889.51,3.464665325331886
AUS,Australia,Asia,2016,2012-2016,4311.6,142356.04,3.02874398585406
AUS,Australia,Asia,2017,2013-2017,5188.61,145665.65,3.561999689013848
AUS,Australia,Asia,2018,2014-2018,6521.19,145599.24,4.478862664393028
AUS,Australia,Asia,2019,2015-2019,6833.07,145448.56,4.697928944776077
AUS,Australia,Asia,2020,2016-2020,7019.98,140135.09,5.009437679028143
AUS,Australia,Asia,2021,2017-2021,7225.2699999999995,135579.49,5.329176264049968
AUS,Australia,Asia,2022,2018-2022,6370.070000000001,137378.79,4.636865705397463
AUS,Australia,Asia,2023,2019-2023,5193.719999999999,139576.65,3.7210521960514162
AUS,Australia,Asia,2024,2020-2024,5111.01,143288.81,3.566928917896659
AUS,Australia,Asia,2025,2021-2025,4305.33,153264.5,2.8090849479168365
AUT,Austria,Europe,2004,2000-2004,218.26,96813.81,0.22544304371452792
AUT,Austria,Europe,2005,2001-2005,218.91,97676.36,0.2241176882512821
AUT,Austria,Europe,2006,2002-2006,208.94,103801.38,0.2012882680365136
AUT,Austria,Europe,2007,2003-2007,396.39,112642.01,0.3519024562860695
AUT,Austria,Europe,2008,2004-2008,545.13,117597.49,0.46355581228817044
AUT,Austria,Europe,2009,2005-2009,775.15,120318.36,0.6442491403639478
AUT,Austria,Europe,2010,2006-2010,754.75,124782.23,0.6048537520126064
AUT,Austria,Europe,2011,2007-2011,755.5,130312.29000000001,0.5797611261378339
AUT,Austria,Europe,2012,2008-2012,493.0,131715.82,0.3742906508876458
AUT,Austria,Europe,2013,2009-2013,307.5,134983.95,0.22780486124461463
AUT,Austria,Europe,2014,2010-2014,23.85,138017.22,0.017280452395722797
AUT,Austria,Europe,2015,2011-2015,19.580000000000002,140889.51,0.013897415073698533
AUT,Austria,Europe,2016,2012-2016,26.08,142356.04,0.01832026235065263
AUT,Austria,Europe,2017,2013-2017,29.68,145665.65,0.020375428249556432
AUT,Austria,Europe,2018,2014-2018,30.78,145599.24,0.02114022023741333
AUT,Austria,Europe,2019,2015-2019,46.2,145448.56,0.03176380708066137
AUT,Austria,Europe,2020,2016-2020,59.32000000000001,140135.09,0.04233058258284917
AUT,Austria,Europe,2021,2017-2021,80.52000000000001,135579.49,0.05938951385641001
AUT,Austria,Europe,2022,2018-2022,76.20000000000002,137378.79,0.05546707755978926
AUT,Austria,Europe,2023,2019-2023,87.72000000000001,139576.65,0.06284718826537247
AUT,Austria,Europe,2024,2020-2024,83.64,143288.81,0.05837162022631076
AUT,Austria,Europe,2025,2021-2025,98.7,153264.5,0.06439847453258908
AZE,Azerbaijan,Europe,2004,2000-2004,96.30000000000001,96813.81,0.09946928026073967
AZE,Azerbaijan,Europe,2005,2001-2005,156.26,97676.36,0.15997729645126005
AZE,Azerbaijan,Europe,2006,2002-2006,323.83,103801.38,0.31197080424171625
AZE,Azerbaijan,Europe,2007,2003-2007,447.6,112642.01,0.3973650683257517
AZE,Azerbaijan,Europe,2008,2004-2008,481.23,117597.49,0.4092179178314095
AZE,Azerbaijan,Europe,2009,2005-2009,624.39,120318.36,0.518948230344895
AZE,Azerbaijan,Europe,2010,2006-2010,724.12,124782.23,0.5803069876215549
AZE,Azerbaijan,Europe,2011,2007-2011,1125.24,130312.29000000001,0.8634949167112327
AZE,Azerbaijan,Europe,2012,2008-2012,1309.8000000000002,131715.82,0.9944135791737091
AZE,Azerbaijan,Europe,2013,2009-2013,1674.47,134983.95,1.2404956292951863
AZE,Azerbaijan,Europe,2014,2010-2014,2169.46,138017.22,1.5718763209402422
AZE,Azerbaijan,Europe,2015,2011-2015,2357.52,140889.51,1.673311235165769
AZE,Azerbaijan,Europe,2016,2012-2016,2075.43,142356.04,1.4579149574545622
AZE,Azerbaijan,Europe,2017,2013-2017,1968.56,145665.65,1.3514236197758358
AZE,Azerbaijan,Europe,2018,2014-2018,1944.8600000000001,145599.24,1.3357624668919976
AZE,Azerbaijan,Europe,2019,2015-2019,1346.71,145448.56,0.9259012258354432
AZE,Azerbaijan,Europe,2020,2016-2020,1046.1100000000001,140135.09,0.7465011083234043
AZE,Azerbaijan,Europe,2021,2017-2021,759.51,135579.49,0.5601953510814948
AZE,Azerbaijan,Europe,2022,2018-2022,478.20000000000005,137378.79,0.3480886678358428
AZE,Azerbaijan,Europe,2023,2019-2023,106.6,139576.65,0.07637380607716261
AZE,Azerbaijan,Europe,2024,2020-2024,137.6,143288.81,0.09602982954495888
AZE,Azerbaijan,Europe,2025,2021-2025,550.05,153264.5,0.358889370989368
BHS,Bahamas,Americas,2004,2000-2004,33.0,96813.81,0.03408604619526904
BHS,Bahamas,Americas,2005,2001-2005,2.85,97676.36,0.0029177991481255036
BHS,Bahamas,Americas,2006,2002-2006,2.85,103801.38,0.0027456282373124518
BHS,Bahamas,Americas,2007,2003-2007,2.85,112642.01,0.0025301395101170513
BHS,Bahamas,Americas,2008,2004-2008,2.85,117597.49,0.0024235211142686806
BHS,Bahamas,Americas,2009,2005-2009,4.2,120318.36,0.0034907390692492817
BHS,Bahamas,Americas,2010,2006-2010,1.35,124782.23,0.0010818848164518297
BHS,Bahamas,Americas,2011,2007-2011,1.35,130312.29000000001,0.0010359728925030786
BHS,Bahamas,Americas,2012,2008-2012,1.35,131715.82,0.0010249338310310788
BHS,Bahamas,Americas,2013,2009-2013,1.35,134983.95,0.0010001189030251372
BHS,Bahamas,Americas,2014,2010-2014,30.0,138017.22,0.021736418107827414
BHS,Bahamas,Americas,2015,2011-2015,45.8,140889.51,0.03250774312438165
BHS,Bahamas,Americas,2016,2012-2016,65.6,142356.04,0.046081641495506614
BHS,Bahamas,Americas,2017,2013-2017,77.5,145665.65,0.053204032659724516
BHS,Bahamas,Americas,2018,2014-2018,77.5,145599.24,0.053228299818048504
BHS,Bahamas,Americas,2019,2015-2019,47.5,145448.56,0.03265759385998734
BHS,Bahamas,Americas,2020,2016-2020,31.700000000000003,140135.09,0.022621029465211034
BHS,Bahamas,Americas,2021,2017-2021,11.9,135579.49,0.008777138784044698
BHS,Bahamas,Americas,2022,2018-2022,0.0,137378.79,0.0
BHS,Bahamas,Americas,2023,2019-2023,0.0,139576.65,0.0
BHS,Bahamas,Americas,2024,2020-2024,0.0,143288.81,0.0
BHS,Bahamas,Americas,2025,2021-2025,0.0,153264.5,0.0
BHR,Bahrain,Middle East,2004,2000-2004,390.76000000000005,96813.81,0.40362010337161613
BHR,Bahrain,Middle East,2005,2001-2005,158.57,97676.36,0.1623422494450039
BHR,Bahrain,Middle East,2006,2002-2006,193.17,103801.38,0.18609579179005134
BHR,Bahrain,Middle East,2007,2003-2007,167.52,112642.01,0.1487189370999328
BHR,Bahrain,Middle East,2008,2004-2008,187.07,117597.49,0.15907652450745335
BHR,Bahrain,Middle East,2009,2005-2009,177.07,120318.36,0.14716789690285006
BHR,Bahrain,Middle East,2010,2006-2010,208.68,124782.23,0.16723535073864285
BHR,Bahrain,Middle East,2011,2007-2011,150.04,130312.29000000001,0.11513879466011992
BHR,Bahrain,Middle East,2012,2008-2012,146.95,131715.82,0.11156594553334595
BHR,Bahrain,Middle East,2013,2009-2013,194.54,134983.95,0.14412083807000756
BHR,Bahrain,Middle East,2014,2010-2014,195.23999999999998,138017.22,0.1414606090457408
BHR,Bahrain,Middle East,2015,2011-2015,114.53999999999999,140889.51,0.08129774885298414
BHR,Bahrain,Middle East,2016,2012-2016,140.25,142356.04,0.09852058261806101
BHR,Bahrain,Middle East,2017,2013-2017,143.23,145665.65,0.09832791739164312
BHR,Bahrain,Middle East,2018,2014-2018,146.32999999999998,145599.24,0.10050189822419402
BHR,Bahrain,Middle East,2019,2015-2019,166.20999999999998,145448.56,0.11427407737828411
BHR,Bahrain,Middle East,2020,2016-2020,176.07,140135.09,0.12564304914636298
BHR,Bahrain,Middle East,2021,2017-2021,330.25,135579.49,0.2435840406244337
BHR,Bahrain,Middle East,2022,2018-2022,562.79,137378.79,0.4096629472424382
BHR,Bahrain,Middle East,2023,2019-2023,784.7,139576.65,0.5622000528025283
BHR,Bahrain,Middle East,2024,2020-2024,1613.88,143288.81,1.1263126548402491
BHR,Bahrain,Middle East,2025,2021-2025,1616.2199999999998,153264.5,1.0545299139722504
BGD,Bangladesh,Asia,2004,2000-2004,551.49,96813.81,0.5696398065523917
BGD,Bangladesh,Asia,2005,2001-2005,361.39000000000004,97676.36,0.3699871698740617
BGD,Bangladesh,Asia,2006,2002-2006,307.99,103801.38,0.2967108915122323
BGD,Bangladesh,Asia,2007,2003-2007,352.87,112642.01,0.31326678208245756
BGD,Bangladesh,Asia,2008,2004-2008,356.56,117597.49,0.30320375035215463
BGD,Bangladesh,Asia,2009,2005-2009,324.67,120318.36,0.26984244133646773
BGD,Bangladesh,Asia,2010,2006-2010,350.65,124782.23,0.28100956362135854
BGD,Bangladesh,Asia,2011,2007-2011,249.98999999999998,130312.29000000001,0.1918391580717367
BGD,Bangladesh,Asia,2012,2008-2012,367.12,131715.82,0.2787212652208368
BGD,Bangladesh,Asia,2013,2009-2013,1003.8800000000001,134983.95,0.7437032328658333
BGD,Bangladesh,Asia,2014,2010-2014,1210.68,138017.22,0.8771948891594833
BGD,Bangladesh,Asia,2015,2011-2015,1812.48,140889.51,1.2864548964646125
BGD,Bangladesh,Asia,2016,2012-2016,2147.09,142356.04,1.508253531076026
BGD,Bangladesh,Asia,2017,2013-2017,2281.89,145665.65,1.566525807559984
BGD,Bangladesh,Asia,2018,2014-2018,1794.04,145599.24,1.2321767613622159
BGD,Bangladesh,Asia,2019,2015-2019,2300.6899999999996,145448.56,1.5817894656365108
BGD,Bangladesh,Asia,2020,2016-2020,1733.05,140135.09,1.2366995304316712
BGD,Bangladesh,Asia,2021,2017-2021,1338.26,135579.49,0.9870667016080383
BGD,Bangladesh,Asia,2022,2018-2022,1335.4,137378.79,0.9720568946632882
BGD,Bangladesh,Asia,2023,2019-2023,1248.5700000000002,139576.65,0.894540741592523
BGD,Bangladesh,Asia,2024,2020-2024,604.8,143288.81,0.4220845996278425
BGD,Bangladesh,Asia,2025,2021-2025,566.4399999999999,153264.5,0.36958330206929846
BRB,Barbados,Americas,2004,2000-2004,0.0,96813.81,0.0
BRB,Barbados,Americas,2005,2001-2005,0.0,97676.36,0.0
BRB,Barbados,Americas,2006,2002-2006,0.0,103801.38,0.0
BRB,Barbados,Americas,2007,2003-2007,10.0,112642.01,0.008877682491638776
BRB,Barbados,Americas,2008,2004-2008,20.0,117597.49,0.017007165714166175
BRB,Barbados,Americas,2009,2005-2009,30.0,120318.36,0.024933850494637724
BRB,Barbados,Americas,2010,2006-2010,30.0,124782.23,0.024041884810040662
BRB,Barbados,Americas,2011,2007-2011,30.0,130312.29000000001,0.023021619833401744
BRB,Barbados,Americas,2012,2008-2012,20.0,131715.82,0.015184204904164132
BRB,Barbados,Americas,2013,2009-2013,10.0,134983.95,0.007408288170556574
BRB,Barbados,Americas,2014,2010-2014,0.0,138017.22,0.0
BRB,Barbados,Americas,2015,2011-2015,0.0,140889.51,0.0
BRB,Barbados,Americas,2016,2012-2016,0.0,142356.04,0.0
BRB,Barbados,Americas,2017,2013-2017,0.0,145665.65,0.0
BRB,Barbados,Americas,2018,2014-2018,0.0,145599.24,0.0
BRB,Barbados,Americas,2019,2015-2019,0.0,145448.56,0.0
BRB,Barbados,Americas,2020,2016-2020,0.0,140135.09,0.0
BRB,Barbados,Americas,2021,2017-2021,0.0,135579.49,0.0
BRB,Barbados,Americas,2022,2018-2022,0.0,137378.79,0.0
BRB,Barbados,Americas,2023,2019-2023,0.0,139576.65,0.0
BRB,Barbados,Americas,2024,2020-2024,0.0,143288.81,0.0
BRB,Barbados,Americas,2025,2021-2025,0.0,153264.5,0.0
BLR,Belarus,Europe,2004,2000-2004,0.0,96813.81,0.0
BLR,Belarus,Europe,2005,2001-2005,5.94,97676.36,0.006081307698198418
BLR,Belarus,Europe,2006,2002-2006,145.7,103801.38,0.1403642225180436
BLR,Belarus,Europe,2007,2003-2007,145.7,112642.01,0.12934783390317697
BLR,Belarus,Europe,2008,2004-2008,145.7,117597.49,0.12389720222770058
BLR,Belarus,Europe,2009,2005-2009,149.11999999999998,120318.36,0.12393785952534592
BLR,Belarus,Europe,2010,2006-2010,143.17999999999998,124782.23,0.11474390223672071
BLR,Belarus,Europe,2011,2007-2011,78.42,130312.29000000001,0.06017851424451216
BLR,Belarus,Europe,2012,2008-2012,153.42000000000002,131715.82,0.11647803581984306
BLR,Belarus,Europe,2013,2009-2013,228.42000000000002,134983.95,0.16922011839185325
BLR,Belarus,Europe,2014,2010-2014,291.0,138017.22,0.21084325564592593
BLR,Belarus,Europe,2015,2011-2015,389.48,140889.51,0.27644357624637916
BLR,Belarus,Europe,2016,2012-2016,434.78000000000003,142356.04,0.3054173184362251
BLR,Belarus,Europe,2017,2013-2017,517.98,145665.65,0.355595159188182
BLR,Belarus,Europe,2018,2014-2018,584.89,145599.24,0.40171226168488244
BLR,Belarus,Europe,2019,2015-2019,851.8499999999999,145448.56,0.5856709753606361
BLR,Belarus,Europe,2020,2016-2020,766.3699999999999,140135.09,0.5468794432572169
BLR,Belarus,Europe,2021,2017-2021,714.67,135579.49,0.5271225020834641
BLR,Belarus,Europe,2022,2018-2022,771.1700000000001,137378.79,0.5613457506795627
BLR,Belarus,Europe,2023,2019-2023,807.26,139576.65,0.5783632147640742
BLR,Belarus,Europe,2024,2020-2024,873.0999999999999,143288.81,0.6093288094164506
BLR,Belarus,Europe,2025,2021-2025,1326.0,153264.5,0.8651709952402546
BEL,Belgium,Europe,2004,2000-2004,150.12,96813.81,0.1550605228737512
BEL,Belgium,Europe,2005,2001-2005,117.17,97676.36,0.11995737760907553
BEL,Belgium,Europe,2006,2002-2006,102.61999999999999,103801.38,0.09886188410982588
BEL,Belgium,Europe,2007,2003-2007,224.91,112642.01,0.19966795691944775
BEL,Belgium,Europe,2008,2004-2008,395.28,117597.49,0.3361296231747803
BEL,Belgium,Europe,2009,2005-2009,467.08,120318.36,0.38820342963451293
BEL,Belgium,Europe,2010,2006-2010,503.70000000000005,124782.23,0.40366324596058273
BEL,Belgium,Europe,2011,2007-2011,515.1500000000001,130312.29000000001,0.39531958190589706
BEL,Belgium,Europe,2012,2008-2012,377.87,131715.82,0.286882775356825
BEL,Belgium,Europe,2013,2009-2013,234.99,134983.95,0.1740873637199089
BEL,Belgium,Europe,2014,2010-2014,247.09,138017.22,0.1790283850087692
BEL,Belgium,Europe,2015,2011-2015,258.97,140889.51,0.1838107038629065
BEL,Belgium,Europe,2016,2012-2016,236.17000000000002,142356.04,0.1659009340242957
BEL,Belgium,Europe,2017,2013-2017,210.19,145665.65,0.1442962016096451
BEL,Belgium,Europe,2018,2014-2018,163.15,145599.24,0.11205415632664018
BEL,Belgium,Europe,2019,2015-2019,72.75,145448.56,0.05001768322766482
BEL,Belgium,Europe,2020,2016-2020,110.82,140135.09,0.07908083549951693
BEL,Belgium,Europe,2021,2017-2021,361.92,135579.49,0.2669430309849964
BEL,Belgium,Europe,2022,2018-2022,524.6800000000001,137378.79,0.3819221293185069
BEL,Belgium,Europe,2023,2019-2023,535.3000000000001,139576.65,0.3835168704794105
BEL,Belgium,Europe,2024,2020-2024,1035.06,143288.81,0.722359268668642
BEL,Belgium,Europe,2025,2021-2025,1375.1100000000001,153264.5,0.8972136404712117
BLZ,Belize,Americas,2004,2000-2004,0.6,96813.81,0.0006197462944594371
BLZ,Belize,Americas,2005,2001-2005,0.0,97676.36,0.0
BLZ,Belize,Americas,2006,2002-2006,0.0,103801.38,0.0
BLZ,Belize,Americas,2007,2003-2007,0.0,112642.01,0.0
BLZ,Belize,Americas,2008,2004-2008,0.0,117597.49,0.0
BLZ,Belize,Americas,2009,2005-2009,0.0,120318.36,0.0
BLZ,Belize,Americas,2010,2006-2010,0.0,124782.23,0.0
BLZ,Belize,Americas,2011,2007-2011,0.0,130312.29000000001,0.0
BLZ,Belize,Americas,2012,2008-2012,0.0,131715.82,0.0
BLZ,Belize,Americas,2013,2009-2013,0.0,134983.95,0.0
BLZ,Belize,Americas,2014,2010-2014,0.0,138017.22,0.0
BLZ,Belize,Americas,2015,2011-2015,0.0,140889.51,0.0
BLZ,Belize,Americas,2016,2012-2016,2.1,142356.04,0.0014751744990939618
BLZ,Belize,Americas,2017,2013-2017,2.1,145665.65,0.0014416576591667288
BLZ,Belize,Americas,2018,2014-2018,2.1,145599.24,0.001442315220876153
BLZ,Belize,Americas,2019,2015-2019,2.1,145448.56,0.001443809412757335
BLZ,Belize,Americas,2020,2016-2020,2.1,140135.09,0.0014985540024272295
BLZ,Belize,Americas,2021,2017-2021,0.0,135579.49,0.0
BLZ,Belize,Americas,2022,2018-2022,0.0,137378.79,0.0
BLZ,Belize,Americas,2023,2019-2023,1.0,139576.65,0.0007164522146075292
BLZ,Belize,Americas,2024,2020-2024,1.0,143288.81,0.000697891203088364
BLZ,Belize,Americas,2025,2021-2025,1.0,153264.5,0.0006524668139066777
BEN,Benin,Africa,2004,2000-2004,6.8,96813.81,0.007023791337206955
BEN,Benin,Africa,2005,2001-2005,6.8,97676.36,0.006961766388509974
BEN,Benin,Africa,2006,2002-2006,6.8,103801.38,0.006550972636394621
BEN,Benin,Africa,2007,2003-2007,2.76,112642.01,0.002450240367692302
BEN,Benin,Africa,2008,2004-2008,2.76,117597.49,0.0023469888685549323
BEN,Benin,Africa,2009,2005-2009,3.7199999999999998,120318.36,0.003091797461335078
BEN,Benin,Africa,2010,2006-2010,3.9799999999999995,124782.23,0.0031895567181320604
BEN,Benin,Africa,2011,2007-2011,4.199999999999999,130312.29000000001,0.0032230267766762436
BEN,Benin,Africa,2012,2008-2012,20.94,131715.82,0.015897862534659843
BEN,Benin,Africa,2013,2009-2013,23.66,134983.95,0.017528009811536852
BEN,Benin,Africa,2014,2010-2014,22.7,138017.22,0.016447223034922742
BEN,Benin,Africa,2015,2011-2015,22.439999999999998,140889.51,0.015927374578845507
BEN,Benin,Africa,2016,2012-2016,23.18,142356.04,0.016283116613808588
BEN,Benin,Africa,2017,2013-2017,3.68,145665.65,0.002526333421777887
BEN,Benin,Africa,2018,2014-2018,0.96,145599.24,0.0006593441009719557
BEN,Benin,Africa,2019,2015-2019,0.96,145448.56,0.0006600271601176389
BEN,Benin,Africa,2020,2016-2020,2.0,140135.09,0.0014271942880259327
BEN,Benin,Africa,2021,2017-2021,1.04,135579.49,0.0007670776752442424
BEN,Benin,Africa,2022,2018-2022,4.38,137378.79,0.0031882650880823743
BEN,Benin,Africa,2023,2019-2023,15.919999999999998,139576.65,0.011405919256551865
BEN,Benin,Africa,2024,2020-2024,22.7,143288.81,0.01584213031010586
BEN,Benin,Africa,2025,2021-2025,25.36,153264.5,0.016546558400673348
BTN,Bhutan,Asia,2004,2000-2004,0.11,96813.81,0.00011362015398423014
BTN,Bhutan,Asia,2005,2001-2005,0.11,97676.36,0.00011261680922589664
BTN,Bhutan,Asia,2006,2002-2006,0.11,103801.38,0.00010597161617697181
BTN,Bhutan,Asia,2007,2003-2007,0.11,112642.01,9.765450740802654e-05
BTN,Bhutan,Asia,2008,2004-2008,0.11,117597.49,9.353941142791397e-05
BTN,Bhutan,Asia,2009,2005-2009,0.0,120318.36,0.0
BTN,Bhutan,Asia,2010,2006-2010,0.0,124782.23,0.0
BTN,Bhutan,Asia,2011,2007-2011,0.0,130312.29000000001,0.0
BTN,Bhutan,Asia,2012,2008-2012,0.0,131715.82,0.0
BTN,Bhutan,Asia,2013,2009-2013,0.0,134983.95,0.0
BTN,Bhutan,Asia,2014,2010-2014,0.0,138017.22,0.0
BTN,Bhutan,Asia,2015,2011-2015,0.95,140889.51,0.0006742872482131565
BTN,Bhutan,Asia,2016,2012-2016,1.9,142356.04,0.0013346816896564417
BTN,Bhutan,Asia,2017,2013-2017,1.9,145665.65,0.0013043569297222783
BTN,Bhutan,Asia,2018,2014-2018,1.9,145599.24,0.0013049518665069954
BTN,Bhutan,Asia,2019,2015-2019,1.9,145448.56,0.0013063037543994934
BTN,Bhutan,Asia,2020,2016-2020,0.95,140135.09,0.000677917286812318
BTN,Bhutan,Asia,2021,2017-2021,4.5,135579.49,0.003319086094806818
BTN,Bhutan,Asia,2022,2018-2022,4.5,137378.79,0.0032756148165229873
BTN,Bhutan,Asia,2023,2019-2023,4.5,139576.65,0.003224034965733882
BTN,Bhutan,Asia,2024,2020-2024,4.5,143288.81,0.003140510413897638
BTN,Bhutan,Asia,2025,2021-2025,4.5,153264.5,0.0029361006625800495
BOL,Bolivia,Americas,2004,2000-2004,24.849999999999998,96813.81,0.025667825695528352
BOL,Bolivia,Americas,2005,2001-2005,6.19,97676.36,0.006337254991893637
BOL,Bolivia,Americas,2006,2002-2006,14.970000000000002,103801.38,0.014421773583356987
BOL,Bolivia,Americas,2007,2003-2007,16.490000000000002,112642.01,0.014639298428712345
BOL,Bolivia,Americas,2008,2004-2008,14.39,117597.49,0.012236655731342565
BOL,Bolivia,Americas,2009,2005-2009,19.520000000000003,120318.36,0.01622362538851095
BOL,Bolivia,Americas,2010,2006-2010,20.290000000000003,124782.23,0.016260328093190838
BOL,Bolivia,Americas,2011,2007-2011,36.61,130312.29000000001,0.028094050070027927
BOL,Bolivia,Americas,2012,2008-2012,46.78,131715.82,0.035515855270839905
BOL,Bolivia,Americas,2013,2009-2013,45.22,134983.95,0.03350027910725682
BOL,Bolivia,Americas,2014,2010-2014,85.68,138017.22,0.0620792101159551
BOL,Bolivia,Americas,2015,2011-2015,84.33000000000001,140889.51,0.059855414359805785
BOL,Bolivia,Americas,2016,2012-2016,86.53,142356.04,0.06078421400314311
BOL,Bolivia,Americas,2017,2013-2017,82.09,145665.65,0.05635508440047465
BOL,Bolivia,Americas,2018,2014-2018,82.25,145599.24,0.05649067948431599
BOL,Bolivia,Americas,2019,2015-2019,70.05,145448.56,0.048161356839833955
BOL,Bolivia,Americas,2020,2016-2020,96.05,140135.09,0.06854100568244542
BOL,Bolivia,Americas,2021,2017-2021,68.75,135579.49,0.05070825978177083
BOL,Bolivia,Americas,2022,2018-2022,61.5,137378.79,0.044766735825814155
BOL,Bolivia,Americas,2023,2019-2023,60.0,139576.65,0.042987132876451756
BOL,Bolivia,Americas,2024,2020-2024,26.1,143288.81,0.0182149604006063
BOL,Bolivia,Americas,2025,2021-2025,0.1,153264.5,6.524668139066777e-05
BIH,Bosnia-Herzegovina,Europe,2004,2000-2004,0.0,96813.81,0.0
BIH,Bosnia-Herzegovina,Europe,2005,2001-2005,0.0,97676.36,0.0
BIH,Bosnia-Herzegovina,Europe,2006,2002-2006,0.0,103801.38,0.0
BIH,Bosnia-Herzegovina,Europe,2007,2003-2007,0.0,112642.01,0.0
BIH,Bosnia-Herzegovina,Europe,2008,2004-2008,0.0,117597.49,0.0
BIH,Bosnia-Herzegovina,Europe,2009,2005-2009,0.0,120318.36,0.0
BIH,Bosnia-Herzegovina,Europe,2010,2006-2010,0.0,124782.23,0.0
BIH,Bosnia-Herzegovina,Europe,2011,2007-2011,0.0,130312.29000000001,0.0
BIH,Bosnia-Herzegovina,Europe,2012,2008-2012,0.0,131715.82,0.0
BIH,Bosnia-Herzegovina,Europe,2013,2009-2013,0.0,134983.95,0.0
BIH,Bosnia-Herzegovina,Europe,2014,2010-2014,0.0,138017.22,0.0
BIH,Bosnia-Herzegovina,Europe,2015,2011-2015,0.0,140889.51,0.0
BIH,Bosnia-Herzegovina,Europe,2016,2012-2016,0.0,142356.04,0.0
BIH,Bosnia-Herzegovina,Europe,2017,2013-2017,0.47,145665.65,0.00032265671419445834
BIH,Bosnia-Herzegovina,Europe,2018,2014-2018,0.47,145599.24,0.0003228038827675199
BIH,Bosnia-Herzegovina,Europe,2019,2015-2019,0.94,145448.56,0.0006462765942818547
BIH,Bosnia-Herzegovina,Europe,2020,2016-2020,1.25,140135.09,0.0008919964300162079
BIH,Bosnia-Herzegovina,Europe,2021,2017-2021,13.65,135579.49,0.010067894487580682
BIH,Bosnia-Herzegovina,Europe,2022,2018-2022,13.18,137378.79,0.009593911840393994
BIH,Bosnia-Herzegovina,Europe,2023,2019-2023,13.18,139576.65,0.009442840188527236
BIH,Bosnia-Herzegovina,Europe,2024,2020-2024,12.71,143288.81,0.008870197191253107
BIH,Bosnia-Herzegovina,Europe,2025,2021-2025,13.8,153264.5,0.009004042031912152
BWA,Botswana,Africa,2004,2000-2004,91.57000000000001,96813.81,0.09458361363941778
BWA,Botswana,Africa,2005,2001-2005,37.97,97676.36,0.03887327496642995
BWA,Botswana,Africa,2006,2002-2006,22.79,103801.38,0.021955392115210796
BWA,Botswana,Africa,2007,2003-2007,21.35,112642.01,0.01895385211964879
BWA,Botswana,Africa,2008,2004-2008,10.15,117597.49,0.008631136599939335
BWA,Botswana,Africa,2009,2005-2009,10.0,120318.36,0.008311283498212576
BWA,Botswana,Africa,2010,2006-2010,20.0,124782.23,0.016027923206693773
BWA,Botswana,Africa,2011,2007-2011,20.0,130312.29000000001,0.015347746555601163
BWA,Botswana,Africa,2012,2008-2012,26.0,131715.82,0.01973946637541337
BWA,Botswana,Africa,2013,2009-2013,34.0,134983.95,0.025188179779892347
BWA,Botswana,Africa,2014,2010-2014,24.0,138017.22,0.01738913448626193
BWA,Botswana,Africa,2015,2011-2015,14.0,140889.51,0.009936864710509676
BWA,Botswana,Africa,2016,2012-2016,18.7,142356.04,0.013136077682408135
BWA,Botswana,Africa,2017,2013-2017,12.7,145665.65,0.008718596319722598
BWA,Botswana,Africa,2018,2014-2018,9.82,145599.24,0.00674454069952563
BWA,Botswana,Africa,2019,2015-2019,17.09,145448.56,0.011749858506677549
BWA,Botswana,Africa,2020,2016-2020,92.84,140135.09,0.0662503588501638
BWA,Botswana,Africa,2021,2017-2021,104.39,135579.49,0.07699542165264084
BWA,Botswana,Africa,2022,2018-2022,115.64,137378.79,0.08417602164060406
BWA,Botswana,Africa,2023,2019-2023,111.77,139576.65,0.08007786402668354
BWA,Botswana,Africa,2024,2020-2024,115.7,143288.81,0.08074601219732372
BWA,Botswana,Africa,2025,2021-2025,39.95,153264.5,0.026066049215571773
BRA,Brazil,Americas,2004,2000-2004,1075.51,96813.81,1.1109055619234487
BRA,Brazil,Americas,2005,2001-2005,1212.02,97676.36,1.2408529556179202
BRA,Brazil,Americas,2006,2002-2006,816.87,103801.38,0.7869548555134815
BRA,Brazil,Americas,2007,2003-2007,784.1,112642.01,0.6960990841693966
BRA,Brazil,Americas,2008,2004-2008,851.9300000000001,117597.49,0.7244457343434796
BRA,Brazil,Americas,2009,2005-2009,902.0,120318.36,0.7496777715387742
BRA,Brazil,Americas,2010,2006-2010,935.0899999999999,124782.23,0.749377535567364
BRA,Brazil,Americas,2011,2007-2011,988.1,130312.29000000001,0.7582554185794754
BRA,Brazil,Americas,2012,2008-2012,1117.49,131715.82,0.8484098569177188
BRA,Brazil,Americas,2013,2009-2013,1156.12,134983.95,0.8564870119743865
BRA,Brazil,Americas,2014,2010-2014,1222.0,138017.22,0.8853967642588367
BRA,Brazil,Americas,2015,2011-2015,1167.44,140889.51,0.8286209526883868
BRA,Brazil,Americas,2016,2012-2016,1047.53,142356.04,0.7358521633504275
BRA,Brazil,Americas,2017,2013-2017,825.9100000000001,145665.65,0.5669902272773301
BRA,Brazil,Americas,2018,2014-2018,867.8,145599.24,0.596019594607774
BRA,Brazil,Americas,2019,2015-2019,791.8999999999999,145448.56,0.5444536542678731
BRA,Brazil,Americas,2020,2016-2020,724.8,140135.09,0.517215209980598
BRA,Brazil,Americas,2021,2017-2021,853.9000000000001,135579.49,0.6298150258567872
BRA,Brazil,Americas,2022,2018-2022,1227.1200000000001,137378.79,0.8932383230337084
BRA,Brazil,Americas,2023,2019-2023,1161.72,139576.65,0.832316866753859
BRA,Brazil,Americas,2024,2020-2024,1486.06,143288.81,1.0371082012614943
BRA,Brazil,Americas,2025,2021-2025,1813.2299999999998,153264.5,1.183072400980005
BRN,Brunei,Asia,2004,2000-2004,6.269999999999999,96813.81,0.006476348777101117
BRN,Brunei,Asia,2005,2001-2005,6.989999999999998,97676.36,0.007156286331718338
BRN,Brunei,Asia,2006,2002-2006,3.33,103801.38,0.003208049835175602
BRN,Brunei,Asia,2007,2003-2007,2.73,112642.01,0.0024236073202173864
BRN,Brunei,Asia,2008,2004-2008,2.46,117597.49,0.00209188138284244
BRN,Brunei,Asia,2009,2005-2009,34.959999999999994,120318.36,0.02905624710975116
BRN,Brunei,Asia,2010,2006-2010,67.03999999999999,124782.23,0.05372559858883752
BRN,Brunei,Asia,2011,2007-2011,295.0,130312.29000000001,0.22637926169511718
BRN,Brunei,Asia,2012,2008-2012,315.0,131715.82,0.23915122724058507
BRN,Brunei,Asia,2013,2009-2013,329.5,134983.95,0.24410309521983908
BRN,Brunei,Asia,2014,2010-2014,417.95,138017.22,0.3028245316055489
BRN,Brunei,Asia,2015,2011-2015,421.4,140889.51,0.2990996277863412
BRN,Brunei,Asia,2016,2012-2016,192.0,142356.04,0.13487309706001935
BRN,Brunei,Asia,2017,2013-2017,172.0,145665.65,0.1180786273222273
BRN,Brunei,Asia,2018,2014-2018,157.5,145599.24,0.10817364156571146
BRN,Brunei,Asia,2019,2015-2019,36.25,145448.56,0.024922900577358756
BRN,Brunei,Asia,2020,2016-2020,0.0,140135.09,0.0
BRN,Brunei,Asia,2021,2017-2021,0.0,135579.49,0.0
BRN,Brunei,Asia,2022,2018-2022,0.0,137378.79,0.0
BRN,Brunei,Asia,2023,2019-2023,11.2,139576.65,0.008024264803604329
BRN,Brunei,Asia,2024,2020-2024,39.2,143288.81,0.02735733516106387
BRN,Brunei,Asia,2025,2021-2025,39.2,153264.5,0.025576699105141768
BGR,Bulgaria,Europe,2004,2000-2004,15.35,96813.81,0.015855176033253933
BGR,Bulgaria,Europe,2005,2001-2005,147.35,97676.36,0.1508553349039624
BGR,Bulgaria,Europe,2006,2002-2006,169.1,103801.38,0.16290727541387215
BGR,Bulgaria,Europe,2007,2003-2007,217.1,112642.01,0.19273448689347783
BGR,Bulgaria,Europe,2008,2004-2008,331.83,117597.49,0.2821743899465881
BGR,Bulgaria,Europe,2009,2005-2009,437.63,120318.36,0.3637266997322769
BGR,Bulgaria,Europe,2010,2006-2010,313.3,124782.23,0.25107741703285796
BGR,Bulgaria,Europe,2011,2007-2011,320.55,130312.29000000001,0.24598600791989764
BGR,Bulgaria,Europe,2012,2008-2012,277.54999999999995,131715.82,0.21071880355753767
BGR,Bulgaria,Europe,2013,2009-2013,160.97,134983.95,0.11925121468144916
BGR,Bulgaria,Europe,2014,2010-2014,41.67,138017.22,0.030191884751772282
BGR,Bulgaria,Europe,2015,2011-2015,38.0,140889.51,0.026971489928526257
BGR,Bulgaria,Europe,2016,2012-2016,9.0,142356.04,0.006322176424688407
BGR,Bulgaria,Europe,2017,2013-2017,4.0,145665.65,0.002746014588889007
BGR,Bulgaria,Europe,2018,2014-2018,4.0,145599.24,0.0027472670873831487
BGR,Bulgaria,Europe,2019,2015-2019,6.0,145448.56,0.004125169750735243
BGR,Bulgaria,Europe,2020,2016-2020,46.0,140135.09,0.03282546862459645
BGR,Bulgaria,Europe,2021,2017-2021,47.12,135579.49,0.03475451928606606
BGR,Bulgaria,Europe,2022,2018-2022,50.32,137378.79,0.03662865279276371
BGR,Bulgaria,Europe,2023,2019-2023,50.32,139576.65,0.036051875439050876
BGR,Bulgaria,Europe,2024,2020-2024,48.32,143288.81,0.03372210293322975
BGR,Bulgaria,Europe,2025,2021-2025,544.62,153264.5,0.35534647618985477
BFA,Burkina Faso,Africa,2004,2000-2004,0.0,96813.81,0.0
BFA,Burkina Faso,Africa,2005,2001-2005,11.88,97676.36,0.012162615396396835
BFA,Burkina Faso,Africa,2006,2002-2006,15.850000000000001,103801.38,0.01526954651277276
BFA,Burkina Faso,Africa,2007,2003-2007,19.85,112642.01,0.017622199745902973
BFA,Burkina Faso,Africa,2008,2004-2008,19.85,117597.49,0.01687961197130993
BFA,Burkina Faso,Africa,2009,2005-2009,22.85,120318.36,0.018991282793415734
BFA,Burkina Faso,Africa,2010,2006-2010,11.09,124782.23,0.008887483418111698
BFA,Burkina Faso,Africa,2011,2007-2011,23.32,130312.29000000001,0.017895472483830957
BFA,Burkina Faso,Africa,2012,2008-2012,22.52,131715.82,0.01709741472208881
BFA,Burkina Faso,Africa,2013,2009-2013,22.52,134983.95,0.0166834649600934
BFA,Burkina Faso,Africa,2014,2010-2014,19.52,138017.22,0.014143162715493039
BFA,Burkina Faso,Africa,2015,2011-2015,24.36,140889.51,0.017290144596286833
BFA,Burkina Faso,Africa,2016,2012-2016,14.66,142356.04,0.010298122931770229
BFA,Burkina Faso,Africa,2017,2013-2017,13.56,145665.65,0.009308989456333735
BFA,Burkina Faso,Africa,2018,2014-2018,37.84,145599.24,0.025989146646644586
BFA,Burkina Faso,Africa,2019,2015-2019,44.660000000000004,145448.56,0.03070501351130599
BFA,Burkina Faso,Africa,2020,2016-2020,42.620000000000005,140135.09,0.03041351027783263
BFA,Burkina Faso,Africa,2021,2017-2021,61.82000000000001,135579.49,0.04559686719576834
BFA,Burkina Faso,Africa,2022,2018-2022,71.53,137378.79,0.05206771729464206
BFA,Burkina Faso,Africa,2023,2019-2023,65.83,139576.65,0.04716404928761365
BFA,Burkina Faso,Africa,2024,2020-2024,96.25999999999999,143288.81,0.06717900720928592
BFA,Burkina Faso,Africa,2025,2021-2025,127.64,153264.5,0.08328086412704834
BDI,Burundi,Africa,2004,2000-2004,4.8,96813.81,0.004957970355675497
BDI,Burundi,Africa,2005,2001-2005,4.8,97676.36,0.004914188038948216
BDI,Burundi,Africa,2006,2002-2006,3.4,103801.38,0.0032754863181973107
BDI,Burundi,Africa,2007,2003-2007,0.0,112642.01,0.0
BDI,Burundi,Africa,2008,2004-2008,0.0,117597.49,0.0
BDI,Burundi,Africa,2009,2005-2009,1.32,120318.36,0.00109708942176406
BDI,Burundi,Africa,2010,2006-2010,3.5600000000000005,124782.23,0.002852970330791492
BDI,Burundi,Africa,2011,2007-2011,3.5600000000000005,130312.29000000001,0.0027318988868970076
BDI,Burundi,Africa,2012,2008-2012,8.81,131715.82,0.0066886422602843
BDI,Burundi,Africa,2013,2009-2013,8.81,134983.95,0.006526701878260341
BDI,Burundi,Africa,2014,2010-2014,7.49,138017.22,0.005426859054254245
BDI,Burundi,Africa,2015,2011-2015,6.65,140889.51,0.004720010737492095
BDI,Burundi,Africa,2016,2012-2016,9.59,142356.04,0.006736630212529092
BDI,Burundi,Africa,2017,2013-2017,4.34,145665.65,0.0029794258289445727
BDI,Burundi,Africa,2018,2014-2018,4.34,145599.24,0.002980784789810716
BDI,Burundi,Africa,2019,2015-2019,6.34,145448.56,0.004358929369943573
BDI,Burundi,Africa,2020,2016-2020,4.9399999999999995,140135.09,0.0035251698914240534
BDI,Burundi,Africa,2021,2017-2021,2.0,135579.49,0.001475149375469697
BDI,Burundi,Africa,2022,2018-2022,2.0,137378.79,0.0014558288073435498
BDI,Burundi,Africa,2023,2019-2023,2.0,139576.65,0.0014329044292150585
BDI,Burundi,Africa,2024,2020-2024,0.0,143288.81,0.0
BDI,Burundi,Africa,2025,2021-2025,0.0,153264.5,0.0
CPV,Cabo Verde,Africa,2004,2000-2004,0.88,96813.81,0.0009089612318738411
CPV,Cabo Verde,Africa,2005,2001-2005,0.0,97676.36,0.0
CPV,Cabo Verde,Africa,2006,2002-2006,0.0,103801.38,0.0
CPV,Cabo Verde,Africa,2007,2003-2007,0.0,112642.01,0.0
CPV,Cabo Verde,Africa,2008,2004-2008,0.0,117597.49,0.0
CPV,Cabo Verde,Africa,2009,2005-2009,1.52,120318.36,0.0012633150917283115
CPV,Cabo Verde,Africa,2010,2006-2010,1.52,124782.23,0.0012181221637087268
CPV,Cabo Verde,Africa,2011,2007-2011,1.52,130312.29000000001,0.0011664287382256884
CPV,Cabo Verde,Africa,2012,2008-2012,11.52,131715.82,0.008746102024798539
CPV,Cabo Verde,Africa,2013,2009-2013,11.52,134983.95,0.008534347972481171
CPV,Cabo Verde,Africa,2014,2010-2014,10.0,138017.22,0.007245472702609139
CPV,Cabo Verde,Africa,2015,2011-2015,10.0,140889.51,0.0070977605075069105
CPV,Cabo Verde,Africa,2016,2012-2016,10.0,142356.04,0.007024640471876008
CPV,Cabo Verde,Africa,2017,2013-2017,0.0,145665.65,0.0
CPV,Cabo Verde,Africa,2018,2014-2018,0.0,145599.24,0.0
CPV,Cabo Verde,Africa,2019,2015-2019,3.04,145448.56,0.0020900860070391897
CPV,Cabo Verde,Africa,2020,2016-2020,3.04,140135.09,0.002169335317799418
CPV,Cabo Verde,Africa,2021,2017-2021,3.04,135579.49,0.0022422270507139394
CPV,Cabo Verde,Africa,2022,2018-2022,3.04,137378.79,0.002212859787162196
CPV,Cabo Verde,Africa,2023,2019-2023,3.04,139576.65,0.002178014732406889
CPV,Cabo Verde,Africa,2024,2020-2024,0.0,143288.81,0.0
CPV,Cabo Verde,Africa,2025,2021-2025,0.0,153264.5,0.0
KHM,Cambodia,Asia,2004,2000-2004,0.0,96813.81,0.0
KHM,Cambodia,Asia,2005,2001-2005,0.0,97676.36,0.0
KHM,Cambodia,Asia,2006,2002-2006,13.6,103801.38,0.013101945272789243
KHM,Cambodia,Asia,2007,2003-2007,69.6,112642.01,0.06178867014180588
KHM,Cambodia,Asia,2008,2004-2008,69.6,117597.49,0.0591849366852983
KHM,Cambodia,Asia,2009,2005-2009,73.6,120318.36,0.06117104654684455
KHM,Cambodia,Asia,2010,2006-2010,107.84,124782.23,0.08642256193049283
KHM,Cambodia,Asia,2011,2007-2011,94.24000000000001,130312.29000000001,0.07231858176999269
KHM,Cambodia,Asia,2012,2008-2012,115.92000000000002,131715.82,0.08800765162453532
KHM,Cambodia,Asia,2013,2009-2013,184.08,134983.95,0.1363717686436054
KHM,Cambodia,Asia,2014,2010-2014,180.08,138017.22,0.13047647242858537
KHM,Cambodia,Asia,2015,2011-2015,145.84,140889.51,0.10351373924148079
KHM,Cambodia,Asia,2016,2012-2016,145.84,142356.04,0.10244735664183971
KHM,Cambodia,Asia,2017,2013-2017,68.16,145665.65,0.046792088594668685
KHM,Cambodia,Asia,2018,2014-2018,4.65,145599.24,0.0031936979890829103
KHM,Cambodia,Asia,2019,2015-2019,5.4,145448.56,0.0037126527756617188
KHM,Cambodia,Asia,2020,2016-2020,5.4,140135.09,0.003853424577670019
KHM,Cambodia,Asia,2021,2017-2021,40.6,135579.49,0.02994553232203485
KHM,Cambodia,Asia,2022,2018-2022,78.4,137378.79,0.05706848924786716
KHM,Cambodia,Asia,2023,2019-2023,129.25,139576.65,0.09260144873802316
KHM,Cambodia,Asia,2024,2020-2024,128.5,143288.81,0.08967901959685477
KHM,Cambodia,Asia,2025,2021-2025,128.5,153264.5,0.08384198558700809
CMR,Cameroon,Africa,2004,2000-2004,15.88,96813.81,0.016402618593359772
CMR,Cameroon,Africa,2005,2001-2005,20.68,97676.36,0.021171960134468565
CMR,Cameroon,Africa,2006,2002-2006,17.48,103801.38,0.016839853188849705
CMR,Cameroon,Africa,2007,2003-2007,7.6,112642.01,0.006747038693645471
CMR,Cameroon,Africa,2008,2004-2008,8.2,117597.49,0.006972937942808131
CMR,Cameroon,Africa,2009,2005-2009,8.2,120318.36,0.006815252468534311
CMR,Cameroon,Africa,2010,2006-2010,13.4,124782.23,0.01073870854848483
CMR,Cameroon,Africa,2011,2007-2011,10.6,130312.29000000001,0.008134305674468616
CMR,Cameroon,Africa,2012,2008-2012,19.7,131715.82,0.014956441830601668
CMR,Cameroon,Africa,2013,2009-2013,158.35,134983.95,0.11731024318076333
CMR,Cameroon,Africa,2014,2010-2014,282.35,138017.22,0.20457592175816905
CMR,Cameroon,Africa,2015,2011-2015,282.23,140889.51,0.20032009480336754
CMR,Cameroon,Africa,2016,2012-2016,305.53000000000003,142356.04,0.2146238403372277
CMR,Cameroon,Africa,2017,2013-2017,304.35,145665.65,0.20893738503209233
CMR,Cameroon,Africa,2018,2014-2018,167.38,145599.24,0.11495939127154785
CMR,Cameroon,Africa,2019,2015-2019,47.38,145448.56,0.03257509046497264
CMR,Cameroon,Africa,2020,2016-2020,39.78,140135.09,0.028386894388835803
CMR,Cameroon,Africa,2021,2017-2021,20.34,135579.49,0.015002269148526816
CMR,Cameroon,Africa,2022,2018-2022,14.519999999999998,137378.79,0.01056931714131417
CMR,Cameroon,Africa,2023,2019-2023,14.54,139576.65,0.010417215200393475
CMR,Cameroon,Africa,2024,2020-2024,10.54,143288.81,0.007355773280551356
CMR,Cameroon,Africa,2025,2021-2025,8.26,153264.5,0.005389375882869157
CAN,Canada,Americas,2004,2000-2004,1948.1,96813.81,2.0122129270607156
CAN,Canada,Americas,2005,2001-2005,1524.95,97676.36,1.5612273020821006
CAN,Canada,Americas,2006,2002-2006,1102.24,103801.38,1.0618741292264129
CAN,Canada,Americas,2007,2003-2007,1161.44,112642.01,1.0310895553088941
CAN,Canada,Americas,2008,2004-2008,1444.69,117597.49,1.2285041117799367
CAN,Canada,Americas,2009,2005-2009,1207.99,120318.36,1.003994735300581
CAN,Canada,Americas,2010,2006-2010,1344.34,124782.23,1.0773489141843353
CAN,Canada,Americas,2011,2007-2011,1602.9099999999999,130312.29000000001,1.2300528215719329
CAN,Canada,Americas,2012,2008-2012,1332.57,131715.82,1.0117007964570996
CAN,Canada,Americas,2013,2009-2013,1110.59,134983.95,0.8227570759338424
CAN,Canada,Americas,2014,2010-2014,1322.33,138017.22,0.958090591884114
CAN,Canada,Americas,2015,2011-2015,1487.72,140889.51,1.0559480262228182
CAN,Canada,Americas,2016,2012-2016,1377.78,142356.04,0.9678409149341326
CAN,Canada,Americas,2017,2013-2017,1524.5,145665.65,1.046574810190323
CAN,Canada,Americas,2018,2014-2018,1508.46,145599.24,1.036035627658496
CAN,Canada,Americas,2019,2015-2019,1380.14,145448.56,0.9488852966299564
CAN,Canada,Americas,2020,2016-2020,1220.5,140135.09,0.8709453142678255
CAN,Canada,Americas,2021,2017-2021,1331.21,135579.49,0.9818668000595077
CAN,Canada,Americas,2022,2018-2022,1191.3799999999999,137378.79,0.8672226622464791
CAN,Canada,Americas,2023,2019-2023,1078.76,139576.65,0.7728799910300183
CAN,Canada,Americas,2024,2020-2024,1089.24,143288.81,0.7601710140519696
CAN,Canada,Americas,2025,2021-2025,923.7400000000001,153264.5,0.6027096946781546
CAF,Central African Republic,Africa,2004,2000-2004,0.0,96813.81,0.0
CAF,Central African Republic,Africa,2005,2001-2005,0.0,97676.36,0.0
CAF,Central African Republic,Africa,2006,2002-2006,9.2,103801.38,0.008863080625710371
CAF,Central African Republic,Africa,2007,2003-2007,9.2,112642.01,0.008167467892307673
CAF,Central African Republic,Africa,2008,2004-2008,9.58,117597.49,0.0081464323770856
CAF,Central African Republic,Africa,2009,2005-2009,9.58,120318.36,0.007962209591287647
CAF,Central African Republic,Africa,2010,2006-2010,9.58,124782.23,0.007677375216006317
CAF,Central African Republic,Africa,2011,2007-2011,7.18,130312.29000000001,0.005509841013460817
CAF,Central African Republic,Africa,2012,2008-2012,7.18,131715.82,0.005451129560594923
CAF,Central African Republic,Africa,2013,2009-2013,6.8,134983.95,0.0050376359559784695
CAF,Central African Republic,Africa,2014,2010-2014,6.8,138017.22,0.004926921437774214
CAF,Central African Republic,Africa,2015,2011-2015,6.8,140889.51,0.004826477145104699
CAF,Central African Republic,Africa,2016,2012-2016,0.0,142356.04,0.0
CAF,Central African Republic,Africa,2017,2013-2017,0.0,145665.65,0.0
CAF,Central African Republic,Africa,2018,2014-2018,1.68,145599.24,0.0011538521767009225
CAF,Central African Republic,Africa,2019,2015-2019,1.68,145448.56,0.0011550475302058681
CAF,Central African Republic,Africa,2020,2016-2020,2.88,140135.09,0.002055159774757343
CAF,Central African Republic,Africa,2021,2017-2021,46.64000000000001,135579.49,0.03440048343595334
CAF,Central African Republic,Africa,2022,2018-2022,48.440000000000005,137378.79,0.03526017371386078
CAF,Central African Republic,Africa,2023,2019-2023,89.76,139576.65,0.06430875078317184
CAF,Central African Republic,Africa,2024,2020-2024,89.76,143288.81,0.06264271438921155
CAF,Central African Republic,Africa,2025,2021-2025,88.56,153264.5,0.05778246103957538
TCD,Chad,Africa,2004,2000-2004,15.96,96813.81,0.01648525143262103
TCD,Chad,Africa,2005,2001-2005,15.96,97676.36,0.01633967522950282
TCD,Chad,Africa,2006,2002-2006,18.11,103801.38,0.01744678153604509
TCD,Chad,Africa,2007,2003-2007,48.29,112642.01,0.042870328752123654
TCD,Chad,Africa,2008,2004-2008,130.82,117597.49,0.11124387093636096
TCD,Chad,Africa,2009,2005-2009,167.35,120318.36,0.13908932934258744
TCD,Chad,Africa,2010,2006-2010,210.13,124782.23,0.16839737517112813
TCD,Chad,Africa,2011,2007-2011,193.42000000000002,130312.29000000001,0.14842805693921884
TCD,Chad,Africa,2012,2008-2012,166.76000000000002,131715.82,0.12660590049092055
TCD,Chad,Africa,2013,2009-2013,143.03,134983.95,0.10596074570347067
TCD,Chad,Africa,2014,2010-2014,164.26,138017.22,0.1190141346130577
TCD,Chad,Africa,2015,2011-2015,122.8,140889.51,0.08716049903218487
TCD,Chad,Africa,2016,2012-2016,123.60000000000001,142356.04,0.08682455623238747
TCD,Chad,Africa,2017,2013-2017,126.48,145665.65,0.08682898130067042
TCD,Chad,Africa,2018,2014-2018,74.68,145599.24,0.051291476521443384
TCD,Chad,Africa,2019,2015-2019,17.560000000000002,145448.56,0.012072996803818478
TCD,Chad,Africa,2020,2016-2020,19.8,140135.09,0.014129223451456735
TCD,Chad,Africa,2021,2017-2021,64.65,135579.49,0.04768420356205796
TCD,Chad,Africa,2022,2018-2022,64.31,137378.79,0.04681217530013185
TCD,Chad,Africa,2023,2019-2023,89.55000000000001,139576.65,0.06415829581810426
TCD,Chad,Africa,2024,2020-2024,98.64,143288.81,0.06883998827263622
TCD,Chad,Africa,2025,2021-2025,99.08,153264.5,0.06464641192187362
CHL,Chile,Americas,2004,2000-2004,616.27,96813.81,0.6365517481441955
CHL,Chile,Americas,2005,2001-2005,832.76,97676.36,0.8525706731905243
CHL,Chile,Americas,2006,2002-2006,1870.08,103801.38,1.8015945452748312
CHL,Chile,Americas,2007,2003-2007,2454.24,112642.01,2.178796347827955
CHL,Chile,Americas,2008,2004-2008,2661.0,117597.49,2.26280339826981
CHL,Chile,Americas,2009,2005-2009,2926.0899999999997,120318.36,2.431956353128483
CHL,Chile,Americas,2010,2006-2010,2953.55,124782.23,2.36696362935652
CHL,Chile,Americas,2011,2007-2011,2182.2299999999996,130312.29000000001,1.6746156483014758
CHL,Chile,Americas,2012,2008-2012,1583.89,131715.82,1.2025055152828263
CHL,Chile,Americas,2013,2009-2013,1243.91,134983.95,0.9215243738237027
CHL,Chile,Americas,2014,2010-2014,1050.27,138017.22,0.7609702615369299
CHL,Chile,Americas,2015,2011-2015,711.1300000000001,140889.51,0.504743042970339
CHL,Chile,Americas,2016,2012-2016,455.08000000000004,142356.04,0.31967733859413344
CHL,Chile,Americas,2017,2013-2017,443.83,145665.65,0.30469091374665197
CHL,Chile,Americas,2018,2014-2018,462.74999999999994,145599.24,0.317824461171638
CHL,Chile,Americas,2019,2015-2019,343.38,145448.56,0.23608346483457796
CHL,Chile,Americas,2020,2016-2020,513.1500000000001,140135.09,0.36618237445025376
CHL,Chile,Americas,2021,2017-2021,509.75000000000006,135579.49,0.37597869707283904
CHL,Chile,Americas,2022,2018-2022,667.5,137378.79,0.4858828644509098
CHL,Chile,Americas,2023,2019-2023,603.2,139576.65,0.4321639758512617
CHL,Chile,Americas,2024,2020-2024,600.82,143288.81,0.41930699263955085
CHL,Chile,Americas,2025,2021-2025,310.83,153264.5,0.2028062597666126
CHN,China,Asia,2004,2000-2004,13619.7,96813.81,14.067931011081994
CHN,China,Asia,2005,2001-2005,14613.670000000002,97676.36,14.961317149820081
CHN,China,Asia,2006,2002-2006,14689.67,103801.38,14.151709736421617
CHN,China,Asia,2007,2003-2007,13558.67,112642.01,12.036956726890793
CHN,China,Asia,2008,2004-2008,13016.269999999999,117597.49,11.068493043516488
CHN,China,Asia,2009,2005-2009,11162.59,120318.36,9.277545006431271
CHN,China,Asia,2010,2006-2010,8635.619999999999,124782.23,6.920552710109444
CHN,China,Asia,2011,2007-2011,6837.7699999999995,130312.29000000001,5.247218048274648
CHN,China,Asia,2012,2008-2012,6681.22,131715.82,5.072450674489974
CHN,China,Asia,2013,2009-2013,6118.92,134983.95,4.533072265258203
CHN,China,Asia,2014,2010-2014,5770.200000000001,138017.22,4.180782658859526
CHN,China,Asia,2015,2011-2015,6020.0,140889.51,4.272851825519161
CHN,China,Asia,2016,2012-2016,6195.4,142356.04,4.352045757946063
CHN,China,Asia,2017,2013-2017,6198.95,145665.65,4.255601783948378
CHN,China,Asia,2018,2014-2018,7231.65,145599.24,4.966818508118587
CHN,China,Asia,2019,2015-2019,7769.05,145448.56,5.34144167532494
CHN,China,Asia,2020,2016-2020,7354.0,140135.09,5.247793397071355
CHN,China,Asia,2021,2017-2021,6830.35,135579.49,5.037893268369722
CHN,China,Asia,2022,2018-2022,5930.3,137378.79,4.316750788094727
CHN,China,Asia,2023,2019-2023,4104.45,139576.65,2.9406422922458737
CHN,China,Asia,2024,2020-2024,2604.45,143288.81,1.8176227438834895
CHN,China,Asia,2025,2021-2025,2036.95,153264.5,1.329042276587207
COL,Colombia,Americas,2004,2000-2004,672.73,96813.81,0.6948698744528286
COL,Colombia,Americas,2005,2001-2005,623.1899999999999,97676.36,0.6380151758316955
COL,Colombia,Americas,2006,2002-2006,408.76,103801.38,0.39379052571362727
COL,Colombia,Americas,2007,2003-2007,472.09000000000003,112642.01,0.41910651274777505
COL,Colombia,Americas,2008,2004-2008,436.76,117597.49,0.371402484865961
COL,Colombia,Americas,2009,2005-2009,681.13,120318.36,0.566106452913753
COL,Colombia,Americas,2010,2006-2010,921.5699999999999,124782.23,0.738542659479639
COL,Colombia,Americas,2011,2007-2011,1013.15,130312.29000000001,0.777478471140366
COL,Colombia,Americas,2012,2008-2012,976.82,131715.82,0.7416117517242803
COL,Colombia,Americas,2013,2009-2013,1040.14,134983.95,0.7705656857722715
COL,Colombia,Americas,2014,2010-2014,947.4100000000001,138017.22,0.6864433293178924
COL,Colombia,Americas,2015,2011-2015,881.5600000000001,140889.51,0.6257101752997792
COL,Colombia,Americas,2016,2012-2016,754.23,142356.04,0.5298194583103042
COL,Colombia,Americas,2017,2013-2017,645.41,145665.65,0.4430763189537135
COL,Colombia,Americas,2018,2014-2018,488.03999999999996,145599.24,0.33519405733161795
COL,Colombia,Americas,2019,2015-2019,340.05,145448.56,0.2337939956229199
COL,Colombia,Americas,2020,2016-2020,227.05,140135.09,0.16202223154814402
COL,Colombia,Americas,2021,2017-2021,254.10000000000002,135579.49,0.187417728153425
COL,Colombia,Americas,2022,2018-2022,212.56,137378.79,0.15472548564447247
COL,Colombia,Americas,2023,2019-2023,199.68000000000004,139576.65,0.14306117821283149
COL,Colombia,Americas,2024,2020-2024,190.27,143288.81,0.13278775921162303
COL,Colombia,Americas,2025,2021-2025,131.98999999999998,153264.5,0.08611909476754237
COM,Comoros,Africa,2004,2000-2004,0.0,96813.81,0.0
COM,Comoros,Africa,2005,2001-2005,0.0,97676.36,0.0
COM,Comoros,Africa,2006,2002-2006,0.0,103801.38,0.0
COM,Comoros,Africa,2007,2003-2007,0.0,112642.01,0.0
COM,Comoros,Africa,2008,2004-2008,5.6,117597.49,0.0047620063999665296
COM,Comoros,Africa,2009,2005-2009,5.6,120318.36,0.004654318758999042
COM,Comoros,Africa,2010,2006-2010,5.6,124782.23,0.004487818497874256
COM,Comoros,Africa,2011,2007-2011,5.6,130312.29000000001,0.004297369035568326
COM,Comoros,Africa,2012,2008-2012,6.64,131715.82,0.005041156028182491
COM,Comoros,Africa,2013,2009-2013,1.04,134983.95,0.0007704619697378837
COM,Comoros,Africa,2014,2010-2014,1.04,138017.22,0.0007535291610713503
COM,Comoros,Africa,2015,2011-2015,1.04,140889.51,0.0007381670927807187
COM,Comoros,Africa,2016,2012-2016,1.04,142356.04,0.0007305626090751049
COM,Comoros,Africa,2017,2013-2017,0.0,145665.65,0.0
COM,Comoros,Africa,2018,2014-2018,0.0,145599.24,0.0
COM,Comoros,Africa,2019,2015-2019,0.0,145448.56,0.0
COM,Comoros,Africa,2020,2016-2020,0.0,140135.09,0.0
COM,Comoros,Africa,2021,2017-2021,0.0,135579.49,0.0
COM,Comoros,Africa,2022,2018-2022,0.0,137378.79,0.0
COM,Comoros,Africa,2023,2019-2023,0.0,139576.65,0.0
COM,Comoros,Africa,2024,2020-2024,0.0,143288.81,0.0
COM,Comoros,Africa,2025,2021-2025,0.13,153264.5,8.48206858078681e-05
COG,Congo,Africa,2004,2000-2004,15.14,96813.81,0.015638264830193132
COG,Congo,Africa,2005,2001-2005,18.5,97676.36,0.01894009973344625
COG,Congo,Africa,2006,2002-2006,19.02,103801.38,0.018323455815327308
COG,Congo,Africa,2007,2003-2007,19.15,112642.01,0.017000761971488258
COG,Congo,Africa,2008,2004-2008,11.450000000000001,117597.49,0.009736602371360138
COG,Congo,Africa,2009,2005-2009,8.32,120318.36,0.006914987870512862
COG,Congo,Africa,2010,2006-2010,36.35,124782.23,0.029130750428165937
COG,Congo,Africa,2011,2007-2011,40.629999999999995,130312.29000000001,0.031178947127703763
COG,Congo,Africa,2012,2008-2012,66.48,131715.82,0.05047229710144158
COG,Congo,Africa,2013,2009-2013,101.68,134983.95,0.07532747411821925
COG,Congo,Africa,2014,2010-2014,103.45,138017.22,0.07495441510849155
COG,Congo,Africa,2015,2011-2015,74.06,140889.51,0.052566014318596185
COG,Congo,Africa,2016,2012-2016,69.26,142356.04,0.04865265990821324
COG,Congo,Africa,2017,2013-2017,43.28000000000001,145665.65,0.02971187785177906
COG,Congo,Africa,2018,2014-2018,8.28,145599.24,0.005686842870883117
COG,Congo,Africa,2019,2015-2019,5.34,145448.56,0.003671401078154366
COG,Congo,Africa,2020,2016-2020,3.1,140135.09,0.0022121511464401958
COG,Congo,Africa,2021,2017-2021,6.4,135579.49,0.0047204780015030305
COG,Congo,Africa,2022,2018-2022,6.4,137378.79,0.00465865218349936
COG,Congo,Africa,2023,2019-2023,6.199999999999999,139576.65,0.004442003730566682
COG,Congo,Africa,2024,2020-2024,11.8,143288.81,0.008235116196442696
COG,Congo,Africa,2025,2021-2025,11.8,153264.5,0.007699108404098797
CRI,Costa Rica,Americas,2004,2000-2004,0.0,96813.81,0.0
CRI,Costa Rica,Americas,2005,2001-2005,0.0,97676.36,0.0
CRI,Costa Rica,Americas,2006,2002-2006,0.0,103801.38,0.0
CRI,Costa Rica,Americas,2007,2003-2007,0.0,112642.01,0.0
CRI,Costa Rica,Americas,2008,2004-2008,0.0,117597.49,0.0
CRI,Costa Rica,Americas,2009,2005-2009,0.0,120318.36,0.0
CRI,Costa Rica,Americas,2010,2006-2010,0.0,124782.23,0.0
CRI,Costa Rica,Americas,2011,2007-2011,0.0,130312.29000000001,0.0
CRI,Costa Rica,Americas,2012,2008-2012,0.0,131715.82,0.0
CRI,Costa Rica,Americas,2013,2009-2013,0.0,134983.95,0.0
CRI,Costa Rica,Americas,2014,2010-2014,0.0,138017.22,0.0
CRI,Costa Rica,Americas,2015,2011-2015,0.0,140889.51,0.0
CRI,Costa Rica,Americas,2016,2012-2016,0.0,142356.04,0.0
CRI,Costa Rica,Americas,2017,2013-2017,0.0,145665.65,0.0
CRI,Costa Rica,Americas,2018,2014-2018,0.18,145599.24,0.0001236270189322417
CRI,Costa Rica,Americas,2019,2015-2019,7.68,145448.56,0.005280217280941111
CRI,Costa Rica,Americas,2020,2016-2020,7.68,140135.09,0.005480426066019581
CRI,Costa Rica,Americas,2021,2017-2021,7.68,135579.49,0.005664573601803636
CRI,Costa Rica,Americas,2022,2018-2022,7.68,137378.79,0.005590382620199231
CRI,Costa Rica,Americas,2023,2019-2023,7.5,139576.65,0.0053733916095564695
CRI,Costa Rica,Americas,2024,2020-2024,0.0,143288.81,0.0
CRI,Costa Rica,Americas,2025,2021-2025,0.0,153264.5,0.0
CIV,Cote d'Ivoire,Africa,2004,2000-2004,103.08000000000001,96813.81,0.1064724133881313
CIV,Cote d'Ivoire,Africa,2005,2001-2005,102.92000000000002,97676.36,0.10536838186844802
CIV,Cote d'Ivoire,Africa,2006,2002-2006,102.92000000000002,103801.38,0.09915089760849037
CIV,Cote d'Ivoire,Africa,2007,2003-2007,70.68,112642.01,0.06274745985090288
CIV,Cote d'Ivoire,Africa,2008,2004-2008,9.4,117597.49,0.007993367885658104
CIV,Cote d'Ivoire,Africa,2009,2005-2009,0.0,120318.36,0.0
CIV,Cote d'Ivoire,Africa,2010,2006-2010,0.0,124782.23,0.0
CIV,Cote d'Ivoire,Africa,2011,2007-2011,0.0,130312.29000000001,0.0
CIV,Cote d'Ivoire,Africa,2012,2008-2012,0.0,131715.82,0.0
CIV,Cote d'Ivoire,Africa,2013,2009-2013,0.0,134983.95,0.0
CIV,Cote d'Ivoire,Africa,2014,2010-2014,6.3,138017.22,0.004564647802643757
CIV,Cote d'Ivoire,Africa,2015,2011-2015,11.3,140889.51,0.00802046937348281
CIV,Cote d'Ivoire,Africa,2016,2012-2016,16.62,142356.04,0.011674952464257928
CIV,Cote d'Ivoire,Africa,2017,2013-2017,30.520000000000003,145665.65,0.020952091313223127
CIV,Cote d'Ivoire,Africa,2018,2014-2018,40.870000000000005,145599.24,0.028070201465337327
CIV,Cote d'Ivoire,Africa,2019,2015-2019,49.870000000000005,145448.56,0.03428703591152776
CIV,Cote d'Ivoire,Africa,2020,2016-2020,48.27,140135.09,0.034445334141505884
CIV,Cote d'Ivoire,Africa,2021,2017-2021,50.349999999999994,135579.49,0.03713688552744961
CIV,Cote d'Ivoire,Africa,2022,2018-2022,57.97,137378.79,0.042197197980852794
CIV,Cote d'Ivoire,Africa,2023,2019-2023,117.37,139576.65,0.08408999642848572
CIV,Cote d'Ivoire,Africa,2024,2020-2024,108.97,143288.81,0.07604920440053903
CIV,Cote d'Ivoire,Africa,2025,2021-2025,120.33000000000001,153264.5,0.07851133171739054
HRV,Croatia,Europe,2004,2000-2004,91.0,96813.81,0.0939948546596813
HRV,Croatia,Europe,2005,2001-2005,91.0,97676.36,0.09316481490505993
HRV,Croatia,Europe,2006,2002-2006,34.0,103801.38,0.032754863181973105
HRV,Croatia,Europe,2007,2003-2007,52.2,112642.01,0.04634150260635442
HRV,Croatia,Europe,2008,2004-2008,131.29999999999998,117597.49,0.11165204291350093
HRV,Croatia,Europe,2009,2005-2009,127.3,120318.36,0.10580263893224609
HRV,Croatia,Europe,2010,2006-2010,137.3,124782.23,0.11003169281395278
HRV,Croatia,Europe,2011,2007-2011,155.3,130312.29000000001,0.11917525200424305
HRV,Croatia,Europe,2012,2008-2012,152.7,131715.82,0.11593140444329314
HRV,Croatia,Europe,2013,2009-2013,49.6,134983.95,0.036745109325960604
HRV,Croatia,Europe,2014,2010-2014,72.24000000000001,138017.22,0.052341294803648415
HRV,Croatia,Europe,2015,2011-2015,73.04,140889.51,0.05184204274683048
HRV,Croatia,Europe,2016,2012-2016,75.01,142356.04,0.05269182817954194
HRV,Croatia,Europe,2017,2013-2017,70.71,145665.65,0.048542672895085424
HRV,Croatia,Europe,2018,2014-2018,73.21,145599.24,0.050281855866830066
HRV,Croatia,Europe,2019,2015-2019,51.37,145448.56,0.03531832834921157
HRV,Croatia,Europe,2020,2016-2020,40.56999999999999,140135.09,0.028950636132606043
HRV,Croatia,Europe,2021,2017-2021,20.6,135579.49,0.01519403856733788
HRV,Croatia,Europe,2022,2018-2022,36.3,137378.79,0.026423292853285426
HRV,Croatia,Europe,2023,2019-2023,122.7,139576.65,0.08790868673234385
HRV,Croatia,Europe,2024,2020-2024,208.15,143288.81,0.14526605392284297
HRV,Croatia,Europe,2025,2021-2025,349.47,153264.5,0.22801757745596665
CUB,Cuba,Americas,2004,2000-2004,8.26,96813.81,0.008531840653724917
CUB,Cuba,Americas,2005,2001-2005,8.26,97676.36,0.008456498583690056
CUB,Cuba,Americas,2006,2002-2006,8.26,103801.38,0.007957504996561702
CUB,Cuba,Americas,2007,2003-2007,8.26,112642.01,0.00733296573809363
CUB,Cuba,Americas,2008,2004-2008,8.26,117597.49,0.007023959439950631
CUB,Cuba,Americas,2009,2005-2009,0.0,120318.36,0.0
CUB,Cuba,Americas,2010,2006-2010,0.0,124782.23,0.0
CUB,Cuba,Americas,2011,2007-2011,0.0,130312.29000000001,0.0
CUB,Cuba,Americas,2012,2008-2012,0.0,131715.82,0.0
CUB,Cuba,Americas,2013,2009-2013,0.0,134983.95,0.0
CUB,Cuba,Americas,2014,2010-2014,0.0,138017.22,0.0
CUB,Cuba,Americas,2015,2011-2015,0.0,140889.51,0.0
CUB,Cuba,Americas,2016,2012-2016,0.0,142356.04,0.0
CUB,Cuba,Americas,2017,2013-2017,0.0,145665.65,0.0
CUB,Cuba,Americas,2018,2014-2018,0.0,145599.24,0.0
CUB,Cuba,Americas,2019,2015-2019,0.0,145448.56,0.0
CUB,Cuba,Americas,2020,2016-2020,0.0,140135.09,0.0
CUB,Cuba,Americas,2021,2017-2021,0.0,135579.49,0.0
CUB,Cuba,Americas,2022,2018-2022,0.0,137378.79,0.0
CUB,Cuba,Americas,2023,2019-2023,0.0,139576.65,0.0
CUB,Cuba,Americas,2024,2020-2024,0.0,143288.81,0.0
CUB,Cuba,Americas,2025,2021-2025,0.0,153264.5,0.0
CYP,Cyprus,Europe,2004,2000-2004,272.08,96813.81,0.2810342863275394
CYP,Cyprus,Europe,2005,2001-2005,286.23999999999995,97676.36,0.2930494133892786
CYP,Cyprus,Europe,2006,2002-2006,128.23,103801.38,0.12353400311248268
CYP,Cyprus,Europe,2007,2003-2007,78.92999999999999,112642.01,0.07007154790650486
CYP,Cyprus,Europe,2008,2004-2008,72.45,117597.49,0.06160845779956698
CYP,Cyprus,Europe,2009,2005-2009,56.05,120318.36,0.046584744007481485
CYP,Cyprus,Europe,2010,2006-2010,81.78999999999999,124782.23,0.06554619195377419
CYP,Cyprus,Europe,2011,2007-2011,101.16,130312.29000000001,0.07762890207823067
CYP,Cyprus,Europe,2012,2008-2012,90.86,131715.82,0.06898184287961764
CYP,Cyprus,Europe,2013,2009-2013,90.86,134983.95,0.06731170631767702
CYP,Cyprus,Europe,2014,2010-2014,90.86,138017.22,0.06583236497590662
CYP,Cyprus,Europe,2015,2011-2015,47.12,140889.51,0.03344464751137256
CYP,Cyprus,Europe,2016,2012-2016,6.0,142356.04,0.004214784283125605
CYP,Cyprus,Europe,2017,2013-2017,29.52,145665.65,0.020265587666000874
CYP,Cyprus,Europe,2018,2014-2018,29.52,145599.24,0.020274831104887637
CYP,Cyprus,Europe,2019,2015-2019,49.120000000000005,145448.56,0.03377138969268586
CYP,Cyprus,Europe,2020,2016-2020,80.12,140135.09,0.057173403178318864
CYP,Cyprus,Europe,2021,2017-2021,91.92,135579.49,0.06779786529658727
CYP,Cyprus,Europe,2022,2018-2022,62.400000000000006,137378.79,0.04542185878911876
CYP,Cyprus,Europe,2023,2019-2023,70.5,139576.65,0.05050988112983082
CYP,Cyprus,Europe,2024,2020-2024,170.8,143288.81,0.11919981748749259
CYP,Cyprus,Europe,2025,2021-2025,168.06,153264.5,0.10965357274515626
CZE,Czechia,Europe,2004,2000-2004,211.85999999999999,96813.81,0.21883241657362726
CZE,Czechia,Europe,2005,2001-2005,798.98,97676.36,0.8179870748664263
CZE,Czechia,Europe,2006,2002-2006,788.4200000000001,103801.38,0.7595467420568012
CZE,Czechia,Europe,2007,2003-2007,756.42,112642.01,0.6715256590325404
CZE,Czechia,Europe,2008,2004-2008,687.24,117597.49,0.5844002282701782
CZE,Czechia,Europe,2009,2005-2009,707.8400000000001,120318.36,0.5883058911374791
CZE,Czechia,Europe,2010,2006-2010,157.84,124782.23,0.12649236994722726
CZE,Czechia,Europe,2011,2007-2011,223.45,130312.29000000001,0.171472698392454
CZE,Czechia,Europe,2012,2008-2012,257.25,131715.82,0.19530683557981113
CZE,Czechia,Europe,2013,2009-2013,250.79999999999998,134983.95,0.18579986731755885
CZE,Czechia,Europe,2014,2010-2014,224.6,138017.22,0.16273331690060125
CZE,Czechia,Europe,2015,2011-2015,174.4,140889.51,0.12378494325092051
CZE,Czechia,Europe,2016,2012-2016,69.25,142356.04,0.04864563526774136
CZE,Czechia,Europe,2017,2013-2017,25.049999999999997,145665.65,0.017196916362917404
CZE,Czechia,Europe,2018,2014-2018,14.0,145599.24,0.009615434805841021
CZE,Czechia,Europe,2019,2015-2019,15.4,145448.56,0.01058793569355379
CZE,Czechia,Europe,2020,2016-2020,23.0,140135.09,0.016412734312298224
CZE,Czechia,Europe,2021,2017-2021,48.0,135579.49,0.03540358501127273
CZE,Czechia,Europe,2022,2018-2022,117.35,137378.79,0.08542075527088278
CZE,Czechia,Europe,2023,2019-2023,258.35,139576.65,0.1850954296438552
CZE,Czechia,Europe,2024,2020-2024,314.65,143288.81,0.2195914670517537
CZE,Czechia,Europe,2025,2021-2025,326.25,153264.5,0.2128672980370536
COD,DR Congo,Africa,2004,2000-2004,117.8,96813.81,0.12167685581220282
COD,DR Congo,Africa,2005,2001-2005,55.06,97676.36,0.056369831963435174
COD,DR Congo,Africa,2006,2002-2006,67.86,103801.38,0.0653748533979028
COD,DR Congo,Africa,2007,2003-2007,49.86,112642.01,0.04426412490331094
COD,DR Congo,Africa,2008,2004-2008,68.25999999999999,117597.49,0.058045456582449154
COD,DR Congo,Africa,2009,2005-2009,105.46,120318.36,0.08765079577214982
COD,DR Congo,Africa,2010,2006-2010,235.19,124782.23,0.18848036294911544
COD,DR Congo,Africa,2011,2007-2011,211.19,130312.29000000001,0.16206452975387048
COD,DR Congo,Africa,2012,2008-2012,226.39,131715.82,0.17187760741268587
COD,DR Congo,Africa,2013,2009-2013,209.19,134983.95,0.15497398023987297
COD,DR Congo,Africa,2014,2010-2014,171.98999999999998,138017.22,0.12461488501217455
COD,DR Congo,Africa,2015,2011-2015,19.099999999999998,140889.51,0.013556722569338197
COD,DR Congo,Africa,2016,2012-2016,62.0,142356.04,0.04355277092563126
COD,DR Congo,Africa,2017,2013-2017,46.8,145665.65,0.032128370690001386
COD,DR Congo,Africa,2018,2014-2018,46.160000000000004,145599.24,0.03170346218840154
COD,DR Congo,Africa,2019,2015-2019,46.160000000000004,145448.56,0.03173630594898981
COD,DR Congo,Africa,2020,2016-2020,52.14,140135.09,0.03720695508883607
COD,DR Congo,Africa,2021,2017-2021,9.24,135579.49,0.006815190114669999
COD,DR Congo,Africa,2022,2018-2022,9.24,137378.79,0.0067259290899272
COD,DR Congo,Africa,2023,2019-2023,35.83,139576.65,0.025670482849387773
COD,DR Congo,Africa,2024,2020-2024,75.83,143288.81,0.05292108993019064
COD,DR Congo,Africa,2025,2021-2025,110.9,153264.5,0.07235856966225056
DNK,Denmark,Europe,2004,2000-2004,516.21,96813.81,0.5331987244381768
DNK,Denmark,Europe,2005,2001-2005,583.1800000000001,97676.36,0.5970533709487127
DNK,Denmark,Europe,2006,2002-2006,520.74,103801.38,0.5016696309817846
DNK,Denmark,Europe,2007,2003-2007,615.6300000000001,112642.01,0.5465367672327581
DNK,Denmark,Europe,2008,2004-2008,665.48,117597.49,0.5658964319731654
DNK,Denmark,Europe,2009,2005-2009,568.34,120318.36,0.47236348633741354
DNK,Denmark,Europe,2010,2006-2010,472.75,124782.23,0.37886003479822405
DNK,Denmark,Europe,2011,2007-2011,392.7900000000001,130312.29000000001,0.3014220684787291
DNK,Denmark,Europe,2012,2008-2012,362.5,131715.82,0.2752137138879749
DNK,Denmark,Europe,2013,2009-2013,298.7,134983.95,0.22128556765452484
DNK,Denmark,Europe,2014,2010-2014,340.3,138017.22,0.246563436069789
DNK,Denmark,Europe,2015,2011-2015,361.08000000000004,140889.51,0.25628593640505953
DNK,Denmark,Europe,2016,2012-2016,458.88,142356.04,0.3223467019734463
DNK,Denmark,Europe,2017,2013-2017,409.02,145665.65,0.2807937217868454
DNK,Denmark,Europe,2018,2014-2018,428.99,145599.24,0.29463752695412426
DNK,Denmark,Europe,2019,2015-2019,308.34000000000003,145448.56,0.21199247349028413
DNK,Denmark,Europe,2020,2016-2020,329.48,140135.09,0.23511598700939215
DNK,Denmark,Europe,2021,2017-2021,489.96999999999997,135579.49,0.36138946974944364
DNK,Denmark,Europe,2022,2018-2022,650.4,137378.79,0.4734355281481224
DNK,Denmark,Europe,2023,2019-2023,876.52,139576.65,0.6279846951477916
DNK,Denmark,Europe,2024,2020-2024,1261.6000000000001,143288.81,0.8804595418162802
DNK,Denmark,Europe,2025,2021-2025,1476.49,153264.5,0.9633607260650705
DJI,Djibouti,Africa,2004,2000-2004,8.31,96813.81,0.008583486178263206
DJI,Djibouti,Africa,2005,2001-2005,14.32,97676.36,0.01466066098286218
DJI,Djibouti,Africa,2006,2002-2006,14.32,103801.38,0.013795577669583968
DJI,Djibouti,Africa,2007,2003-2007,11.52,112642.01,0.01022709023036787
DJI,Djibouti,Africa,2008,2004-2008,11.52,117597.49,0.009796127451359717
DJI,Djibouti,Africa,2009,2005-2009,7.2,120318.36,0.0059841241187130545
DJI,Djibouti,Africa,2010,2006-2010,0.0,124782.23,0.0
DJI,Djibouti,Africa,2011,2007-2011,0.0,130312.29000000001,0.0
DJI,Djibouti,Africa,2012,2008-2012,6.16,131715.82,0.004676735110482552
DJI,Djibouti,Africa,2013,2009-2013,10.98,134983.95,0.008134300411271117
DJI,Djibouti,Africa,2014,2010-2014,26.02,138017.22,0.018852719972188976
DJI,Djibouti,Africa,2015,2011-2015,29.919999999999998,140889.51,0.021236499438460673
DJI,Djibouti,Africa,2016,2012-2016,41.339999999999996,142356.04,0.029039863710735414
DJI,Djibouti,Africa,2017,2013-2017,35.18,145665.65,0.02415119830927882
DJI,Djibouti,Africa,2018,2014-2018,30.36,145599.24,0.020851757193238098
DJI,Djibouti,Africa,2019,2015-2019,26.07,145448.56,0.017923862566944632
DJI,Djibouti,Africa,2020,2016-2020,22.970000000000002,140135.09,0.01639132639797784
DJI,Djibouti,Africa,2021,2017-2021,57.349999999999994,135579.49,0.042299908341593556
DJI,Djibouti,Africa,2022,2018-2022,76.14999999999999,137378.79,0.05543068183960565
DJI,Djibouti,Africa,2023,2019-2023,76.42999999999999,139576.65,0.05475844276245346
DJI,Djibouti,Africa,2024,2020-2024,65.67999999999999,143288.81,0.04583749421884374
DJI,Djibouti,Africa,2025,2021-2025,64.88,153264.5,0.04233204688626525
DOM,Dominican Republic,Americas,2004,2000-2004,62.5,96813.81,0.06455690567285804
DOM,Dominican Republic,Americas,2005,2001-2005,52.220000000000006,97676.36,0.053462270707057474
DOM,Dominican Republic,Americas,2006,2002-2006,47.580000000000005,103801.38,0.04583754088818473
DOM,Dominican Republic,Americas,2007,2003-2007,47.2,112642.01,0.04190266136053503
DOM,Dominican Republic,Americas,2008,2004-2008,38.230000000000004,117597.49,0.03250919726262865
DOM,Dominican Republic,Americas,2009,2005-2009,12.24,120318.36,0.010173011001812192
DOM,Dominican Republic,Americas,2010,2006-2010,61.0,124782.23,0.04888516578041601
DOM,Dominican Republic,Americas,2011,2007-2011,73.0,130312.29000000001,0.05601927492794424
DOM,Dominican Republic,Americas,2012,2008-2012,73.0,131715.82,0.05542234790019908
DOM,Dominican Republic,Americas,2013,2009-2013,73.0,134983.95,0.054080503645062984
DOM,Dominican Republic,Americas,2014,2010-2014,63.0,138017.22,0.04564647802643757
DOM,Dominican Republic,Americas,2015,2011-2015,12.5,140889.51,0.008872200634383638
DOM,Dominican Republic,Americas,2016,2012-2016,0.75,142356.04,0.0005268480353907006
DOM,Dominican Republic,Americas,2017,2013-2017,0.75,145665.65,0.0005148777354166889
DOM,Dominican Republic,Americas,2018,2014-2018,0.75,145599.24,0.0005151125788843404
DOM,Dominican Republic,Americas,2019,2015-2019,0.75,145448.56,0.0005156462188419053
DOM,Dominican Republic,Americas,2020,2016-2020,4.5,140135.09,0.003211187148058349
DOM,Dominican Republic,Americas,2021,2017-2021,4.25,135579.49,0.003134692422873106
DOM,Dominican Republic,Americas,2022,2018-2022,9.469999999999999,137378.79,0.0068933494027717075
DOM,Dominican Republic,Americas,2023,2019-2023,18.63,139576.65,0.01334750475813827
DOM,Dominican Republic,Americas,2024,2020-2024,28.409999999999997,143288.81,0.019827089079740418
DOM,Dominican Republic,Americas,2025,2021-2025,36.97,153264.5,0.02412169811012987
ECU,Ecuador,Americas,2004,2000-2004,51.37,96813.81,0.05306061191063548
ECU,Ecuador,Americas,2005,2001-2005,80.57,97676.36,0.08248669381209536
ECU,Ecuador,Americas,2006,2002-2006,87.4,103801.38,0.08419926594424852
ECU,Ecuador,Americas,2007,2003-2007,87.98,112642.01,0.07810585056143796
ECU,Ecuador,Americas,2008,2004-2008,189.98000000000002,117597.49,0.16155106711886455
ECU,Ecuador,Americas,2009,2005-2009,266.84000000000003,120318.36,0.2217782888663044
ECU,Ecuador,Americas,2010,2006-2010,318.35,124782.23,0.2551244676425482
ECU,Ecuador,Americas,2011,2007-2011,341.07000000000005,130312.29000000001,0.26173279588594445
ECU,Ecuador,Americas,2012,2008-2012,427.88000000000005,131715.82,0.32485087971968746
ECU,Ecuador,Americas,2013,2009-2013,337.94,134983.95,0.2503556904357888
ECU,Ecuador,Americas,2014,2010-2014,317.49,138017.22,0.23003651283513754
ECU,Ecuador,Americas,2015,2011-2015,254.68,140889.51,0.180765764605186
ECU,Ecuador,Americas,2016,2012-2016,210.58,142356.04,0.147924879056765
ECU,Ecuador,Americas,2017,2013-2017,141.76999999999998,145665.65,0.09732562206669862
ECU,Ecuador,Americas,2018,2014-2018,135.05999999999997,145599.24,0.092761473205492
ECU,Ecuador,Americas,2019,2015-2019,81.35,145448.56,0.055930426537052
ECU,Ecuador,Americas,2020,2016-2020,74.65,140135.09,0.053270026800567936
ECU,Ecuador,Americas,2021,2017-2021,64.15,135579.49,0.047315416218190534
ECU,Ecuador,Americas,2022,2018-2022,52.95,137378.79,0.03854306767442048
ECU,Ecuador,Americas,2023,2019-2023,54.879999999999995,139576.65,0.039318897537661206
ECU,Ecuador,Americas,2024,2020-2024,70.73,143288.81,0.049361844794439995
ECU,Ecuador,Americas,2025,2021-2025,80.46000000000001,153264.5,0.05249747984693129
EGY,Egypt,Middle East,2004,2000-2004,3667.9599999999996,96813.81,3.788674363709062
EGY,Egypt,Middle East,2005,2001-2005,3668.0499999999997,97676.36,3.755309882555001
EGY,Egypt,Middle East,2006,2002-2006,3538.25,103801.38,3.408673372165187
EGY,Egypt,Middle East,2007,2003-2007,3480.5499999999993,112642.01,3.0899217796273337
EGY,Egypt,Middle East,2008,2004-2008,3173.6899999999996,117597.49,2.6987735877696024
EGY,Egypt,Middle East,2009,2005-2009,2608.41,120318.36,2.167923498957266
EGY,Egypt,Middle East,2010,2006-2010,2463.85,124782.23,1.9745199296406228
EGY,Egypt,Middle East,2011,2007-2011,2422.62,130312.29000000001,1.8590878880265245
EGY,Egypt,Middle East,2012,2008-2012,2070.65,131715.82,1.572058694240373
EGY,Egypt,Middle East,2013,2009-2013,2463.8999999999996,134983.95,1.8253281223434337
EGY,Egypt,Middle East,2014,2010-2014,2798.8700000000003,138017.22,2.027913618315164
EGY,Egypt,Middle East,2015,2011-2015,3553.02,140889.51,2.5218485038382203
EGY,Egypt,Middle East,2016,2012-2016,4552.83,142356.04,3.198199387957125
EGY,Egypt,Middle East,2017,2013-2017,6724.780000000001,145665.65,4.616585996767255
EGY,Egypt,Middle East,2018,2014-2018,7642.53,145599.24,5.249017783334583
EGY,Egypt,Middle East,2019,2015-2019,8301.12,145448.56,5.707254853537224
EGY,Egypt,Middle East,2020,2016-2020,8256.56,140135.09,5.891857635371697
EGY,Egypt,Middle East,2021,2017-2021,7901.799999999999,135579.49,5.828167667543225
EGY,Egypt,Middle East,2022,2018-2022,6164.55,137378.79,4.487264737154841
EGY,Egypt,Middle East,2023,2019-2023,5679.1900000000005,139576.65,4.068868252676935
EGY,Egypt,Middle East,2024,2020-2024,4718.29,143288.81,3.292853084619797
EGY,Egypt,Middle East,2025,2021-2025,4017.2299999999996,153264.5,2.621109258830322
SLV,El Salvador,Americas,2004,2000-2004,29.0,96813.81,0.029954404232206126
SLV,El Salvador,Americas,2005,2001-2005,29.0,97676.36,0.029689886068645477
SLV,El Salvador,Americas,2006,2002-2006,29.0,103801.38,0.027937971537565297
SLV,El Salvador,Americas,2007,2003-2007,10.0,112642.01,0.008877682491638776
SLV,El Salvador,Americas,2008,2004-2008,3.3,117597.49,0.002806182342837419
SLV,El Salvador,Americas,2009,2005-2009,5.64,120318.36,0.004687563892991892
SLV,El Salvador,Americas,2010,2006-2010,7.199999999999999,124782.23,0.005770052354409758
SLV,El Salvador,Americas,2011,2007-2011,8.76,130312.29000000001,0.006722312991353309
SLV,El Salvador,Americas,2012,2008-2012,12.29,131715.82,0.009330693913608858
SLV,El Salvador,Americas,2013,2009-2013,10.42,134983.95,0.007719436273719948
SLV,El Salvador,Americas,2014,2010-2014,29.509999999999998,138017.22,0.021381389945399565
SLV,El Salvador,Americas,2015,2011-2015,27.95,140889.51,0.019838240618481814
SLV,El Salvador,Americas,2016,2012-2016,26.39,142356.04,0.018538026205280785
SLV,El Salvador,Americas,2017,2013-2017,23.56,145665.65,0.01617402592855625
SLV,El Salvador,Americas,2018,2014-2018,23.25,145599.24,0.01596848994541455
SLV,El Salvador,Americas,2019,2015-2019,3.9800000000000004,145448.56,0.0027363626013210446
SLV,El Salvador,Americas,2020,2016-2020,8.06,140135.09,0.005751592980744509
SLV,El Salvador,Americas,2021,2017-2021,12.31,135579.49,0.009079544406015985
SLV,El Salvador,Americas,2022,2018-2022,18.81,137378.79,0.013692069933066086
SLV,El Salvador,Americas,2023,2019-2023,21.990000000000002,139576.65,0.015754784199219572
SLV,El Salvador,Americas,2024,2020-2024,20.03,143288.81,0.013978760797859932
SLV,El Salvador,Americas,2025,2021-2025,18.91,153264.5,0.012338147450975273
GNQ,Equatorial Guinea,Africa,2004,2000-2004,14.0,96813.81,0.0144607468707202
GNQ,Equatorial Guinea,Africa,2005,2001-2005,24.5,97676.36,0.025082834782131518
GNQ,Equatorial Guinea,Africa,2006,2002-2006,24.95,103801.38,0.024036289305594972
GNQ,Equatorial Guinea,Africa,2007,2003-2007,52.55,112642.01,0.046652221493561775
GNQ,Equatorial Guinea,Africa,2008,2004-2008,82.05,117597.49,0.06977189734236673
GNQ,Equatorial Guinea,Africa,2009,2005-2009,142.54999999999998,120318.36,0.11847734626702025
GNQ,Equatorial Guinea,Africa,2010,2006-2010,134.95,124782.23,0.10814841183716623
GNQ,Equatorial Guinea,Africa,2011,2007-2011,183.89999999999998,130312.29000000001,0.14112252957875268
GNQ,Equatorial Guinea,Africa,2012,2008-2012,216.3,131715.82,0.16421717603853508
GNQ,Equatorial Guinea,Africa,2013,2009-2013,188.60000000000002,134983.95,0.13972031489669698
GNQ,Equatorial Guinea,Africa,2014,2010-2014,212.85,138017.22,0.15421988647503548
GNQ,Equatorial Guinea,Africa,2015,2011-2015,209.95,140889.51,0.14901748185510758
GNQ,Equatorial Guinea,Africa,2016,2012-2016,153.75,142356.04,0.10800384725509363
GNQ,Equatorial Guinea,Africa,2017,2013-2017,93.75,145665.65,0.06435971692708611
GNQ,Equatorial Guinea,Africa,2018,2014-2018,111.9,145599.24,0.07685479676954358
GNQ,Equatorial Guinea,Africa,2019,2015-2019,19.95,145448.56,0.013716189421194682
GNQ,Equatorial Guinea,Africa,2020,2016-2020,19.95,140135.09,0.014236263023058679
GNQ,Equatorial Guinea,Africa,2021,2017-2021,20.2,135579.49,0.014899008692243938
GNQ,Equatorial Guinea,Africa,2022,2018-2022,20.2,137378.79,0.014703870954169853
GNQ,Equatorial Guinea,Africa,2023,2019-2023,0.25,139576.65,0.0001791130536518823
GNQ,Equatorial Guinea,Africa,2024,2020-2024,12.25,143288.81,0.008549167237832458
GNQ,Equatorial Guinea,Africa,2025,2021-2025,12.25,153264.5,0.007992718470356801
ERI,Eritrea,Africa,2004,2000-2004,191.79,96813.81,0.19810190302395908
ERI,Eritrea,Africa,2005,2001-2005,270.45,97676.36,0.27688378231948857
ERI,Eritrea,Africa,2006,2002-2006,213.45,103801.38,0.20563310429976941
ERI,Eritrea,Africa,2007,2003-2007,198.79999999999998,112642.01,0.17648832793377886
ERI,Eritrea,Africa,2008,2004-2008,181.79999999999998,117597.49,0.15459513634177055
ERI,Eritrea,Africa,2009,2005-2009,102.25999999999999,120318.36,0.08499118505272178
ERI,Eritrea,Africa,2010,2006-2010,3.6,124782.23,0.0028850261772048794
ERI,Eritrea,Africa,2011,2007-2011,3.6,130312.29000000001,0.0027625943800082095
ERI,Eritrea,Africa,2012,2008-2012,0.0,131715.82,0.0
ERI,Eritrea,Africa,2013,2009-2013,0.0,134983.95,0.0
ERI,Eritrea,Africa,2014,2010-2014,0.0,138017.22,0.0
ERI,Eritrea,Africa,2015,2011-2015,0.0,140889.51,0.0
ERI,Eritrea,Africa,2016,2012-2016,0.0,142356.04,0.0
ERI,Eritrea,Africa,2017,2013-2017,0.0,145665.65,0.0
ERI,Eritrea,Africa,2018,2014-2018,0.0,145599.24,0.0
ERI,Eritrea,Africa,2019,2015-2019,0.0,145448.56,0.0
ERI,Eritrea,Africa,2020,2016-2020,0.0,140135.09,0.0
ERI,Eritrea,Africa,2021,2017-2021,0.0,135579.49,0.0
ERI,Eritrea,Africa,2022,2018-2022,0.0,137378.79,0.0
ERI,Eritrea,Africa,2023,2019-2023,0.0,139576.65,0.0
ERI,Eritrea,Africa,2024,2020-2024,0.0,143288.81,0.0
ERI,Eritrea,Africa,2025,2021-2025,0.0,153264.5,0.0
EST,Estonia,Europe,2004,2000-2004,53.22,96813.81,0.05497149631855208
EST,Estonia,Europe,2005,2001-2005,52.74,97676.36,0.053994641077943537
EST,Estonia,Europe,2006,2002-2006,56.940000000000005,103801.38,0.054854762046516146
EST,Estonia,Europe,2007,2003-2007,73.82000000000001,112642.01,0.06553505215327746
EST,Estonia,Europe,2008,2004-2008,88.42,117597.49,0.07518867962232867
EST,Estonia,Europe,2009,2005-2009,119.68,120318.36,0.09946944090660811
EST,Estonia,Europe,2010,2006-2010,106.25999999999999,124782.23,0.08515635599716402
EST,Estonia,Europe,2011,2007-2011,102.78,130312.29000000001,0.07887206954923437
EST,Estonia,Europe,2012,2008-2012,86.58,131715.82,0.06573242303012652
EST,Estonia,Europe,2013,2009-2013,76.41999999999999,134983.95,0.056614138199393316
EST,Estonia,Europe,2014,2010-2014,35.62,138017.22,0.02580837376669375
EST,Estonia,Europe,2015,2011-2015,40.879999999999995,140889.51,0.02901564495468825
EST,Estonia,Europe,2016,2012-2016,72.32,142356.04,0.05080219989260729
EST,Estonia,Europe,2017,2013-2017,105.89999999999999,145665.65,0.07270073624083646
EST,Estonia,Europe,2018,2014-2018,106.56,145599.24,0.07318719520788708
EST,Estonia,Europe,2019,2015-2019,124.52,145448.56,0.08561102289359207
EST,Estonia,Europe,2020,2016-2020,131.2,140135.09,0.09362394529450117
EST,Estonia,Europe,2021,2017-2021,118.69,135579.49,0.08754273968724915
EST,Estonia,Europe,2022,2018-2022,97.83000000000001,137378.79,0.07121186611120975
EST,Estonia,Europe,2023,2019-2023,101.97,139576.65,0.07305663232352977
EST,Estonia,Europe,2024,2020-2024,197.56,143288.81,0.1378753860821372
EST,Estonia,Europe,2025,2021-2025,376.45,153264.5,0.2456211320951688
ETH,Ethiopia,Africa,2004,2000-2004,547.12,96813.81,0.5651259877077455
ETH,Ethiopia,Africa,2005,2001-2005,433.08,97676.36,0.4433826158141028
ETH,Ethiopia,Africa,2006,2002-2006,433.08,103801.38,0.41721988667202686
ETH,Ethiopia,Africa,2007,2003-2007,413.08,112642.01,0.3667193083646146
ETH,Ethiopia,Africa,2008,2004-2008,239.32,117597.49,0.20350774493571247
ETH,Ethiopia,Africa,2009,2005-2009,0.0,120318.36,0.0
ETH,Ethiopia,Africa,2010,2006-2010,58.0,124782.23,0.046480977299411946
ETH,Ethiopia,Africa,2011,2007-2011,134.48,130312.29000000001,0.1031982478398622
ETH,Ethiopia,Africa,2012,2008-2012,327.57,131715.82,0.2486945000228522
ETH,Ethiopia,Africa,2013,2009-2013,481.33,134983.95,0.3565831345133995
ETH,Ethiopia,Africa,2014,2010-2014,514.36,138017.22,0.37267813393140364
ETH,Ethiopia,Africa,2015,2011-2015,466.02000000000004,140889.51,0.3307698351708371
ETH,Ethiopia,Africa,2016,2012-2016,444.26,142356.04,0.31207667760356356
ETH,Ethiopia,Africa,2017,2013-2017,302.57,145665.65,0.20771540854003673
ETH,Ethiopia,Africa,2018,2014-2018,162.81,145599.24,0.1118206386242126
ETH,Ethiopia,Africa,2019,2015-2019,205.57999999999998,145448.56,0.1413420662260252
ETH,Ethiopia,Africa,2020,2016-2020,220.42000000000002,140135.09,0.15729108248333803
ETH,Ethiopia,Africa,2021,2017-2021,181.45,135579.49,0.13383292708948824
ETH,Ethiopia,Africa,2022,2018-2022,174.75,137378.79,0.12720304204164268
ETH,Ethiopia,Africa,2023,2019-2023,162.25,139576.65,0.11624437182007163
ETH,Ethiopia,Africa,2024,2020-2024,134.35,143288.81,0.0937616831349217
ETH,Ethiopia,Africa,2025,2021-2025,172.85,153264.5,0.11277888878376922
FJI,Fiji,Asia,2004,2000-2004,0.0,96813.81,0.0
FJI,Fiji,Asia,2005,2001-2005,0.0,97676.36,0.0
FJI,Fiji,Asia,2006,2002-2006,0.0,103801.38,0.0
FJI,Fiji,Asia,2007,2003-2007,0.0,112642.01,0.0
FJI,Fiji,Asia,2008,2004-2008,0.0,117597.49,0.0
FJI,Fiji,Asia,2009,2005-2009,0.0,120318.36,0.0
FJI,Fiji,Asia,2010,2006-2010,0.0,124782.23,0.0
FJI,Fiji,Asia,2011,2007-2011,0.0,130312.29000000001,0.0
FJI,Fiji,Asia,2012,2008-2012,0.0,131715.82,0.0
FJI,Fiji,Asia,2013,2009-2013,0.0,134983.95,0.0
FJI,Fiji,Asia,2014,2010-2014,0.0,138017.22,0.0
FJI,Fiji,Asia,2015,2011-2015,0.0,140889.51,0.0
FJI,Fiji,Asia,2016,2012-2016,0.0,142356.04,0.0
FJI,Fiji,Asia,2017,2013-2017,1.4,145665.65,0.0009611051061111524
FJI,Fiji,Asia,2018,2014-2018,1.4,145599.24,0.000961543480584102
FJI,Fiji,Asia,2019,2015-2019,1.4,145448.56,0.0009625396085048899
FJI,Fiji,Asia,2020,2016-2020,8.4,140135.09,0.005994216009708918
FJI,Fiji,Asia,2021,2017-2021,8.4,135579.49,0.006195627376972727
FJI,Fiji,Asia,2022,2018-2022,7.0,137378.79,0.005095400825702424
FJI,Fiji,Asia,2023,2019-2023,7.0,139576.65,0.005015165502252705
FJI,Fiji,Asia,2024,2020-2024,22.96,143288.81,0.016023582022908836
FJI,Fiji,Asia,2025,2021-2025,15.96,153264.5,0.010413370349950575
FIN,Finland,Europe,2004,2000-2004,802.6999999999999,96813.81,0.8291172509376502
FIN,Finland,Europe,2005,2001-2005,423.25,97676.36,0.43331876822600673
FIN,Finland,Europe,2006,2002-2006,548.35,103801.38,0.5282685066422046
FIN,Finland,Europe,2007,2003-2007,681.86,112642.01,0.6053336583748817
FIN,Finland,Europe,2008,2004-2008,574.42,117597.49,0.4884628064765668
FIN,Finland,Europe,2009,2005-2009,543.62,120318.36,0.45181799352983204
FIN,Finland,Europe,2010,2006-2010,491.86999999999995,124782.23,0.39418272938382326
FIN,Finland,Europe,2011,2007-2011,419.99,130312.29000000001,0.3222950037943466
FIN,Finland,Europe,2012,2008-2012,358.17999999999995,131715.82,0.2719339256286754
FIN,Finland,Europe,2013,2009-2013,477.67,134983.95,0.35387170104297583
FIN,Finland,Europe,2014,2010-2014,623.56,138017.22,0.45179869584389537
FIN,Finland,Europe,2015,2011-2015,850.31,140889.51,0.6035296737138202
FIN,Finland,Europe,2016,2012-2016,912.39,142356.04,0.6409211720134952
FIN,Finland,Europe,2017,2013-2017,872.4099999999999,145665.65,0.5989126468731646
FIN,Finland,Europe,2018,2014-2018,700.6,145599.24,0.48118383035515844
FIN,Finland,Europe,2019,2015-2019,603.9100000000001,145448.56,0.4152052106944202
FIN,Finland,Europe,2020,2016-2020,432.06,140135.09,0.3083167820422423
FIN,Finland,Europe,2021,2017-2021,330.46,135579.49,0.24373893130885801
FIN,Finland,Europe,2022,2018-2022,295.84000000000003,137378.79,0.21534619718225792
FIN,Finland,Europe,2023,2019-2023,251.3,139576.65,0.18004444153087212
FIN,Finland,Europe,2024,2020-2024,270.45000000000005,143288.81,0.18874467587524807
FIN,Finland,Europe,2025,2021-2025,225.85,153264.5,0.14735962992082316
FRA,France,Europe,2004,2000-2004,344.90000000000003,96813.81,0.35625082826509985
FRA,France,Europe,2005,2001-2005,248.50000000000003,97676.36,0.2544116099330483
FRA,France,Europe,2006,2002-2006,255.9,103801.38,0.24652851436079173
FRA,France,Europe,2007,2003-2007,292.86,112642.01,0.2599918094501332
FRA,France,Europe,2008,2004-2008,240.42000000000002,117597.49,0.20444313904999165
FRA,France,Europe,2009,2005-2009,219.77,120318.36,0.18265707744021778
FRA,France,Europe,2010,2006-2010,321.02,124782.23,0.25726419539064177
FRA,France,Europe,2011,2007-2011,293.87,130312.29000000001,0.22551211401472568
FRA,France,Europe,2012,2008-2012,304.27,131715.82,0.23100490130950102
FRA,France,Europe,2013,2009-2013,406.03,134983.95,0.3007987245891085
FRA,France,Europe,2014,2010-2014,351.46999999999997,138017.22,0.2546566290786033
FRA,France,Europe,2015,2011-2015,283.97,140889.51,0.20155510513167377
FRA,France,Europe,2016,2012-2016,280.67,142356.04,0.19716058412414394
FRA,France,Europe,2017,2013-2017,279.24,145665.65,0.1916992784503416
FRA,France,Europe,2018,2014-2018,376.82,145599.24,0.2588062959669295
FRA,France,Europe,2019,2015-2019,463.43,145448.56,0.3186212362638723
FRA,France,Europe,2020,2016-2020,652.28,140135.09,0.4654651450967777
FRA,France,Europe,2021,2017-2021,719.38,135579.49,0.5305964788626952
FRA,France,Europe,2022,2018-2022,764.74,137378.79,0.5566652610639531
FRA,France,Europe,2023,2019-2023,676.75,139576.65,0.48485903623564547
FRA,France,Europe,2024,2020-2024,755.5,143288.81,0.527256803933259
FRA,France,Europe,2025,2021-2025,766.6500000000001,153264.5,0.5002136828815544
GAB,Gabon,Africa,2004,2000-2004,7.0,96813.81,0.0072303734353601
GAB,Gabon,Africa,2005,2001-2005,7.0,97676.36,0.007166524223466149
GAB,Gabon,Africa,2006,2002-2006,26.53,103801.38,0.025558427065227842
GAB,Gabon,Africa,2007,2003-2007,45.010000000000005,112642.01,0.03995844889486614
GAB,Gabon,Africa,2008,2004-2008,45.010000000000005,117597.49,0.03827462643973099
GAB,Gabon,Africa,2009,2005-2009,38.010000000000005,120318.36,0.031591188576706
GAB,Gabon,Africa,2010,2006-2010,64.89000000000001,124782.23,0.05200259684411796
GAB,Gabon,Africa,2011,2007-2011,50.56,130312.29000000001,0.03879910329255974
GAB,Gabon,Africa,2012,2008-2012,32.78000000000001,131715.82,0.02488691183792502
GAB,Gabon,Africa,2013,2009-2013,34.98000000000001,134983.95,0.0259141920206069
GAB,Gabon,Africa,2014,2010-2014,34.98000000000001,138017.22,0.025344663513726776
GAB,Gabon,Africa,2015,2011-2015,12.600000000000001,140889.51,0.008943178239458708
GAB,Gabon,Africa,2016,2012-2016,10.22,142356.04,0.007179182562257281
GAB,Gabon,Africa,2017,2013-2017,9.52,145665.65,0.006535514721555838
GAB,Gabon,Africa,2018,2014-2018,7.32,145599.24,0.005027498769911162
GAB,Gabon,Africa,2019,2015-2019,33.42,145448.56,0.022977195511595307
GAB,Gabon,Africa,2020,2016-2020,28.92,140135.09,0.02063722940485499
GAB,Gabon,Africa,2021,2017-2021,28.5,135579.49,0.021020878600443178
GAB,Gabon,Africa,2022,2018-2022,28.5,137378.79,0.020745560504645585
GAB,Gabon,Africa,2023,2019-2023,44.35,139576.65,0.03177465571784392
GAB,Gabon,Africa,2024,2020-2024,24.5,143288.81,0.017098334475664917
GAB,Gabon,Africa,2025,2021-2025,24.5,153264.5,0.015985436940713603
GMB,Gambia,Africa,2004,2000-2004,4.6,96813.81,0.004751388257522351
GMB,Gambia,Africa,2005,2001-2005,4.6,97676.36,0.004709430203992041
GMB,Gambia,Africa,2006,2002-2006,4.6,103801.38,0.004431540312855186
GMB,Gambia,Africa,2007,2003-2007,4.6,112642.01,0.004083733946153837
GMB,Gambia,Africa,2008,2004-2008,4.6,117597.49,0.00391164811425822
GMB,Gambia,Africa,2009,2005-2009,16.0,120318.36,0.013298053597140121
GMB,Gambia,Africa,2010,2006-2010,16.0,124782.23,0.01282233856535502
GMB,Gambia,Africa,2011,2007-2011,16.0,130312.29000000001,0.01227819724448093
GMB,Gambia,Africa,2012,2008-2012,16.0,131715.82,0.012147363923331305
GMB,Gambia,Africa,2013,2009-2013,16.0,134983.95,0.011853261072890517
GMB,Gambia,Africa,2014,2010-2014,0.0,138017.22,0.0
GMB,Gambia,Africa,2015,2011-2015,0.0,140889.51,0.0
GMB,Gambia,Africa,2016,2012-2016,0.0,142356.04,0.0
GMB,Gambia,Africa,2017,2013-2017,0.0,145665.65,0.0
GMB,Gambia,Africa,2018,2014-2018,0.0,145599.24,0.0
GMB,Gambia,Africa,2019,2015-2019,0.0,145448.56,0.0
GMB,Gambia,Africa,2020,2016-2020,0.0,140135.09,0.0
GMB,Gambia,Africa,2021,2017-2021,0.0,135579.49,0.0
GMB,Gambia,Africa,2022,2018-2022,1.4,137378.79,0.001019080165140485
GMB,Gambia,Africa,2023,2019-2023,1.52,139576.65,0.0010890073662034444
GMB,Gambia,Africa,2024,2020-2024,1.52,143288.81,0.0010607946286943133
GMB,Gambia,Africa,2025,2021-2025,2.54,153264.5,0.0016572657073229615
GEO,Georgia,Europe,2004,2000-2004,129.79000000000002,96813.81,0.13406145259648394
GEO,Georgia,Europe,2005,2001-2005,218.75,97676.36,0.22395388198331714
GEO,Georgia,Europe,2006,2002-2006,230.8,103801.38,0.22234771830586453
GEO,Georgia,Europe,2007,2003-2007,392.13,112642.01,0.34812056354463133
GEO,Georgia,Europe,2008,2004-2008,522.97,117597.49,0.44471187267687434
GEO,Georgia,Europe,2009,2005-2009,523.36,120318.36,0.43497933316245335
GEO,Georgia,Europe,2010,2006-2010,428.4,124782.23,0.3433181150873806
GEO,Georgia,Europe,2011,2007-2011,333.03999999999996,130312.29000000001,0.25557067564387054
GEO,Georgia,Europe,2012,2008-2012,180.90999999999997,131715.82,0.13734872546061663
GEO,Georgia,Europe,2013,2009-2013,54.47,134983.95,0.04035294566502165
GEO,Georgia,Europe,2014,2010-2014,17.479999999999997,138017.22,0.012665086284160772
GEO,Georgia,Europe,2015,2011-2015,17.479999999999997,140889.51,0.012406885367122079
GEO,Georgia,Europe,2016,2012-2016,15.799999999999999,142356.04,0.011098931945564093
GEO,Georgia,Europe,2017,2013-2017,13.96,145665.65,0.009583590915222635
GEO,Georgia,Europe,2018,2014-2018,49.71,145599.24,0.03414166172845408
GEO,Georgia,Europe,2019,2015-2019,54.46,145448.56,0.03744279077084022
GEO,Georgia,Europe,2020,2016-2020,54.46,140135.09,0.03886250046294615
GEO,Georgia,Europe,2021,2017-2021,54.46,135579.49,0.04016831749403985
GEO,Georgia,Europe,2022,2018-2022,49.56,137378.79,0.03607543784597317
GEO,Georgia,Europe,2023,2019-2023,8.709999999999999,139576.65,0.006240298789231579
GEO,Georgia,Europe,2024,2020-2024,17.259999999999998,143288.81,0.012045602165305161
GEO,Georgia,Europe,2025,2021-2025,17.259999999999998,153264.5,0.011261577208029255
DEU,Germany,Europe,2004,2000-2004,631.8,96813.81,0.6525928480657873
DEU,Germany,Europe,2005,2001-2005,725.25,97676.36,0.742503099009832
DEU,Germany,Europe,2006,2002-2006,1004.9999999999999,103801.38,0.9681952205259697
DEU,Germany,Europe,2007,2003-2007,980.6499999999999,112642.01,0.8705899335425565
DEU,Germany,Europe,2008,2004-2008,1187.3999999999999,117597.49,1.0097154284500458
DEU,Germany,Europe,2009,2005-2009,1271.1,120318.36,1.0564472454578004
DEU,Germany,Europe,2010,2006-2010,1365.4399999999998,124782.23,1.0942583731673972
DEU,Germany,Europe,2011,2007-2011,1031.84,130312.29000000001,0.7918209402965751
DEU,Germany,Europe,2012,2008-2012,1125.64,131715.82,0.8545974204161657
DEU,Germany,Europe,2013,2009-2013,951.8899999999999,134983.95,0.7051875426671095
DEU,Germany,Europe,2014,2010-2014,700.3899999999999,138017.22,0.5074656626180414
DEU,Germany,Europe,2015,2011-2015,518.45,140889.51,0.36798339351169584
DEU,Germany,Europe,2016,2012-2016,493.67999999999995,142356.04,0.34679245081557475
DEU,Germany,Europe,2017,2013-2017,396.68,145665.65,0.27232226678012283
DEU,Germany,Europe,2018,2014-2018,307.38,145599.24,0.21111373932995803
DEU,Germany,Europe,2019,2015-2019,268.08,145448.56,0.18431258446285065
DEU,Germany,Europe,2020,2016-2020,254.38000000000002,140135.09,0.1815248414940184
DEU,Germany,Europe,2021,2017-2021,435.01,135579.49,0.32085236491153646
DEU,Germany,Europe,2022,2018-2022,661.3,137378.79,0.4813697951481447
DEU,Germany,Europe,2023,2019-2023,851.27,139576.65,0.6098942767289515
DEU,Germany,Europe,2024,2020-2024,1053.09,143288.81,0.7349422470603252
DEU,Germany,Europe,2025,2021-2025,2580.25,153264.5,1.6835274965827052
GHA,Ghana,Africa,2004,2000-2004,57.35,96813.81,0.05923741664541454
GHA,Ghana,Africa,2005,2001-2005,56.230000000000004,97676.36,0.0575676652979288
GHA,Ghana,Africa,2006,2002-2006,44.690000000000005,103801.38,0.04305337751771701
GHA,Ghana,Africa,2007,2003-2007,60.25,112642.01,0.05348803701212364
GHA,Ghana,Africa,2008,2004-2008,54.17,117597.49,0.046063908336819094
GHA,Ghana,Africa,2009,2005-2009,22.96,120318.36,0.019082706911896074
GHA,Ghana,Africa,2010,2006-2010,24.84,124782.23,0.01990668062271367
GHA,Ghana,Africa,2011,2007-2011,100.64,130312.29000000001,0.07722986066778506
GHA,Ghana,Africa,2012,2008-2012,123.5,131715.82,0.09376246528321351
GHA,Ghana,Africa,2013,2009-2013,175.38,134983.95,0.12992655793522118
GHA,Ghana,Africa,2014,2010-2014,185.94000000000003,138017.22,0.13472231943231433
GHA,Ghana,Africa,2015,2011-2015,197.04000000000002,140889.51,0.13985427303991618
GHA,Ghana,Africa,2016,2012-2016,143.24,142356.04,0.10062095011915195
GHA,Ghana,Africa,2017,2013-2017,103.98,145665.65,0.07138264923816974
GHA,Ghana,Africa,2018,2014-2018,52.550000000000004,145599.24,0.03609222136049611
GHA,Ghana,Africa,2019,2015-2019,37.85,145448.56,0.02602294584422149
GHA,Ghana,Africa,2020,2016-2020,36.55,140135.09,0.026081975613673918
GHA,Ghana,Africa,2021,2017-2021,14.55,135579.49,0.010731711706542045
GHA,Ghana,Africa,2022,2018-2022,55.03,137378.79,0.040057129634057775
GHA,Ghana,Africa,2023,2019-2023,62.5,139576.65,0.04477826341297058
GHA,Ghana,Africa,2024,2020-2024,71.75999999999999,143288.81,0.050080672733621
GHA,Ghana,Africa,2025,2021-2025,65.08,153264.5,0.04246254024904658
GRC,Greece,Europe,2004,2000-2004,5188.0599999999995,96813.81,5.358801600722045
GRC,Greece,Europe,2005,2001-2005,4862.92,97676.36,4.97860485382543
GRC,Greece,Europe,2006,2002-2006,4788.71,103801.38,4.613339437298425
GRC,Greece,Europe,2007,2003-2007,6051.82,112642.01,5.372613645654938
GRC,Greece,Europe,2008,2004-2008,4369.68,117597.49,3.715793593893883
GRC,Greece,Europe,2009,2005-2009,4488.29,120318.36,3.730345061219252
GRC,Greece,Europe,2010,2006-2010,4712.12,124782.23,3.776274875036293
GRC,Greece,Europe,2011,2007-2011,4062.9300000000003,130312.29000000001,3.1178409956574322
GRC,Greece,Europe,2012,2008-2012,2416.3700000000003,131715.82,1.8345328602137543
GRC,Greece,Europe,2013,2009-2013,1961.52,134983.95,1.4531505412310128
GRC,Greece,Europe,2014,2010-2014,949.22,138017.22,0.6877547598770646
GRC,Greece,Europe,2015,2011-2015,1048.03,140889.51,0.7438665944682468
GRC,Greece,Europe,2016,2012-2016,1280.08,142356.04,0.899210177523904
GRC,Greece,Europe,2017,2013-2017,1312.78,145665.65,0.9012282580004277
GRC,Greece,Europe,2018,2014-2018,1324.66,145599.24,0.9097987049932403
GRC,Greece,Europe,2019,2015-2019,1213.8600000000001,145448.56,0.834563092271247
GRC,Greece,Europe,2020,2016-2020,577.03,140135.09,0.411766960009802
GRC,Greece,Europe,2021,2017-2021,506.2700000000001,135579.49,0.3734119371595218
GRC,Greece,Europe,2022,2018-2022,896.44,137378.79,0.652531588027526
GRC,Greece,Europe,2023,2019-2023,1261.1200000000001,139576.65,0.9035322168858474
GRC,Greece,Europe,2024,2020-2024,1799.14,143288.81,1.2556039791243991
GRC,Greece,Europe,2025,2021-2025,2281.34,153264.5,1.48849864123786
GTM,Guatemala,Americas,2004,2000-2004,0.0,96813.81,0.0
GTM,Guatemala,Americas,2005,2001-2005,0.0,97676.36,0.0
GTM,Guatemala,Americas,2006,2002-2006,0.0,103801.38,0.0
GTM,Guatemala,Americas,2007,2003-2007,0.0,112642.01,0.0
GTM,Guatemala,Americas,2008,2004-2008,0.4,117597.49,0.00034014331428332354
GTM,Guatemala,Americas,2009,2005-2009,0.4,120318.36,0.00033245133992850304
GTM,Guatemala,Americas,2010,2006-2010,0.4,124782.23,0.0003205584641338755
GTM,Guatemala,Americas,2011,2007-2011,0.4,130312.29000000001,0.0003069549311120233
GTM,Guatemala,Americas,2012,2008-2012,2.5,131715.82,0.0018980256130205165
GTM,Guatemala,Americas,2013,2009-2013,2.1,134983.95,0.0015557405158168804
GTM,Guatemala,Americas,2014,2010-2014,2.1,138017.22,0.001521549267547919
GTM,Guatemala,Americas,2015,2011-2015,35.1,140889.51,0.024913139381349255
GTM,Guatemala,Americas,2016,2012-2016,35.1,142356.04,0.02465648805628479
GTM,Guatemala,Americas,2017,2013-2017,33.0,145665.65,0.02265462035833431
GTM,Guatemala,Americas,2018,2014-2018,37.28,145599.24,0.025604529254410948
GTM,Guatemala,Americas,2019,2015-2019,50.78,145448.56,0.03491268665705594
GTM,Guatemala,Americas,2020,2016-2020,17.78,140135.09,0.012687757220550542
GTM,Guatemala,Americas,2021,2017-2021,17.78,135579.49,0.013114077947925606
GTM,Guatemala,Americas,2022,2018-2022,27.78,137378.79,0.02022146213400191
GTM,Guatemala,Americas,2023,2019-2023,29.05,139576.65,0.020812936834348726
GTM,Guatemala,Americas,2024,2020-2024,15.55,143288.81,0.010852208208024062
GTM,Guatemala,Americas,2025,2021-2025,15.55,153264.5,0.010145858956248838
GIN,Guinea,Africa,2004,2000-2004,33.589999999999996,96813.81,0.03469546338482082
GIN,Guinea,Africa,2005,2001-2005,8.59,97676.36,0.008794349011367745
GIN,Guinea,Africa,2006,2002-2006,2.2199999999999998,103801.38,0.0021386998901170673
GIN,Guinea,Africa,2007,2003-2007,2.42,112642.01,0.002148399162976584
GIN,Guinea,Africa,2008,2004-2008,0.9199999999999999,117597.49,0.0007823296228516441
GIN,Guinea,Africa,2009,2005-2009,0.9199999999999999,120318.36,0.0007646380818355568
GIN,Guinea,Africa,2010,2006-2010,4.9,124782.23,0.003926841185639975
GIN,Guinea,Africa,2011,2007-2011,5.5,130312.29000000001,0.00422063030279032
GIN,Guinea,Africa,2012,2008-2012,9.3,131715.82,0.007060655280436322
GIN,Guinea,Africa,2013,2009-2013,9.3,134983.95,0.006889707998617613
GIN,Guinea,Africa,2014,2010-2014,14.420000000000002,138017.22,0.010447971637162377
GIN,Guinea,Africa,2015,2011-2015,9.719999999999999,140889.51,0.006899023213296716
GIN,Guinea,Africa,2016,2012-2016,9.120000000000001,142356.04,0.006406472110350921
GIN,Guinea,Africa,2017,2013-2017,7.52,145665.65,0.0051625074271113335
GIN,Guinea,Africa,2018,2014-2018,8.799999999999999,145599.24,0.006043987592242926
GIN,Guinea,Africa,2019,2015-2019,7.52,145448.56,0.005170212754254838
GIN,Guinea,Africa,2020,2016-2020,7.52,140135.09,0.005366250522977506
GIN,Guinea,Africa,2021,2017-2021,8.219999999999999,135579.49,0.006062863933180454
GIN,Guinea,Africa,2022,2018-2022,5.82,137378.79,0.00423646182936973
GIN,Guinea,Africa,2023,2019-2023,5.24,139576.65,0.003754209604543454
GIN,Guinea,Africa,2024,2020-2024,7.800000000000001,143288.81,0.00544355138408924
GIN,Guinea,Africa,2025,2021-2025,14.200000000000001,153264.5,0.009265028757474824
GUY,Guyana,Americas,2004,2000-2004,9.7,96813.81,0.010019231760427566
GUY,Guyana,Americas,2005,2001-2005,9.7,97676.36,0.00993075499537452
GUY,Guyana,Americas,2006,2002-2006,2.7,103801.38,0.0026011214879802175
GUY,Guyana,Americas,2007,2003-2007,0.2,112642.01,0.00017755364983277556
GUY,Guyana,Americas,2008,2004-2008,0.48000000000000004,117597.49,0.00040817197713998826
GUY,Guyana,Americas,2009,2005-2009,0.28,120318.36,0.00023271593794995212
GUY,Guyana,Americas,2010,2006-2010,0.28,124782.23,0.00022439092489371287
GUY,Guyana,Americas,2011,2007-2011,0.28,130312.29000000001,0.0002148684517784163
GUY,Guyana,Americas,2012,2008-2012,0.28,131715.82,0.00021257886865829782
GUY,Guyana,Americas,2013,2009-2013,0.0,134983.95,0.0
GUY,Guyana,Americas,2014,2010-2014,0.0,138017.22,0.0
GUY,Guyana,Americas,2015,2011-2015,0.0,140889.51,0.0
GUY,Guyana,Americas,2016,2012-2016,0.0,142356.04,0.0
GUY,Guyana,Americas,2017,2013-2017,0.0,145665.65,0.0
GUY,Guyana,Americas,2018,2014-2018,0.48,145599.24,0.00032967205048597785
GUY,Guyana,Americas,2019,2015-2019,2.48,145448.56,0.001705070163637234
GUY,Guyana,Americas,2020,2016-2020,2.48,140135.09,0.0017697209171521565
GUY,Guyana,Americas,2021,2017-2021,7.48,135579.49,0.005517058664256667
GUY,Guyana,Americas,2022,2018-2022,7.48,137378.79,0.005444799739464877
GUY,Guyana,Americas,2023,2019-2023,12.0,139576.65,0.008597426575290352
GUY,Guyana,Americas,2024,2020-2024,19.0,143288.81,0.013259932858678916
GUY,Guyana,Americas,2025,2021-2025,24.4,153264.5,0.015920190259322932
HTI,Haiti,Americas,2004,2000-2004,0.0,96813.81,0.0
HTI,Haiti,Americas,2005,2001-2005,0.0,97676.36,0.0
HTI,Haiti,Americas,2006,2002-2006,0.0,103801.38,0.0
HTI,Haiti,Americas,2007,2003-2007,0.0,112642.01,0.0
HTI,Haiti,Americas,2008,2004-2008,0.0,117597.49,0.0
HTI,Haiti,Americas,2009,2005-2009,0.0,120318.36,0.0
HTI,Haiti,Americas,2010,2006-2010,0.0,124782.23,0.0
HTI,Haiti,Americas,2011,2007-2011,0.0,130312.29000000001,0.0
HTI,Haiti,Americas,2012,2008-2012,0.0,131715.82,0.0
HTI,Haiti,Americas,2013,2009-2013,0.0,134983.95,0.0
HTI,Haiti,Americas,2014,2010-2014,0.0,138017.22,0.0
HTI,Haiti,Americas,2015,2011-2015,0.0,140889.51,0.0
HTI,Haiti,Americas,2016,2012-2016,0.0,142356.04,0.0
HTI,Haiti,Americas,2017,2013-2017,0.0,145665.65,0.0
HTI,Haiti,Americas,2018,2014-2018,0.0,145599.24,0.0
HTI,Haiti,Americas,2019,2015-2019,0.0,145448.56,0.0
HTI,Haiti,Americas,2020,2016-2020,0.0,140135.09,0.0
HTI,Haiti,Americas,2021,2017-2021,0.0,135579.49,0.0
HTI,Haiti,Americas,2022,2018-2022,0.0,137378.79,0.0
HTI,Haiti,Americas,2023,2019-2023,0.0,139576.65,0.0
HTI,Haiti,Americas,2024,2020-2024,0.0,143288.81,0.0
HTI,Haiti,Americas,2025,2021-2025,0.98,153264.5,0.0006394174776285441
HND,Honduras,Americas,2004,2000-2004,0.0,96813.81,0.0
HND,Honduras,Americas,2005,2001-2005,0.0,97676.36,0.0
HND,Honduras,Americas,2006,2002-2006,0.0,103801.38,0.0
HND,Honduras,Americas,2007,2003-2007,0.0,112642.01,0.0
HND,Honduras,Americas,2008,2004-2008,0.4,117597.49,0.00034014331428332354
HND,Honduras,Americas,2009,2005-2009,0.4,120318.36,0.00033245133992850304
HND,Honduras,Americas,2010,2006-2010,0.4,124782.23,0.0003205584641338755
HND,Honduras,Americas,2011,2007-2011,0.6000000000000001,130312.29000000001,0.00046043239666803494
HND,Honduras,Americas,2012,2008-2012,0.8,131715.82,0.0006073681961665653
HND,Honduras,Americas,2013,2009-2013,20.4,134983.95,0.015112907867935408
HND,Honduras,Americas,2014,2010-2014,33.4,138017.22,0.02419987882671452
HND,Honduras,Americas,2015,2011-2015,41.67,140889.51,0.029576368034781298
HND,Honduras,Americas,2016,2012-2016,41.47,142356.04,0.029131184036869807
HND,Honduras,Americas,2017,2013-2017,51.269999999999996,145665.65,0.03519704199308485
HND,Honduras,Americas,2018,2014-2018,32.269999999999996,145599.24,0.02216357722746355
HND,Honduras,Americas,2019,2015-2019,41.769999999999996,145448.56,0.028718056748035178
HND,Honduras,Americas,2020,2016-2020,33.98,140135.09,0.024248030953560595
HND,Honduras,Americas,2021,2017-2021,38.23,135579.49,0.028197480312103257
HND,Honduras,Americas,2022,2018-2022,28.23,137378.79,0.020549023615654208
HND,Honduras,Americas,2023,2019-2023,27.23,139576.65,0.019508993803763024
HND,Honduras,Americas,2024,2020-2024,11.23,143288.81,0.007837318210682327
HND,Honduras,Americas,2025,2021-2025,10.75,153264.5,0.007014018249496785
HUN,Hungary,Europe,2004,2000-2004,99.0,96813.81,0.10225813858580712
HUN,Hungary,Europe,2005,2001-2005,98.0,97676.36,0.10033133912852607
HUN,Hungary,Europe,2006,2002-2006,337.0,103801.38,0.3246584968330864
HUN,Hungary,Europe,2007,2003-2007,532.5,112642.01,0.47273659267976487
HUN,Hungary,Europe,2008,2004-2008,537.5,117597.49,0.45706757856821606
HUN,Hungary,Europe,2009,2005-2009,469.55,120318.36,0.39025631665857147
HUN,Hungary,Europe,2010,2006-2010,475.24,124782.23,0.3808555112374575
HUN,Hungary,Europe,2011,2007-2011,231.17000000000002,130312.29000000001,0.17739692856291606
HUN,Hungary,Europe,2012,2008-2012,35.67,131715.82,0.027081029446576727
HUN,Hungary,Europe,2013,2009-2013,32.21,134983.95,0.023862096197362723
HUN,Hungary,Europe,2014,2010-2014,35.36,138017.22,0.02561999147642591
HUN,Hungary,Europe,2015,2011-2015,17.169999999999998,140889.51,0.012186854791389364
HUN,Hungary,Europe,2016,2012-2016,22.84,142356.04,0.016044278837764804
HUN,Hungary,Europe,2017,2013-2017,28.259999999999998,145665.65,0.019400593070500835
HUN,Hungary,Europe,2018,2014-2018,53.459999999999994,145599.24,0.03671722462287578
HUN,Hungary,Europe,2019,2015-2019,61.959999999999994,145448.56,0.042599252959259266
HUN,Hungary,Europe,2020,2016-2020,117.35999999999999,140135.09,0.08374776082136173
HUN,Hungary,Europe,2021,2017-2021,122.96,135579.49,0.09069218360387696
HUN,Hungary,Europe,2022,2018-2022,157.89000000000001,137378.79,0.11493040519573655
HUN,Hungary,Europe,2023,2019-2023,376.9,139576.65,0.2700308396855778
HUN,Hungary,Europe,2024,2020-2024,941.8,143288.81,0.6572739350686212
HUN,Hungary,Europe,2025,2021-2025,1288.25,153264.5,0.8405403730152775
ISL,Iceland,Europe,2004,2000-2004,0.0,96813.81,0.0
ISL,Iceland,Europe,2005,2001-2005,0.0,97676.36,0.0
ISL,Iceland,Europe,2006,2002-2006,0.0,103801.38,0.0
ISL,Iceland,Europe,2007,2003-2007,0.0,112642.01,0.0
ISL,Iceland,Europe,2008,2004-2008,0.0,117597.49,0.0
ISL,Iceland,Europe,2009,2005-2009,0.0,120318.36,0.0
ISL,Iceland,Europe,2010,2006-2010,0.0,124782.23,0.0
ISL,Iceland,Europe,2011,2007-2011,50.0,130312.29000000001,0.03836936638900291
ISL,Iceland,Europe,2012,2008-2012,50.0,131715.82,0.03796051226041033
ISL,Iceland,Europe,2013,2009-2013,50.0,134983.95,0.03704144085278287
ISL,Iceland,Europe,2014,2010-2014,50.0,138017.22,0.03622736351304569
ISL,Iceland,Europe,2015,2011-2015,50.0,140889.51,0.03548880253753455
ISL,Iceland,Europe,2016,2012-2016,0.0,142356.04,0.0
ISL,Iceland,Europe,2017,2013-2017,0.0,145665.65,0.0
ISL,Iceland,Europe,2018,2014-2018,0.0,145599.24,0.0
ISL,Iceland,Europe,2019,2015-2019,0.0,145448.56,0.0
ISL,Iceland,Europe,2020,2016-2020,0.0,140135.09,0.0
ISL,Iceland,Europe,2021,2017-2021,0.0,135579.49,0.0
ISL,Iceland,Europe,2022,2018-2022,0.0,137378.79,0.0
ISL,Iceland,Europe,2023,2019-2023,0.0,139576.65,0.0
ISL,Iceland,Europe,2024,2020-2024,0.0,143288.81,0.0
ISL,Iceland,Europe,2025,2021-2025,0.0,153264.5,0.0
IND,India,Asia,2004,2000-2004,8984.039999999999,96813.81,9.279709165458936
IND,India,Asia,2005,2001-2005,9198.3,97676.36,9.417119966386952
IND,India,Asia,2006,2002-2006,9635.13,103801.38,9.282275437956605
IND,India,Asia,2007,2003-2007,10032.489999999998,112642.01,8.90652608205411
IND,India,Asia,2008,2004-2008,8877.86,117597.49,7.549361810358368
IND,India,Asia,2009,2005-2009,8590.1,120318.36,7.139475637799585
IND,India,Asia,2010,2006-2010,10285.650000000001,124782.23,8.242880416546491
IND,India,Asia,2011,2007-2011,12424.4,130312.29000000001,9.534327115270553
IND,India,Asia,2012,2008-2012,14630.95,131715.82,11.10796713712901
IND,India,Asia,2013,2009-2013,18289.9,134983.95,13.549684981066267
IND,India,Asia,2014,2010-2014,19613.550000000003,138017.22,14.210944112625947
IND,India,Asia,2015,2011-2015,19449.5,140889.51,13.804789299075566
IND,India,Asia,2016,2012-2016,18475.300000000003,142356.04,12.978234011005085
IND,India,Asia,2017,2013-2017,16651.4,145665.65,11.431246831356605
IND,India,Asia,2018,2014-2018,13330.94,145599.24,9.155913176469879
IND,India,Asia,2019,2015-2019,13250.699999999999,145448.56,9.110231136011246
IND,India,Asia,2020,2016-2020,13187.51,140135.09,9.410569472642434
IND,India,Asia,2021,2017-2021,14494.52,135579.49,10.690791062866516
IND,India,Asia,2022,2018-2022,14512.98,137378.79,10.564207182200395
IND,India,Asia,2023,2019-2023,14071.34,139576.65,10.08144270549551
IND,India,Asia,2024,2020-2024,12472.4,143288.81,8.70437824139931
IND,India,Asia,2025,2021-2025,12665.759999999998,153264.5,8.26398807290664
IDN,Indonesia,Asia,2004,2000-2004,689.7,96813.81,0.7123983654811231
IDN,Indonesia,Asia,2005,2001-2005,551.69,97676.36,0.564814249834863
IDN,Indonesia,Asia,2006,2002-2006,592.74,103801.38,0.5710328706612571
IDN,Indonesia,Asia,2007,2003-2007,1103.39,112642.01,0.9795546084449311
IDN,Indonesia,Asia,2008,2004-2008,989.3300000000002,117597.49,0.8412849627998013
IDN,Indonesia,Asia,2009,2005-2009,1355.38,120318.36,1.1264947427807361
IDN,Indonesia,Asia,2010,2006-2010,1543.53,124782.23,1.2369790153614022
IDN,Indonesia,Asia,2011,2007-2011,1737.3400000000001,130312.29000000001,1.3332127000454064
IDN,Indonesia,Asia,2012,2008-2012,1321.29,131715.82,1.0031369048911511
IDN,Indonesia,Asia,2013,2009-2013,1915.32,134983.95,1.4189242498830414
IDN,Indonesia,Asia,2014,2010-2014,2667.75,138017.22,1.9329109802385527
IDN,Indonesia,Asia,2015,2011-2015,2884.99,140889.51,2.0476968086552363
IDN,Indonesia,Asia,2016,2012-2016,2980.51,142356.04,2.0937011172831164
IDN,Indonesia,Asia,2017,2013-2017,3989.8,145665.65,2.7390122516873405
IDN,Indonesia,Asia,2018,2014-2018,3513.17,145599.24,2.412904078345464
IDN,Indonesia,Asia,2019,2015-2019,2557.0,145448.56,1.7580098421050028
IDN,Indonesia,Asia,2020,2016-2020,2401.78,140135.09,1.7139033485474624
IDN,Indonesia,Asia,2021,2017-2021,2415.45,135579.49,1.7815747794891394
IDN,Indonesia,Asia,2022,2018-2022,1330.04,137378.79,0.9681552734596075
IDN,Indonesia,Asia,2023,2019-2023,1363.71,139576.65,0.9770330495824339
IDN,Indonesia,Asia,2024,2020-2024,1310.22,143288.81,0.9143910121104363
IDN,Indonesia,Asia,2025,2021-2025,2304.15,153264.5,1.5033814092630713
IRN,Iran,Middle East,2004,2000-2004,1778.52,96813.81,1.8370519660366635
IRN,Iran,Middle East,2005,2001-2005,1414.3000000000002,97676.36,1.4479450298925964
IRN,Iran,Middle East,2006,2002-2006,1306.19,103801.38,1.2583551394018075
IRN,Iran,Middle East,2007,2003-2007,1195.9,112642.01,1.0616820491750814
IRN,Iran,Middle East,2008,2004-2008,970.25,117597.49,0.8250601267084866
IRN,Iran,Middle East,2009,2005-2009,945.6,120318.36,0.7859149675909812
IRN,Iran,Middle East,2010,2006-2010,979.85,124782.23,0.7852480277039448
IRN,Iran,Middle East,2011,2007-2011,651.0,130312.29000000001,0.49956915038481786
IRN,Iran,Middle East,2012,2008-2012,365.25,131715.82,0.27730154206229746
IRN,Iran,Middle East,2013,2009-2013,321.75,134983.95,0.23836167188765775
IRN,Iran,Middle East,2014,2010-2014,243.25,138017.22,0.17624612349096727
IRN,Iran,Middle East,2015,2011-2015,167.25,140889.51,0.11871004448805308
IRN,Iran,Middle East,2016,2012-2016,491.0,142356.04,0.344909847169112
IRN,Iran,Middle East,2017,2013-2017,454.75,145665.65,0.31218753357431905
IRN,Iran,Middle East,2018,2014-2018,444.0,145599.24,0.30494664669952953
IRN,Iran,Middle East,2019,2015-2019,432.75,145448.56,0.2975278682717794
IRN,Iran,Middle East,2020,2016-2020,423.5,140135.09,0.3022083904894913
IRN,Iran,Middle East,2021,2017-2021,10.5,135579.49,0.007744534221215908
IRN,Iran,Middle East,2022,2018-2022,7.5,137378.79,0.005459358027538312
IRN,Iran,Middle East,2023,2019-2023,25.5,139576.65,0.018269531472492
IRN,Iran,Middle East,2024,2020-2024,65.0,143288.81,0.04536292820074366
IRN,Iran,Middle East,2025,2021-2025,63.0,153264.5,0.04110540927612069
IRQ,Iraq,Middle East,2004,2000-2004,49.32,96813.81,0.05094314540456574
IRQ,Iraq,Middle East,2005,2001-2005,244.43,97676.36,0.25024478799169014
IRQ,Iraq,Middle East,2006,2002-2006,550.77,103801.38,0.530599882198098
IRQ,Iraq,Middle East,2007,2003-2007,850.19,112642.01,0.7547716877566373
IRQ,Iraq,Middle East,2008,2004-2008,1229.6200000000001,117597.49,1.0456175552726508
IRQ,Iraq,Middle East,2009,2005-2009,1598.1600000000003,120318.36,1.3282760835503413
IRQ,Iraq,Middle East,2010,2006-2010,1883.42,124782.23,1.5093655562975594
IRQ,Iraq,Middle East,2011,2007-2011,2199.68,130312.29000000001,1.6880065571712382
IRQ,Iraq,Middle East,2012,2008-2012,2423.3599999999997,131715.82,1.8398397398277593
IRQ,Iraq,Middle East,2013,2009-2013,2418.87,134983.95,1.7919686007114177
IRQ,Iraq,Middle East,2014,2010-2014,2629.5800000000004,138017.22,1.9052550109326942
IRQ,Iraq,Middle East,2015,2011-2015,3637.19,140889.51,2.581590354029906
IRQ,Iraq,Middle East,2016,2012-2016,4845.12,142356.04,3.4035226043095883
IRQ,Iraq,Middle East,2017,2013-2017,5266.959999999999,145665.65,3.615787249773711
IRQ,Iraq,Middle East,2018,2014-2018,5346.290000000001,145599.24,3.671921639151414
IRQ,Iraq,Middle East,2019,2015-2019,4861.700000000001,145448.56,3.3425562961915887
IRQ,Iraq,Middle East,2020,2016-2020,3378.2900000000004,140135.09,2.4107380956475644
IRQ,Iraq,Middle East,2021,2017-2021,1547.76,135579.49,1.141588598688489
IRQ,Iraq,Middle East,2022,2018-2022,657.4200000000001,137378.79,0.4785454872618983
IRQ,Iraq,Middle East,2023,2019-2023,233.63,139576.65,0.16738473089875705
IRQ,Iraq,Middle East,2024,2020-2024,169.51999999999998,143288.81,0.11830651674753945
IRQ,Iraq,Middle East,2025,2021-2025,220.14999999999998,153264.5,0.1436405690815551
IRL,Ireland,Europe,2004,2000-2004,91.77000000000001,96813.81,0.09479019573757091
IRL,Ireland,Europe,2005,2001-2005,96.25,97676.36,0.09853970807265953
IRL,Ireland,Europe,2006,2002-2006,65.58,103801.38,0.06317835080805284
IRL,Ireland,Europe,2007,2003-2007,70.1,112642.01,0.062232554266387824
IRL,Ireland,Europe,2008,2004-2008,108.39999999999999,117597.49,0.09217883817078068
IRL,Ireland,Europe,2009,2005-2009,81.64999999999999,120318.36,0.06786162976290568
IRL,Ireland,Europe,2010,2006-2010,81.2,124782.23,0.06507336821917672
IRL,Ireland,Europe,2011,2007-2011,68.11999999999999,130312.29000000001,0.05227442476837755
IRL,Ireland,Europe,2012,2008-2012,42.349999999999994,131715.82,0.03215255388456754
IRL,Ireland,Europe,2013,2009-2013,4.05,134983.95,0.003000356709075412
IRL,Ireland,Europe,2014,2010-2014,44.05,138017.22,0.03191630725499325
IRL,Ireland,Europe,2015,2011-2015,82.5,140889.51,0.058556524186932
IRL,Ireland,Europe,2016,2012-2016,125.0,142356.04,0.0878080058984501
IRL,Ireland,Europe,2017,2013-2017,127.25,145665.65,0.08735758910903153
IRL,Ireland,Europe,2018,2014-2018,132.4,145599.24,0.09093454059238222
IRL,Ireland,Europe,2019,2015-2019,127.25,145448.56,0.08748797513017662
IRL,Ireland,Europe,2020,2016-2020,93.65,140135.09,0.0668283725368143
IRL,Ireland,Europe,2021,2017-2021,51.15,135579.49,0.037726945277637494
IRL,Ireland,Europe,2022,2018-2022,49.9,137378.79,0.03632292874322157
IRL,Ireland,Europe,2023,2019-2023,107.95,139576.65,0.07734101656688279
IRL,Ireland,Europe,2024,2020-2024,73.10000000000001,143288.81,0.05101584694575941
IRL,Ireland,Europe,2025,2021-2025,78.2,153264.5,0.051022904847502194
ISR,Israel,Middle East,2004,2000-2004,1889.73,96813.81,1.9519219417147202
ISR,Israel,Middle East,2005,2001-2005,2604.3,97676.36,2.666254147881842
ISR,Israel,Middle East,2006,2002-2006,3612.9000000000005,103801.38,3.480589564416196
ISR,Israel,Middle East,2007,2003-2007,4103.17,112642.01,3.642664046921748
ISR,Israel,Middle East,2008,2004-2008,4594.46,117597.49,3.906937129355397
ISR,Israel,Middle East,2009,2005-2009,3911.02,120318.36,3.2505595987179343
ISR,Israel,Middle East,2010,2006-2010,2883.3,124782.23,2.310665549093008
ISR,Israel,Middle East,2011,2007-2011,1844.3,130312.29000000001,1.4152924486247613
ISR,Israel,Middle East,2012,2008-2012,1140.54,131715.82,0.8659096530697679
ISR,Israel,Middle East,2013,2009-2013,620.66,134983.95,0.4598028135937643
ISR,Israel,Middle East,2014,2010-2014,1006.7,138017.22,0.729401736971662
ISR,Israel,Middle East,2015,2011-2015,1625.3200000000002,140889.51,1.1536132108061132
ISR,Israel,Middle East,2016,2012-2016,2191.17,142356.04,1.5392181462760552
ISR,Israel,Middle East,2017,2013-2017,2619.6200000000003,145665.65,1.7983786843363554
ISR,Israel,Middle East,2018,2014-2018,2950.73,145599.24,2.0266108531885196
ISR,Israel,Middle East,2019,2015-2019,2918.7,145448.56,2.006688825245159
ISR,Israel,Middle East,2020,2016-2020,2604.02,140135.09,1.8582212349526446
ISR,Israel,Middle East,2021,2017-2021,2410.37,135579.49,1.7778279000754467
ISR,Israel,Middle East,2022,2018-2022,2678.54,137378.79,1.9497478468109959
ISR,Israel,Middle East,2023,2019-2023,3049.92,139576.65,2.185121938375796
ISR,Israel,Middle East,2024,2020-2024,2770.11,143288.81,1.9332354005871082
ISR,Israel,Middle East,2025,2021-2025,2927.9,153264.5,1.9103575844373617
ITA,Italy,Europe,2004,2000-2004,1858.6999999999998,96813.81,1.9198707291862596
ITA,Italy,Europe,2005,2001-2005,1717.3799999999999,97676.36,1.7582350529851847
ITA,Italy,Europe,2006,2002-2006,1867.1599999999999,103801.38,1.7987814805544973
ITA,Italy,Europe,2007,2003-2007,2093.97,112642.01,1.8589600807016846
ITA,Italy,Europe,2008,2004-2008,1636.2,117597.49,1.391356227075935
ITA,Italy,Europe,2009,2005-2009,1240.9199999999998,120318.36,1.0313637918601948
ITA,Italy,Europe,2010,2006-2010,1202.1,124782.23,0.9633583243383292
ITA,Italy,Europe,2011,2007-2011,1103.85,130312.29000000001,0.847080501770017
ITA,Italy,Europe,2012,2008-2012,825.56,131715.82,0.6267736100340869
ITA,Italy,Europe,2013,2009-2013,737.3199999999999,134983.95,0.5462279033914772
ITA,Italy,Europe,2014,2010-2014,770.02,138017.22,0.5579158890463088
ITA,Italy,Europe,2015,2011-2015,909.62,140889.51,0.6456264912838435
ITA,Italy,Europe,2016,2012-2016,1358.0700000000002,142356.04,0.9539953485640651
ITA,Italy,Europe,2017,2013-2017,1878.2200000000003,145665.65,1.289404880285778
ITA,Italy,Europe,2018,2014-2018,2082.2000000000003,145599.24,1.4300898823372983
ITA,Italy,Europe,2019,2015-2019,2133.3,145448.56,1.4667041048739158
ITA,Italy,Europe,2020,2016-2020,2097.5499999999997,140135.09,1.4968056894243975
ITA,Italy,Europe,2021,2017-2021,1574.35,135579.49,1.1612007096353585
ITA,Italy,Europe,2022,2018-2022,1102.6000000000001,137378.79,0.8025984214884991
ITA,Italy,Europe,2023,2019-2023,1252.6,139576.65,0.8974280440173911
ITA,Italy,Europe,2024,2020-2024,1568.7,143288.81,1.0947819302847166
ITA,Italy,Europe,2025,2021-2025,1933.69,153264.5,1.2616685533832037
JAM,Jamaica,Americas,2004,2000-2004,0.0,96813.81,0.0
JAM,Jamaica,Americas,2005,2001-2005,10.0,97676.36,0.010237891747808783
JAM,Jamaica,Americas,2006,2002-2006,20.15,103801.38,0.019412073326963472
JAM,Jamaica,Americas,2007,2003-2007,34.2,112642.01,0.030361674121404617
JAM,Jamaica,Americas,2008,2004-2008,36.2,117597.49,0.03078296994264078
JAM,Jamaica,Americas,2009,2005-2009,36.2,120318.36,0.030086846263529525
JAM,Jamaica,Americas,2010,2006-2010,26.900000000000002,124782.23,0.021557556713003127
JAM,Jamaica,Americas,2011,2007-2011,16.75,130312.29000000001,0.012853737740315974
JAM,Jamaica,Americas,2012,2008-2012,2.7,131715.82,0.0020498676620621576
JAM,Jamaica,Americas,2013,2009-2013,1.4,134983.95,0.0010371603438779201
JAM,Jamaica,Americas,2014,2010-2014,1.4,138017.22,0.0010143661783652792
JAM,Jamaica,Americas,2015,2011-2015,2.9799999999999995,140889.51,0.0021151326312370588
JAM,Jamaica,Americas,2016,2012-2016,25.26,142356.04,0.017744241831958798
JAM,Jamaica,Americas,2017,2013-2017,25.26,145665.65,0.01734108212883408
JAM,Jamaica,Americas,2018,2014-2018,43.260000000000005,145599.24,0.029711693550048757
JAM,Jamaica,Americas,2019,2015-2019,46.620000000000005,145448.56,0.03205256896321284
JAM,Jamaica,Americas,2020,2016-2020,54.34,140135.09,0.03877686880566459
JAM,Jamaica,Americas,2021,2017-2021,60.940000000000005,135579.49,0.04494780147056167
JAM,Jamaica,Americas,2022,2018-2022,60.940000000000005,137378.79,0.04435910375975797
JAM,Jamaica,Americas,2023,2019-2023,52.24,139576.65,0.03742746369109733
JAM,Jamaica,Americas,2024,2020-2024,58.88,143288.81,0.041091834037842875
JAM,Jamaica,Americas,2025,2021-2025,48.88,153264.5,0.0318925778637584
JPN,Japan,Asia,2004,2000-2004,2223.55,96813.81,2.2967281217421363
JPN,Japan,Asia,2005,2001-2005,2101.66,97676.36,2.151656757069981
JPN,Japan,Asia,2006,2002-2006,2143.93,103801.38,2.065415700639047
JPN,Japan,Asia,2007,2003-2007,2253.99,112642.01,2.0010207559328883
JPN,Japan,Asia,2008,2004-2008,2786.3,117597.49,2.369353291469061
JPN,Japan,Asia,2009,2005-2009,3377.96,120318.36,2.807518320562215
JPN,Japan,Asia,2010,2006-2010,3660.29,124782.23,2.933342351711458
JPN,Japan,Asia,2011,2007-2011,3490.53,130312.29000000001,2.6785884892361262
JPN,Japan,Asia,2012,2008-2012,3177.16,131715.82,2.4121324226657053
JPN,Japan,Asia,2013,2009-2013,2528.15,134983.95,1.87292637383926
JPN,Japan,Asia,2014,2010-2014,1853.7600000000002,138017.22,1.3431367477188716
JPN,Japan,Asia,2015,2011-2015,1539.38,140889.51,1.092615057004599
JPN,Japan,Asia,2016,2012-2016,1572.18,142356.04,1.1043999257074024
JPN,Japan,Asia,2017,2013-2017,1779.07,145665.65,1.2213380436636916
JPN,Japan,Asia,2018,2014-2018,2201.8999999999996,145599.24,1.5123018499272385
JPN,Japan,Asia,2019,2015-2019,2878.12,145448.56,1.9787889271643526
JPN,Japan,Asia,2020,2016-2020,3463.71,140135.09,2.471693563689152
JPN,Japan,Asia,2021,2017-2021,4140.28,135579.49,3.053765728134838
JPN,Japan,Asia,2022,2018-2022,5160.139999999999,137378.79,3.7561402309628718
JPN,Japan,Asia,2023,2019-2023,5248.150000000001,139576.65,3.760048690092505
JPN,Japan,Asia,2024,2020-2024,5299.1,143288.81,3.69819527428555
JPN,Japan,Asia,2025,2021-2025,6085.450000000001,153264.5,3.970554172688392
JOR,Jordan,Middle East,2004,2000-2004,880.82,96813.81,0.9098082184762691
JOR,Jordan,Middle East,2005,2001-2005,820.44,97676.36,0.839957590557224
JOR,Jordan,Middle East,2006,2002-2006,709.99,103801.38,0.6839889797226203
JOR,Jordan,Middle East,2007,2003-2007,757.17,112642.01,0.6721914852194133
JOR,Jordan,Middle East,2008,2004-2008,633.11,117597.49,0.5383703342647874
JOR,Jordan,Middle East,2009,2005-2009,694.62,120318.36,0.5773183743528418
JOR,Jordan,Middle East,2010,2006-2010,702.6800000000001,124782.23,0.5631250539439792
JOR,Jordan,Middle East,2011,2007-2011,863.6600000000001,130312.29000000001,0.6627617395105251
JOR,Jordan,Middle East,2012,2008-2012,869.24,131715.82,0.6599359135447814
JOR,Jordan,Middle East,2013,2009-2013,784.3599999999999,134983.95,0.5810764909457753
JOR,Jordan,Middle East,2014,2010-2014,748.53,138017.22,0.5423453682084017
JOR,Jordan,Middle East,2015,2011-2015,889.6299999999999,140889.51,0.6314380680293372
JOR,Jordan,Middle East,2016,2012-2016,922.04,142356.04,0.6476999500688555
JOR,Jordan,Middle East,2017,2013-2017,1100.06,145665.65,0.7551952021633103
JOR,Jordan,Middle East,2018,2014-2018,1198.35,145599.24,0.823046878541399
JOR,Jordan,Middle East,2019,2015-2019,1217.81,145448.56,0.8372788290238143
JOR,Jordan,Middle East,2020,2016-2020,1138.17,140135.09,0.812194861401238
JOR,Jordan,Middle East,2021,2017-2021,962.56,135579.49,0.7099598914260556
JOR,Jordan,Middle East,2022,2018-2022,649.56,137378.79,0.47282408004903803
JOR,Jordan,Middle East,2023,2019-2023,501.10999999999996,139576.65,0.359021369261979
JOR,Jordan,Middle East,2024,2020-2024,321.38,143288.81,0.22428827484853842
JOR,Jordan,Middle East,2025,2021-2025,172.96,153264.5,0.11285066013329897
KAZ,Kazakhstan,Asia,2004,2000-2004,331.15,96813.81,0.342048309017071
KAZ,Kazakhstan,Asia,2005,2001-2005,254.63,97676.36,0.26068743757445506
KAZ,Kazakhstan,Asia,2006,2002-2006,160.91,103801.38,0.15501720690033213
KAZ,Kazakhstan,Asia,2007,2003-2007,222.4,112642.01,0.19743965861404641
KAZ,Kazakhstan,Asia,2008,2004-2008,260.65,117597.49,0.2216458871698707
KAZ,Kazakhstan,Asia,2009,2005-2009,264.05,120318.36,0.21945944077030305
KAZ,Kazakhstan,Asia,2010,2006-2010,279.42,124782.23,0.22392611512071872
KAZ,Kazakhstan,Asia,2011,2007-2011,296.99,130312.29000000001,0.22790636247739948
KAZ,Kazakhstan,Asia,2012,2008-2012,309.59000000000003,131715.82,0.2350438998140087
KAZ,Kazakhstan,Asia,2013,2009-2013,414.51000000000005,134983.95,0.3070809529577405
KAZ,Kazakhstan,Asia,2014,2010-2014,445.06000000000006,138017.22,0.32246700810232237
KAZ,Kazakhstan,Asia,2015,2011-2015,831.36,140889.51,0.5900794175520945
KAZ,Kazakhstan,Asia,2016,2012-2016,1022.71,142356.04,0.7184170056992313
KAZ,Kazakhstan,Asia,2017,2013-2017,1148.22,145665.65,0.7882572178135341
KAZ,Kazakhstan,Asia,2018,2014-2018,1283.7,145599.24,0.881666690018437
KAZ,Kazakhstan,Asia,2019,2015-2019,1432.25,145448.56,0.984712395915092
KAZ,Kazakhstan,Asia,2020,2016-2020,1256.35,140135.09,0.8965277718806902
KAZ,Kazakhstan,Asia,2021,2017-2021,1196.75,135579.49,0.8826925075466798
KAZ,Kazakhstan,Asia,2022,2018-2022,1166.1,137378.79,0.8488209861216567
KAZ,Kazakhstan,Asia,2023,2019-2023,1110.65,139576.65,0.7957276521538525
KAZ,Kazakhstan,Asia,2024,2020-2024,1338.8,143288.81,0.9343367426947018
KAZ,Kazakhstan,Asia,2025,2021-2025,1086.54,153264.5,0.7089312919821615
KEN,Kenya,Africa,2004,2000-2004,15.0,96813.81,0.01549365736148593
KEN,Kenya,Africa,2005,2001-2005,0.0,97676.36,0.0
KEN,Kenya,Africa,2006,2002-2006,0.0,103801.38,0.0
KEN,Kenya,Africa,2007,2003-2007,11.2,112642.01,0.00994300439063543
KEN,Kenya,Africa,2008,2004-2008,11.2,117597.49,0.009524012799933059
KEN,Kenya,Africa,2009,2005-2009,45.519999999999996,120318.36,0.03783296248386364
KEN,Kenya,Africa,2010,2006-2010,141.68,124782.23,0.11354180799621871
KEN,Kenya,Africa,2011,2007-2011,176.63,130312.29000000001,0.13554362370579168
KEN,Kenya,Africa,2012,2008-2012,233.59,131715.82,0.17734392117818495
KEN,Kenya,Africa,2013,2009-2013,235.03,134983.95,0.17411699687259113
KEN,Kenya,Africa,2014,2010-2014,217.21,138017.22,0.15737891257337308
KEN,Kenya,Africa,2015,2011-2015,150.8,140889.51,0.10703422845320422
KEN,Kenya,Africa,2016,2012-2016,147.55,142356.04,0.10364857016253051
KEN,Kenya,Africa,2017,2013-2017,95.89,145665.65,0.06582883473214172
KEN,Kenya,Africa,2018,2014-2018,101.33,145599.24,0.0695951434911336
KEN,Kenya,Africa,2019,2015-2019,102.47,145448.56,0.07045102405964006
KEN,Kenya,Africa,2020,2016-2020,143.42000000000002,140135.09,0.10234410239433965
KEN,Kenya,Africa,2021,2017-2021,115.32,135579.49,0.08505711298958273
KEN,Kenya,Africa,2022,2018-2022,99.89999999999999,137378.79,0.0727186489268103
KEN,Kenya,Africa,2023,2019-2023,93.02,139576.65,0.06664438500279238
KEN,Kenya,Africa,2024,2020-2024,94.53,143288.81,0.06597165542794305
KEN,Kenya,Africa,2025,2021-2025,140.62,153264.5,0.09174988337155703
XKX,Kosovo,Europe,2004,2000-2004,0.0,96813.81,0.0
XKX,Kosovo,Europe,2005,2001-2005,0.0,97676.36,0.0
XKX,Kosovo,Europe,2006,2002-2006,0.0,103801.38,0.0
XKX,Kosovo,Europe,2007,2003-2007,0.0,112642.01,0.0
XKX,Kosovo,Europe,2008,2004-2008,0.0,117597.49,0.0
XKX,Kosovo,Europe,2009,2005-2009,0.0,120318.36,0.0
XKX,Kosovo,Europe,2010,2006-2010,0.0,124782.23,0.0
XKX,Kosovo,Europe,2011,2007-2011,0.0,130312.29000000001,0.0
XKX,Kosovo,Europe,2012,2008-2012,0.0,131715.82,0.0
XKX,Kosovo,Europe,2013,2009-2013,0.0,134983.95,0.0
XKX,Kosovo,Europe,2014,2010-2014,1.4,138017.22,0.0010143661783652792
XKX,Kosovo,Europe,2015,2011-2015,1.4,140889.51,0.0009936864710509675
XKX,Kosovo,Europe,2016,2012-2016,1.4,142356.04,0.0009834496660626412
XKX,Kosovo,Europe,2017,2013-2017,1.4,145665.65,0.0009611051061111524
XKX,Kosovo,Europe,2018,2014-2018,2.57,145599.24,0.0017651191036436727
XKX,Kosovo,Europe,2019,2015-2019,1.17,145448.56,0.0008044081013933724
XKX,Kosovo,Europe,2020,2016-2020,4.42,140135.09,0.0031540993765373114
XKX,Kosovo,Europe,2021,2017-2021,13.22,135579.49,0.009750737371854697
XKX,Kosovo,Europe,2022,2018-2022,14.32,137378.79,0.010423734260579817
XKX,Kosovo,Europe,2023,2019-2023,27.0,139576.65,0.01934420979440329
XKX,Kosovo,Europe,2024,2020-2024,27.0,143288.81,0.01884306248338583
XKX,Kosovo,Europe,2025,2021-2025,31.75,153264.5,0.020715821341537016
KWT,Kuwait,Middle East,2004,2000-2004,358.86,96813.81,0.37067025871618936
KWT,Kuwait,Middle East,2005,2001-2005,144.35999999999999,97676.36,0.1477942052713676
KWT,Kuwait,Middle East,2006,2002-2006,82.56,103801.38,0.07953651483246175
KWT,Kuwait,Middle East,2007,2003-2007,348.48,112642.01,0.30936947946862814
KWT,Kuwait,Middle East,2008,2004-2008,310.88,117597.49,0.26435938386099905
KWT,Kuwait,Middle East,2009,2005-2009,317.29,120318.36,0.26370871411478686
KWT,Kuwait,Middle East,2010,2006-2010,392.29,124782.23,0.31437969973769503
KWT,Kuwait,Middle East,2011,2007-2011,503.01,130312.29000000001,0.38600349974664705
KWT,Kuwait,Middle East,2012,2008-2012,246.04999999999998,131715.82,0.1868036808334792
KWT,Kuwait,Middle East,2013,2009-2013,314.95,134983.95,0.23332403593167927
KWT,Kuwait,Middle East,2014,2010-2014,1007.98,138017.22,0.730329157477596
KWT,Kuwait,Middle East,2015,2011-2015,1238.78,140889.51,0.8792563761489409
KWT,Kuwait,Middle East,2016,2012-2016,1270.49,142356.04,0.8924735473113751
KWT,Kuwait,Middle East,2017,2013-2017,1352.5500000000002,145665.65,0.9285305080504569
KWT,Kuwait,Middle East,2018,2014-2018,1374.9,145599.24,0.9443043796107728
KWT,Kuwait,Middle East,2019,2015-2019,728.95,145448.56,0.5011737482997426
KWT,Kuwait,Middle East,2020,2016-2020,478.65,140135.09,0.34156327298180633
KWT,Kuwait,Middle East,2021,2017-2021,1895.97,135579.49,1.3984194807046406
KWT,Kuwait,Middle East,2022,2018-2022,3351.75,137378.79,2.439787102506872
KWT,Kuwait,Middle East,2023,2019-2023,3753.0,139576.65,2.6888451614220577
KWT,Kuwait,Middle East,2024,2020-2024,4085.75,143288.81,2.851408983018283
KWT,Kuwait,Middle East,2025,2021-2025,4329.45,153264.5,2.8248224474682657
KGZ,Kyrgyzstan,Asia,2004,2000-2004,15.370000000000001,96813.81,0.01587583424306925
KGZ,Kyrgyzstan,Asia,2005,2001-2005,18.27,97676.36,0.018704628223246648
KGZ,Kyrgyzstan,Asia,2006,2002-2006,19.87,103801.38,0.01914232739487664
KGZ,Kyrgyzstan,Asia,2007,2003-2007,19.87,112642.01,0.01763995511088625
KGZ,Kyrgyzstan,Asia,2008,2004-2008,10.299999999999999,117597.49,0.00875869034279558
KGZ,Kyrgyzstan,Asia,2009,2005-2009,4.5,120318.36,0.0037400775741956585
KGZ,Kyrgyzstan,Asia,2010,2006-2010,1.6,124782.23,0.001282233856535502
KGZ,Kyrgyzstan,Asia,2011,2007-2011,0.0,130312.29000000001,0.0
KGZ,Kyrgyzstan,Asia,2012,2008-2012,0.0,131715.82,0.0
KGZ,Kyrgyzstan,Asia,2013,2009-2013,0.0,134983.95,0.0
KGZ,Kyrgyzstan,Asia,2014,2010-2014,0.0,138017.22,0.0
KGZ,Kyrgyzstan,Asia,2015,2011-2015,4.1,140889.51,0.002910081808077833
KGZ,Kyrgyzstan,Asia,2016,2012-2016,12.2,142356.04,0.00857006137568873
KGZ,Kyrgyzstan,Asia,2017,2013-2017,24.4,145665.65,0.016750688992222942
KGZ,Kyrgyzstan,Asia,2018,2014-2018,25.29,145599.24,0.017369596159979957
KGZ,Kyrgyzstan,Asia,2019,2015-2019,40.489999999999995,145448.56,0.027838020534544997
KGZ,Kyrgyzstan,Asia,2020,2016-2020,36.39,140135.09,0.025967800070631847
KGZ,Kyrgyzstan,Asia,2021,2017-2021,33.089999999999996,135579.49,0.024406346417146133
KGZ,Kyrgyzstan,Asia,2022,2018-2022,34.69,137378.79,0.025251350663373872
KGZ,Kyrgyzstan,Asia,2023,2019-2023,87.94999999999999,139576.65,0.0630119722747322
KGZ,Kyrgyzstan,Asia,2024,2020-2024,72.75,143288.81,0.05077158502467848
KGZ,Kyrgyzstan,Asia,2025,2021-2025,72.75,153264.5,0.0474669607117108
LAO,Laos,Asia,2004,2000-2004,7.7,96813.81,0.00795341077889611
LAO,Laos,Asia,2005,2001-2005,3.95,97676.36,0.00404396724038447
LAO,Laos,Asia,2006,2002-2006,3.95,103801.38,0.0038053443990821705
LAO,Laos,Asia,2007,2003-2007,3.95,112642.01,0.0035066845841973168
LAO,Laos,Asia,2008,2004-2008,10.0,117597.49,0.008503582857083088
LAO,Laos,Asia,2009,2005-2009,36.0,120318.36,0.02992062059356527
LAO,Laos,Asia,2010,2006-2010,32.5,124782.23,0.02604537521087738
LAO,Laos,Asia,2011,2007-2011,47.0,130312.29000000001,0.03606720440566274
LAO,Laos,Asia,2012,2008-2012,66.0,131715.82,0.050107876183741636
LAO,Laos,Asia,2013,2009-2013,78.5,134983.95,0.0581550621388691
LAO,Laos,Asia,2014,2010-2014,52.5,138017.22,0.03803873168869797
LAO,Laos,Asia,2015,2011-2015,59.96,140889.51,0.04255817200301144
LAO,Laos,Asia,2016,2012-2016,45.46,142356.04,0.031934015585148336
LAO,Laos,Asia,2017,2013-2017,28.41,145665.65,0.019503568617584174
LAO,Laos,Asia,2018,2014-2018,145.41,145599.24,0.0998700267940959
LAO,Laos,Asia,2019,2015-2019,172.46,145448.56,0.11857112920196666
LAO,Laos,Asia,2020,2016-2020,182.16,140135.09,0.12998885575340194
LAO,Laos,Asia,2021,2017-2021,185.56,135579.49,0.1368643590560785
LAO,Laos,Asia,2022,2018-2022,183.61,137378.79,0.1336523636581746
LAO,Laos,Asia,2023,2019-2023,50.81,139576.65,0.03640293702420857
LAO,Laos,Asia,2024,2020-2024,31.009999999999998,143288.81,0.021641606207770166
LAO,Laos,Asia,2025,2021-2025,13.85,153264.5,0.009036665372607486
LVA,Latvia,Europe,2004,2000-2004,58.49,96813.81,0.06041493460488747
LVA,Latvia,Europe,2005,2001-2005,60.379999999999995,97676.36,0.06181639037326943
LVA,Latvia,Europe,2006,2002-2006,55.3,103801.38,0.053274821587150384
LVA,Latvia,Europe,2007,2003-2007,103.24,112642.01,0.09165319404367873
LVA,Latvia,Europe,2008,2004-2008,123.64,117597.49,0.10513829844497531
LVA,Latvia,Europe,2009,2005-2009,121.85,120318.36,0.10127298942572023
LVA,Latvia,Europe,2010,2006-2010,132.86,124782.23,0.10647349386206674
LVA,Latvia,Europe,2011,2007-2011,150.64,130312.29000000001,0.11559922705678795
LVA,Latvia,Europe,2012,2008-2012,108.39999999999999,131715.82,0.08229839058056959
LVA,Latvia,Europe,2013,2009-2013,67.2,134983.95,0.049783696506140174
LVA,Latvia,Europe,2014,2010-2014,60.80000000000001,138017.22,0.04405247403186357
LVA,Latvia,Europe,2015,2011-2015,47.63,140889.51,0.03380663329725541
LVA,Latvia,Europe,2016,2012-2016,48.849999999999994,142356.04,0.0343153687051143
LVA,Latvia,Europe,2017,2013-2017,69.28999999999999,145665.65,0.04756783771602982
LVA,Latvia,Europe,2018,2014-2018,85.45,145599.24,0.05868849315422252
LVA,Latvia,Europe,2019,2015-2019,111.51,145448.56,0.07666627981741449
LVA,Latvia,Europe,2020,2016-2020,118.85,140135.09,0.08481102056594106
LVA,Latvia,Europe,2021,2017-2021,106.27,135579.49,0.07838206206558235
LVA,Latvia,Europe,2022,2018-2022,110.59,137378.79,0.08050005390206158
LVA,Latvia,Europe,2023,2019-2023,137.20000000000002,139576.65,0.09829724384415305
LVA,Latvia,Europe,2024,2020-2024,125.75,143288.81,0.08775981878836177
LVA,Latvia,Europe,2025,2021-2025,115.78,153264.5,0.07554260771411514
LBN,Lebanon,Middle East,2004,2000-2004,4.29,96813.81,0.004431186005384976
LBN,Lebanon,Middle East,2005,2001-2005,1.0,97676.36,0.0010237891747808783
LBN,Lebanon,Middle East,2006,2002-2006,1.0,103801.38,0.000963378328881562
LBN,Lebanon,Middle East,2007,2003-2007,6.46,112642.01,0.0057349828895986495
LBN,Lebanon,Middle East,2008,2004-2008,7.859999999999999,117597.49,0.006683816125667307
LBN,Lebanon,Middle East,2009,2005-2009,59.88,120318.36,0.0497679655872969
LBN,Lebanon,Middle East,2010,2006-2010,122.96000000000001,124782.23,0.09853967187475332
LBN,Lebanon,Middle East,2011,2007-2011,123.92,130312.29000000001,0.09509463765850482
LBN,Lebanon,Middle East,2012,2008-2012,149.26,131715.82,0.1133197211997769
LBN,Lebanon,Middle East,2013,2009-2013,174.36999999999998,134983.95,0.12917832082999495
LBN,Lebanon,Middle East,2014,2010-2014,127.94999999999999,138017.22,0.09270582322988391
LBN,Lebanon,Middle East,2015,2011-2015,111.58000000000001,140889.51,0.07919681174276211
LBN,Lebanon,Middle East,2016,2012-2016,138.62,142356.04,0.09737556622114524
LBN,Lebanon,Middle East,2017,2013-2017,156.20999999999998,145665.65,0.10723873473258794
LBN,Lebanon,Middle East,2018,2014-2018,182.51999999999998,145599.24,0.12535779719729306
LBN,Lebanon,Middle East,2019,2015-2019,232.69000000000003,145448.56,0.15998095821643063
LBN,Lebanon,Middle East,2020,2016-2020,229.88000000000002,140135.09,0.16404171146570073
LBN,Lebanon,Middle East,2021,2017-2021,244.48000000000002,135579.49,0.18032225965741577
LBN,Lebanon,Middle East,2022,2018-2022,226.39000000000001,137378.79,0.16479254184725314
LBN,Lebanon,Middle East,2023,2019-2023,187.86,139576.65,0.13459271303617049
LBN,Lebanon,Middle East,2024,2020-2024,140.69,143288.81,0.09818631336250194
LBN,Lebanon,Middle East,2025,2021-2025,95.78999999999999,153264.5,0.06249979610412065
LSO,Lesotho,Africa,2004,2000-2004,7.639999999999999,96813.81,0.007891436149450164
LSO,Lesotho,Africa,2005,2001-2005,7.639999999999999,97676.36,0.007821749295325909
LSO,Lesotho,Africa,2006,2002-2006,2.16,103801.38,0.002080897190384174
LSO,Lesotho,Africa,2007,2003-2007,2.16,112642.01,0.001917579418193976
LSO,Lesotho,Africa,2008,2004-2008,2.16,117597.49,0.001836773897129947
LSO,Lesotho,Africa,2009,2005-2009,0.72,120318.36,0.0005984124118713054
LSO,Lesotho,Africa,2010,2006-2010,0.72,124782.23,0.0005770052354409759
LSO,Lesotho,Africa,2011,2007-2011,0.0,130312.29000000001,0.0
LSO,Lesotho,Africa,2012,2008-2012,0.0,131715.82,0.0
LSO,Lesotho,Africa,2013,2009-2013,0.0,134983.95,0.0
LSO,Lesotho,Africa,2014,2010-2014,0.0,138017.22,0.0
LSO,Lesotho,Africa,2015,2011-2015,0.0,140889.51,0.0
LSO,Lesotho,Africa,2016,2012-2016,0.0,142356.04,0.0
LSO,Lesotho,Africa,2017,2013-2017,1.3,145665.65,0.0008924547413889275
LSO,Lesotho,Africa,2018,2014-2018,2.6,145599.24,0.001785723606799047
LSO,Lesotho,Africa,2019,2015-2019,3.9000000000000004,145448.56,0.002681360337977908
LSO,Lesotho,Africa,2020,2016-2020,3.9000000000000004,140135.09,0.002783028861650569
LSO,Lesotho,Africa,2021,2017-2021,3.9000000000000004,135579.49,0.0028765412821659094
LSO,Lesotho,Africa,2022,2018-2022,2.6,137378.79,0.0018925774495466149
LSO,Lesotho,Africa,2023,2019-2023,1.3,139576.65,0.0009313878789897882
LSO,Lesotho,Africa,2024,2020-2024,0.0,143288.81,0.0
LSO,Lesotho,Africa,2025,2021-2025,0.0,153264.5,0.0
LBR,Liberia,Africa,2004,2000-2004,8.7,96813.81,0.008986321269661838
LBR,Liberia,Africa,2005,2001-2005,0.0,97676.36,0.0
LBR,Liberia,Africa,2006,2002-2006,0.0,103801.38,0.0
LBR,Liberia,Africa,2007,2003-2007,0.0,112642.01,0.0
LBR,Liberia,Africa,2008,2004-2008,0.0,117597.49,0.0
LBR,Liberia,Africa,2009,2005-2009,0.0,120318.36,0.0
LBR,Liberia,Africa,2010,2006-2010,0.0,124782.23,0.0
LBR,Liberia,Africa,2011,2007-2011,0.0,130312.29000000001,0.0
LBR,Liberia,Africa,2012,2008-2012,0.0,131715.82,0.0
LBR,Liberia,Africa,2013,2009-2013,0.0,134983.95,0.0
LBR,Liberia,Africa,2014,2010-2014,0.0,138017.22,0.0
LBR,Liberia,Africa,2015,2011-2015,0.0,140889.51,0.0
LBR,Liberia,Africa,2016,2012-2016,0.0,142356.04,0.0
LBR,Liberia,Africa,2017,2013-2017,0.0,145665.65,0.0
LBR,Liberia,Africa,2018,2014-2018,0.0,145599.24,0.0
LBR,Liberia,Africa,2019,2015-2019,1.12,145448.56,0.000770031686803912
LBR,Liberia,Africa,2020,2016-2020,1.12,140135.09,0.0007992288012945223
LBR,Liberia,Africa,2021,2017-2021,1.12,135579.49,0.0008260836502630304
LBR,Liberia,Africa,2022,2018-2022,1.12,137378.79,0.000815264132112388
LBR,Liberia,Africa,2023,2019-2023,15.120000000000001,139576.65,0.010832757484865844
LBR,Liberia,Africa,2024,2020-2024,14.0,143288.81,0.009770476843237095
LBR,Liberia,Africa,2025,2021-2025,14.24,153264.5,0.00929112743003109
LBY,Libya,Africa,2004,2000-2004,0.0,96813.81,0.0
LBY,Libya,Africa,2005,2001-2005,0.8,97676.36,0.0008190313398247027
LBY,Libya,Africa,2006,2002-2006,16.35,103801.38,0.01575123567721354
LBY,Libya,Africa,2007,2003-2007,32.06,112642.01,0.02846185006819392
LBY,Libya,Africa,2008,2004-2008,47.86,117597.49,0.04069814755399966
LBY,Libya,Africa,2009,2005-2009,70.14,120318.36,0.058295342456463006
LBY,Libya,Africa,2010,2006-2010,106.52000000000001,124782.23,0.08536471899885105
LBY,Libya,Africa,2011,2007-2011,98.77,130312.29000000001,0.07579484636483634
LBY,Libya,Africa,2012,2008-2012,158.06,131715.82,0.12000077135760913
LBY,Libya,Africa,2013,2009-2013,260.78,134983.95,0.1931933389117743
LBY,Libya,Africa,2014,2010-2014,238.5,138017.22,0.17280452395722795
LBY,Libya,Africa,2015,2011-2015,201.32,140889.51,0.1428921145371291
LBY,Libya,Africa,2016,2012-2016,195.92,142356.04,0.13762675612499475
LBY,Libya,Africa,2017,2013-2017,120.92,145665.65,0.08301202102211469
LBY,Libya,Africa,2018,2014-2018,2.4,145599.24,0.001648360252429889
LBY,Libya,Africa,2019,2015-2019,36.449999999999996,145448.56,0.025060406235716596
LBY,Libya,Africa,2020,2016-2020,36.88999999999999,140135.09,0.026324598642638322
LBY,Libya,Africa,2021,2017-2021,34.489999999999995,135579.49,0.02543895097997492
LBY,Libya,Africa,2022,2018-2022,34.489999999999995,137378.79,0.02510576778263951
LBY,Libya,Africa,2023,2019-2023,68.49,139576.65,0.04906981217846968
LBY,Libya,Africa,2024,2020-2024,38.94,143288.81,0.02717588344826089
LBY,Libya,Africa,2025,2021-2025,38.5,153264.5,0.02511997233540709
LTU,Lithuania,Europe,2004,2000-2004,83.16,96813.81,0.08589683641207799
LTU,Lithuania,Europe,2005,2001-2005,88.05999999999999,97676.36,0.09015487473120413
LTU,Lithuania,Europe,2006,2002-2006,125.75999999999999,103801.38,0.12115445864014524
LTU,Lithuania,Europe,2007,2003-2007,116.25,112642.01,0.10320305896530078
LTU,Lithuania,Europe,2008,2004-2008,142.14,117597.49,0.120869926730579
LTU,Lithuania,Europe,2009,2005-2009,122.41999999999999,120318.36,0.10174673258511835
LTU,Lithuania,Europe,2010,2006-2010,119.62,124782.23,0.09586300869923546
LTU,Lithuania,Europe,2011,2007-2011,66.32,130312.29000000001,0.05089312757837345
LTU,Lithuania,Europe,2012,2008-2012,62.0,131715.82,0.047071035202908805
LTU,Lithuania,Europe,2013,2009-2013,107.6,134983.95,0.07971318071518872
LTU,Lithuania,Europe,2014,2010-2014,90.24,138017.22,0.06538314566834486
LTU,Lithuania,Europe,2015,2011-2015,96.05,140889.51,0.06817398967460388
LTU,Lithuania,Europe,2016,2012-2016,130.35,142356.04,0.09156618855090376
LTU,Lithuania,Europe,2017,2013-2017,137.79,145665.65,0.09459333755075407
LTU,Lithuania,Europe,2018,2014-2018,72.73,145599.24,0.04995218381634411
LTU,Lithuania,Europe,2019,2015-2019,100.87,145448.56,0.06935097879277732
LTU,Lithuania,Europe,2020,2016-2020,205.76999999999998,140135.09,0.14683688432354808
LTU,Lithuania,Europe,2021,2017-2021,280.28,135579.49,0.20672743347832329
LTU,Lithuania,Europe,2022,2018-2022,348.08000000000004,137378.79,0.25337244563007144
LTU,Lithuania,Europe,2023,2019-2023,437.14,139576.65,0.31318992109353533
LTU,Lithuania,Europe,2024,2020-2024,476.69,143288.81,0.33267775760019225
LTU,Lithuania,Europe,2025,2021-2025,387.03,153264.5,0.25252423098630145
LUX,Luxembourg,Europe,2004,2000-2004,1.0,96813.81,0.0010329104907657286
LUX,Luxembourg,Europe,2005,2001-2005,1.0,97676.36,0.0010237891747808783
LUX,Luxembourg,Europe,2006,2002-2006,1.0,103801.38,0.000963378328881562
LUX,Luxembourg,Europe,2007,2003-2007,1.0,112642.01,0.0008877682491638777
LUX,Luxembourg,Europe,2008,2004-2008,0.0,117597.49,0.0
LUX,Luxembourg,Europe,2009,2005-2009,8.4,120318.36,0.0069814781384985635
LUX,Luxembourg,Europe,2010,2006-2010,16.8,124782.23,0.01346345549362277
LUX,Luxembourg,Europe,2011,2007-2011,16.8,130312.29000000001,0.012892107106704978
LUX,Luxembourg,Europe,2012,2008-2012,16.8,131715.82,0.01275473211949787
LUX,Luxembourg,Europe,2013,2009-2013,16.8,134983.95,0.012445924126535043
LUX,Luxembourg,Europe,2014,2010-2014,8.4,138017.22,0.006086197070191676
LUX,Luxembourg,Europe,2015,2011-2015,0.0,140889.51,0.0
LUX,Luxembourg,Europe,2016,2012-2016,0.0,142356.04,0.0
LUX,Luxembourg,Europe,2017,2013-2017,0.0,145665.65,0.0
LUX,Luxembourg,Europe,2018,2014-2018,0.0,145599.24,0.0
LUX,Luxembourg,Europe,2019,2015-2019,3.25,145448.56,0.002234466948314923
LUX,Luxembourg,Europe,2020,2016-2020,91.5,140135.09,0.06529413867718642
LUX,Luxembourg,Europe,2021,2017-2021,91.5,135579.49,0.06748808392773863
LUX,Luxembourg,Europe,2022,2018-2022,91.5,137378.79,0.0666041679359674
LUX,Luxembourg,Europe,2023,2019-2023,92.7,139576.65,0.06641512029411797
LUX,Luxembourg,Europe,2024,2020-2024,92.15,143288.81,0.06431067436459274
LUX,Luxembourg,Europe,2025,2021-2025,15.1,153264.5,0.009852248889990832
MDG,Madagascar,Africa,2004,2000-2004,0.0,96813.81,0.0
MDG,Madagascar,Africa,2005,2001-2005,0.0,97676.36,0.0
MDG,Madagascar,Africa,2006,2002-2006,0.0,103801.38,0.0
MDG,Madagascar,Africa,2007,2003-2007,0.0,112642.01,0.0
MDG,Madagascar,Africa,2008,2004-2008,0.0,117597.49,0.0
MDG,Madagascar,Africa,2009,2005-2009,0.0,120318.36,0.0
MDG,Madagascar,Africa,2010,2006-2010,0.0,124782.23,0.0
MDG,Madagascar,Africa,2011,2007-2011,0.0,130312.29000000001,0.0
MDG,Madagascar,Africa,2012,2008-2012,0.0,131715.82,0.0
MDG,Madagascar,Africa,2013,2009-2013,0.0,134983.95,0.0
MDG,Madagascar,Africa,2014,2010-2014,0.0,138017.22,0.0
MDG,Madagascar,Africa,2015,2011-2015,0.0,140889.51,0.0
MDG,Madagascar,Africa,2016,2012-2016,0.0,142356.04,0.0
MDG,Madagascar,Africa,2017,2013-2017,0.0,145665.65,0.0
MDG,Madagascar,Africa,2018,2014-2018,1.56,145599.24,0.001071434164079428
MDG,Madagascar,Africa,2019,2015-2019,2.06,145448.56,0.0014163082810857667
MDG,Madagascar,Africa,2020,2016-2020,2.9,140135.09,0.002069431717637602
MDG,Madagascar,Africa,2021,2017-2021,2.9,135579.49,0.0021389665944310608
MDG,Madagascar,Africa,2022,2018-2022,2.9,137378.79,0.002110951770648147
MDG,Madagascar,Africa,2023,2019-2023,1.3399999999999999,139576.65,0.0009600459675740892
MDG,Madagascar,Africa,2024,2020-2024,0.84,143288.81,0.0005862286105942257
MDG,Madagascar,Africa,2025,2021-2025,2.6,153264.5,0.0016964137161573618
MWI,Malawi,Africa,2004,2000-2004,0.0,96813.81,0.0
MWI,Malawi,Africa,2005,2001-2005,0.0,97676.36,0.0
MWI,Malawi,Africa,2006,2002-2006,0.0,103801.38,0.0
MWI,Malawi,Africa,2007,2003-2007,0.0,112642.01,0.0
MWI,Malawi,Africa,2008,2004-2008,2.54,117597.49,0.0021599100456991044
MWI,Malawi,Africa,2009,2005-2009,2.54,120318.36,0.002111066008545994
MWI,Malawi,Africa,2010,2006-2010,2.54,124782.23,0.0020355462472501093
MWI,Malawi,Africa,2011,2007-2011,2.54,130312.29000000001,0.0019491638125613477
MWI,Malawi,Africa,2012,2008-2012,3.34,131715.82,0.00253576221899541
MWI,Malawi,Africa,2013,2009-2013,3.8600000000000003,134983.95,0.0028595992338348373
MWI,Malawi,Africa,2014,2010-2014,5.78,138017.22,0.004187883222108082
MWI,Malawi,Africa,2015,2011-2015,8.870000000000001,140889.51,0.006295713570158631
MWI,Malawi,Africa,2016,2012-2016,9.190000000000001,142356.04,0.006455644593654053
MWI,Malawi,Africa,2017,2013-2017,8.39,145665.65,0.005759765600194693
MWI,Malawi,Africa,2018,2014-2018,5.33,145599.24,0.0036607333939380456
MWI,Malawi,Africa,2019,2015-2019,3.41,145448.56,0.0023444714750011967
MWI,Malawi,Africa,2020,2016-2020,0.32,140135.09,0.00022835108608414923
MWI,Malawi,Africa,2021,2017-2021,0.0,135579.49,0.0
MWI,Malawi,Africa,2022,2018-2022,19.0,137378.79,0.013830373669763724
MWI,Malawi,Africa,2023,2019-2023,19.0,139576.65,0.013612592077543055
MWI,Malawi,Africa,2024,2020-2024,21.4,143288.81,0.014934871746090988
MWI,Malawi,Africa,2025,2021-2025,21.4,153264.5,0.013962789817602902
MYS,Malaysia,Asia,2004,2000-2004,464.16999999999996,96813.81,0.4794460624987282
MYS,Malaysia,Asia,2005,2001-2005,495.23,97676.36,0.5070111130267344
MYS,Malaysia,Asia,2006,2002-2006,652.69,103801.38,0.6287874014777068
MYS,Malaysia,Asia,2007,2003-2007,995.9,112642.01,0.8841283993423057
MYS,Malaysia,Asia,2008,2004-2008,1299.6,117597.49,1.1051256281065183
MYS,Malaysia,Asia,2009,2005-2009,2515.52,120318.36,2.0907199865423696
MYS,Malaysia,Asia,2010,2006-2010,2670.87,124782.23,2.14042496275311
MYS,Malaysia,Asia,2011,2007-2011,2491.7699999999995,130312.29000000001,1.912152721742515
MYS,Malaysia,Asia,2012,2008-2012,2012.77,131715.82,1.5281156052477218
MYS,Malaysia,Asia,2013,2009-2013,1601.67,134983.95,1.1865632914135347
MYS,Malaysia,Asia,2014,2010-2014,393.2,138017.22,0.2848919866665913
MYS,Malaysia,Asia,2015,2011-2015,298.65,140889.51,0.21197461755669386
MYS,Malaysia,Asia,2016,2012-2016,564.66,142356.04,0.39665334888495063
MYS,Malaysia,Asia,2017,2013-2017,743.0899999999999,145665.65,0.5101339952143831
MYS,Malaysia,Asia,2018,2014-2018,753.68,145599.24,0.5176400646047328
MYS,Malaysia,Asia,2019,2015-2019,746.7199999999999,145448.56,0.5133911260448366
MYS,Malaysia,Asia,2020,2016-2020,679.86,140135.09,0.4851461543286553
MYS,Malaysia,Asia,2021,2017-2021,542.0900000000001,135579.49,0.39983186247418406
MYS,Malaysia,Asia,2022,2018-2022,416.15999999999997,137378.79,0.3029288582320458
MYS,Malaysia,Asia,2023,2019-2023,334.37,139576.65,0.23956012699831958
MYS,Malaysia,Asia,2024,2020-2024,273.03,143288.81,0.190545235179216
MYS,Malaysia,Asia,2025,2021-2025,221.69,153264.5,0.14464536797497138
MDV,Maldives,Asia,2004,2000-2004,0.0,96813.81,0.0
MDV,Maldives,Asia,2005,2001-2005,0.0,97676.36,0.0
MDV,Maldives,Asia,2006,2002-2006,14.6,103801.38,0.014065323601670805
MDV,Maldives,Asia,2007,2003-2007,14.6,112642.01,0.012961416437792613
MDV,Maldives,Asia,2008,2004-2008,14.6,117597.49,0.01241523097134131
MDV,Maldives,Asia,2009,2005-2009,14.6,120318.36,0.012134473907390359
MDV,Maldives,Asia,2010,2006-2010,19.1,124782.23,0.015306666662392556
MDV,Maldives,Asia,2011,2007-2011,4.5,130312.29000000001,0.003453242975010262
MDV,Maldives,Asia,2012,2008-2012,4.5,131715.82,0.0034164461034369292
MDV,Maldives,Asia,2013,2009-2013,9.0,134983.95,0.006667459353500915
MDV,Maldives,Asia,2014,2010-2014,9.0,138017.22,0.006520925432348224
MDV,Maldives,Asia,2015,2011-2015,4.5,140889.51,0.00319399222837811
MDV,Maldives,Asia,2016,2012-2016,4.5,142356.04,0.0031610882123442037
MDV,Maldives,Asia,2017,2013-2017,4.5,145665.65,0.0030892664125001332
MDV,Maldives,Asia,2018,2014-2018,0.0,145599.24,0.0
MDV,Maldives,Asia,2019,2015-2019,1.8,145448.56,0.001237550925220573
MDV,Maldives,Asia,2020,2016-2020,4.6,140135.09,0.003282546862459645
MDV,Maldives,Asia,2021,2017-2021,6.3999999999999995,135579.49,0.00472047800150303
MDV,Maldives,Asia,2022,2018-2022,6.3999999999999995,137378.79,0.004658652183499359
MDV,Maldives,Asia,2023,2019-2023,6.3999999999999995,139576.65,0.004585294173488187
MDV,Maldives,Asia,2024,2020-2024,11.8,143288.81,0.008235116196442696
MDV,Maldives,Asia,2025,2021-2025,20.1,153264.5,0.013114582959524222
MLI,Mali,Africa,2004,2000-2004,11.040000000000001,96813.81,0.011403331818053645
MLI,Mali,Africa,2005,2001-2005,17.14,97676.36,0.017547746455744258
MLI,Mali,Africa,2006,2002-2006,17.14,103801.38,0.016512304557029973
MLI,Mali,Africa,2007,2003-2007,24.04,112642.01,0.021341948709899618
MLI,Mali,Africa,2008,2004-2008,23.85,117597.49,0.020281045114143168
MLI,Mali,Africa,2009,2005-2009,34.29,120318.36,0.02849939111537092
MLI,Mali,Africa,2010,2006-2010,21.45,124782.23,0.01718994763917907
MLI,Mali,Africa,2011,2007-2011,21.64,130312.29000000001,0.016606261773160456
MLI,Mali,Africa,2012,2008-2012,22.409999999999997,131715.82,0.017013901595115906
MLI,Mali,Africa,2013,2009-2013,26.619999999999997,134983.95,0.019720863110021598
MLI,Mali,Africa,2014,2010-2014,16.72,138017.22,0.012114430358762479
MLI,Mali,Africa,2015,2011-2015,16.72,140889.51,0.011867455568551552
MLI,Mali,Africa,2016,2012-2016,38.55,142356.04,0.02707998901908201
MLI,Mali,Africa,2017,2013-2017,62.17,145665.65,0.0426799317478074
MLI,Mali,Africa,2018,2014-2018,81.37,145599.24,0.055886280725091705
MLI,Mali,Africa,2019,2015-2019,100.4,145448.56,0.0690278404956364
MLI,Mali,Africa,2020,2016-2020,149.14000000000001,140135.09,0.10642587805809382
MLI,Mali,Africa,2021,2017-2021,166.15,135579.49,0.12254803436714508
MLI,Mali,Africa,2022,2018-2022,195.98000000000002,137378.79,0.14265666483159445
MLI,Mali,Africa,2023,2019-2023,251.52,139576.65,0.18020206101808578
MLI,Mali,Africa,2024,2020-2024,256.55,143288.81,0.1790439881523198
MLI,Mali,Africa,2025,2021-2025,272.17,153264.5,0.17758189274098046
MLT,Malta,Europe,2004,2000-2004,8.879999999999999,96813.81,0.00917224515799967
MLT,Malta,Europe,2005,2001-2005,26.0,97676.36,0.02661851854430284
MLT,Malta,Europe,2006,2002-2006,25.9,103801.38,0.024951498718032455
MLT,Malta,Europe,2007,2003-2007,21.7,112642.01,0.019264571006856145
MLT,Malta,Europe,2008,2004-2008,21.7,117597.49,0.018452774799870304
MLT,Malta,Europe,2009,2005-2009,17.5,120318.36,0.014544746121872008
MLT,Malta,Europe,2010,2006-2010,0.0,124782.23,0.0
MLT,Malta,Europe,2011,2007-2011,7.5,130312.29000000001,0.005755404958350436
MLT,Malta,Europe,2012,2008-2012,15.0,131715.82,0.0113881536781231
MLT,Malta,Europe,2013,2009-2013,15.0,134983.95,0.011112432255834859
MLT,Malta,Europe,2014,2010-2014,27.0,138017.22,0.019562776297044674
MLT,Malta,Europe,2015,2011-2015,37.0,140889.51,0.02626171387777557
MLT,Malta,Europe,2016,2012-2016,35.5,142356.04,0.024937473675159832
MLT,Malta,Europe,2017,2013-2017,35.5,145665.65,0.02437087947638994
MLT,Malta,Europe,2018,2014-2018,35.5,145599.24,0.024381995400525446
MLT,Malta,Europe,2019,2015-2019,23.5,145448.56,0.01615691485704637
MLT,Malta,Europe,2020,2016-2020,13.5,140135.09,0.009633561444175046
MLT,Malta,Europe,2021,2017-2021,7.5,135579.49,0.005531810158011363
MLT,Malta,Europe,2022,2018-2022,0.0,137378.79,0.0
MLT,Malta,Europe,2023,2019-2023,45.0,139576.65,0.03224034965733882
MLT,Malta,Europe,2024,2020-2024,45.0,143288.81,0.031405104138976375
MLT,Malta,Europe,2025,2021-2025,45.0,153264.5,0.029361006625800497
MRT,Mauritania,Africa,2004,2000-2004,64.3,96813.81,0.06641614455623635
MRT,Mauritania,Africa,2005,2001-2005,33.1,97676.36,0.03388742168524708
MRT,Mauritania,Africa,2006,2002-2006,33.1,103801.38,0.03188782268597971
MRT,Mauritania,Africa,2007,2003-2007,6.5,112642.01,0.005770493619565205
MRT,Mauritania,Africa,2008,2004-2008,0.0,117597.49,0.0
MRT,Mauritania,Africa,2009,2005-2009,0.0,120318.36,0.0
MRT,Mauritania,Africa,2010,2006-2010,17.4,124782.23,0.013944293189823584
MRT,Mauritania,Africa,2011,2007-2011,22.599999999999998,130312.29000000001,0.017342953607829312
MRT,Mauritania,Africa,2012,2008-2012,33.4,131715.82,0.025357622189954097
MRT,Mauritania,Africa,2013,2009-2013,33.4,134983.95,0.024743682489658952
MRT,Mauritania,Africa,2014,2010-2014,40.9,138017.22,0.029633983353671373
MRT,Mauritania,Africa,2015,2011-2015,24.4,140889.51,0.01731853563831686
MRT,Mauritania,Africa,2016,2012-2016,54.42,142356.04,0.03822809344794924
MRT,Mauritania,Africa,2017,2013-2017,43.62,145665.65,0.029945289091834623
MRT,Mauritania,Africa,2018,2014-2018,44.519999999999996,145599.24,0.03057708268257444
MRT,Mauritania,Africa,2019,2015-2019,71.13999999999999,145448.56,0.04891076267788418
MRT,Mauritania,Africa,2020,2016-2020,70.24,140135.09,0.05012306339547075
MRT,Mauritania,Africa,2021,2017-2021,40.779999999999994,135579.49,0.030078295765827115
MRT,Mauritania,Africa,2022,2018-2022,40.779999999999994,137378.79,0.02968434938173498
MRT,Mauritania,Africa,2023,2019-2023,42.279999999999994,139576.65,0.030291599633606336
MRT,Mauritania,Africa,2024,2020-2024,134.36,143288.81,0.0937686620469526
MRT,Mauritania,Africa,2025,2021-2025,134.36,153264.5,0.08766544111650122
MUS,Mauritius,Africa,2004,2000-2004,9.5,96813.81,0.009812649662274422
MUS,Mauritius,Africa,2005,2001-2005,9.5,97676.36,0.009725997160418345
MUS,Mauritius,Africa,2006,2002-2006,9.5,103801.38,0.00915209412437484
MUS,Mauritius,Africa,2007,2003-2007,9.5,112642.01,0.008433798367056839
MUS,Mauritius,Africa,2008,2004-2008,9.5,117597.49,0.008078403714228934
MUS,Mauritius,Africa,2009,2005-2009,0.0,120318.36,0.0
MUS,Mauritius,Africa,2010,2006-2010,0.0,124782.23,0.0
MUS,Mauritius,Africa,2011,2007-2011,0.0,130312.29000000001,0.0
MUS,Mauritius,Africa,2012,2008-2012,0.0,131715.82,0.0
MUS,Mauritius,Africa,2013,2009-2013,0.0,134983.95,0.0
MUS,Mauritius,Africa,2014,2010-2014,27.5,138017.22,0.019925049932175132
MUS,Mauritius,Africa,2015,2011-2015,27.5,140889.51,0.019518841395644002
MUS,Mauritius,Africa,2016,2012-2016,55.85,142356.04,0.039232617035427506
MUS,Mauritius,Africa,2017,2013-2017,74.7,145665.65,0.05128182244750221
MUS,Mauritius,Africa,2018,2014-2018,74.7,145599.24,0.0513052128568803
MUS,Mauritius,Africa,2019,2015-2019,47.2,145448.56,0.03245133537245058
MUS,Mauritius,Africa,2020,2016-2020,47.2,140135.09,0.033681785197412016
MUS,Mauritius,Africa,2021,2017-2021,19.73,135579.49,0.01455234858900856
MUS,Mauritius,Africa,2022,2018-2022,4.88,137378.79,0.0035522222899182616
MUS,Mauritius,Africa,2023,2019-2023,4.88,139576.65,0.0034962868072847433
MUS,Mauritius,Africa,2024,2020-2024,4.88,143288.81,0.0034057090710712164
MUS,Mauritius,Africa,2025,2021-2025,4.88,153264.5,0.003184038051864587
MEX,Mexico,Americas,2004,2000-2004,801.0899999999999,96813.81,0.8274542650475175
MEX,Mexico,Americas,2005,2001-2005,626.12,97676.36,0.6410148781138036
MEX,Mexico,Americas,2006,2002-2006,555.5899999999999,103801.38,0.535243365743307
MEX,Mexico,Americas,2007,2003-2007,458.81999999999994,112642.01,0.4073258280813703
MEX,Mexico,Americas,2008,2004-2008,462.11999999999995,117597.49,0.39296757099152363
MEX,Mexico,Americas,2009,2005-2009,200.54,120318.36,0.16667447927315499
MEX,Mexico,Americas,2010,2006-2010,269.23,124782.23,0.21575988824690823
MEX,Mexico,Americas,2011,2007-2011,415.65,130312.29000000001,0.31896454279178116
MEX,Mexico,Americas,2012,2008-2012,676.0999999999999,131715.82,0.5133020467852684
MEX,Mexico,Americas,2013,2009-2013,705.3999999999999,134983.95,0.5225806475510605
MEX,Mexico,Americas,2014,2010-2014,735.3699999999999,138017.22,0.532810326131768
MEX,Mexico,Americas,2015,2011-2015,949.92,140889.51,0.6742304661290964
MEX,Mexico,Americas,2016,2012-2016,1053.13,142356.04,0.7397859620146782
MEX,Mexico,Americas,2017,2013-2017,1007.18,145665.65,0.6914327434093075
MEX,Mexico,Americas,2018,2014-2018,971.08,145599.24,0.666954030804007
MEX,Mexico,Americas,2019,2015-2019,882.11,145448.56,0.6064755814701775
MEX,Mexico,Americas,2020,2016-2020,835.8900000000001,140135.09,0.5964887167089985
MEX,Mexico,Americas,2021,2017-2021,510.62,135579.49,0.37662038705116835
MEX,Mexico,Americas,2022,2018-2022,296.12,137378.79,0.21555001321528597
MEX,Mexico,Americas,2023,2019-2023,284.12,139576.65,0.20355840321429125
MEX,Mexico,Americas,2024,2020-2024,330.56,143288.81,0.2306949160928896
MEX,Mexico,Americas,2025,2021-2025,61.94,153264.5,0.040413794453379615
MDA,Moldova,Europe,2004,2000-2004,0.0,96813.81,0.0
MDA,Moldova,Europe,2005,2001-2005,0.0,97676.36,0.0
MDA,Moldova,Europe,2006,2002-2006,0.0,103801.38,0.0
MDA,Moldova,Europe,2007,2003-2007,0.0,112642.01,0.0
MDA,Moldova,Europe,2008,2004-2008,0.0,117597.49,0.0
MDA,Moldova,Europe,2009,2005-2009,0.0,120318.36,0.0
MDA,Moldova,Europe,2010,2006-2010,0.0,124782.23,0.0
MDA,Moldova,Europe,2011,2007-2011,0.0,130312.29000000001,0.0
MDA,Moldova,Europe,2012,2008-2012,0.0,131715.82,0.0
MDA,Moldova,Europe,2013,2009-2013,0.0,134983.95,0.0
MDA,Moldova,Europe,2014,2010-2014,0.0,138017.22,0.0
MDA,Moldova,Europe,2015,2011-2015,0.0,140889.51,0.0
MDA,Moldova,Europe,2016,2012-2016,0.0,142356.04,0.0
MDA,Moldova,Europe,2017,2013-2017,0.0,145665.65,0.0
MDA,Moldova,Europe,2018,2014-2018,0.0,145599.24,0.0
MDA,Moldova,Europe,2019,2015-2019,0.0,145448.56,0.0
MDA,Moldova,Europe,2020,2016-2020,0.0,140135.09,0.0
MDA,Moldova,Europe,2021,2017-2021,0.0,135579.49,0.0
MDA,Moldova,Europe,2022,2018-2022,0.0,137378.79,0.0
MDA,Moldova,Europe,2023,2019-2023,12.66,139576.65,0.009070285036931322
MDA,Moldova,Europe,2024,2020-2024,16.18,143288.81,0.01129187966596973
MDA,Moldova,Europe,2025,2021-2025,20.86,153264.5,0.013610457738093294
MNG,Mongolia,Asia,2004,2000-2004,0.0,96813.81,0.0
MNG,Mongolia,Asia,2005,2001-2005,0.0,97676.36,0.0
MNG,Mongolia,Asia,2006,2002-2006,0.0,103801.38,0.0
MNG,Mongolia,Asia,2007,2003-2007,0.0,112642.01,0.0
MNG,Mongolia,Asia,2008,2004-2008,14.5,117597.49,0.01233019514277048
MNG,Mongolia,Asia,2009,2005-2009,14.5,120318.36,0.012051361072408234
MNG,Mongolia,Asia,2010,2006-2010,78.1,124782.23,0.06258904012213919
MNG,Mongolia,Asia,2011,2007-2011,80.89999999999999,130312.29000000001,0.0620816348174067
MNG,Mongolia,Asia,2012,2008-2012,158.64999999999998,131715.82,0.12044870540228196
MNG,Mongolia,Asia,2013,2009-2013,144.15,134983.95,0.106790473978573
MNG,Mongolia,Asia,2014,2010-2014,144.15,138017.22,0.10444348900811072
MNG,Mongolia,Asia,2015,2011-2015,153.87,140889.51,0.10921324092900883
MNG,Mongolia,Asia,2016,2012-2016,151.07,142356.04,0.10612124360863086
MNG,Mongolia,Asia,2017,2013-2017,73.32000000000001,145665.65,0.05033444741433551
MNG,Mongolia,Asia,2018,2014-2018,73.32000000000001,145599.24,0.05035740571173312
MNG,Mongolia,Asia,2019,2015-2019,89.84,145448.56,0.061767541734342374
MNG,Mongolia,Asia,2020,2016-2020,16.52,140135.09,0.011788624819094205
MNG,Mongolia,Asia,2021,2017-2021,41.3,135579.49,0.03046183460344924
MNG,Mongolia,Asia,2022,2018-2022,43.9,137378.79,0.03195544232119092
MNG,Mongolia,Asia,2023,2019-2023,43.9,139576.65,0.03145225222127054
MNG,Mongolia,Asia,2024,2020-2024,27.380000000000003,143288.81,0.01910826114055941
MNG,Mongolia,Asia,2025,2021-2025,27.380000000000003,153264.5,0.017864541364764838
MNE,Montenegro,Europe,2004,2000-2004,0.0,96813.81,0.0
MNE,Montenegro,Europe,2005,2001-2005,0.0,97676.36,0.0
MNE,Montenegro,Europe,2006,2002-2006,0.0,103801.38,0.0
MNE,Montenegro,Europe,2007,2003-2007,0.0,112642.01,0.0
MNE,Montenegro,Europe,2008,2004-2008,0.0,117597.49,0.0
MNE,Montenegro,Europe,2009,2005-2009,0.0,120318.36,0.0
MNE,Montenegro,Europe,2010,2006-2010,0.0,124782.23,0.0
MNE,Montenegro,Europe,2011,2007-2011,0.0,130312.29000000001,0.0
MNE,Montenegro,Europe,2012,2008-2012,0.0,131715.82,0.0
MNE,Montenegro,Europe,2013,2009-2013,0.0,134983.95,0.0
MNE,Montenegro,Europe,2014,2010-2014,0.0,138017.22,0.0
MNE,Montenegro,Europe,2015,2011-2015,1.28,140889.51,0.0009085133449608845
MNE,Montenegro,Europe,2016,2012-2016,1.43,142356.04,0.0010045235874782692
MNE,Montenegro,Europe,2017,2013-2017,1.43,145665.65,0.00098170021552782
MNE,Montenegro,Europe,2018,2014-2018,16.43,145599.24,0.011284399561426283
MNE,Montenegro,Europe,2019,2015-2019,16.43,145448.56,0.011296089834096674
MNE,Montenegro,Europe,2020,2016-2020,19.65,140135.09,0.014022183879854787
MNE,Montenegro,Europe,2021,2017-2021,20.4,135579.49,0.015046523629790908
MNE,Montenegro,Europe,2022,2018-2022,22.2,137378.79,0.0161596997615134
MNE,Montenegro,Europe,2023,2019-2023,7.2,139576.65,0.005158455945174212
MNE,Montenegro,Europe,2024,2020-2024,12.780000000000001,143288.81,0.008919049575469294
MNE,Montenegro,Europe,2025,2021-2025,9.700000000000001,153264.5,0.006328928094894774
MAR,Morocco,Africa,2004,2000-2004,318.82,96813.81,0.3293125226659296
MAR,Morocco,Africa,2005,2001-2005,292.1,97676.36,0.2990488179534946
MAR,Morocco,Africa,2006,2002-2006,328.0,103801.38,0.31598809187315235
MAR,Morocco,Africa,2007,2003-2007,200.5,112642.01,0.17799753395735748
MAR,Morocco,Africa,2008,2004-2008,234.42000000000002,117597.49,0.1993409893357418
MAR,Morocco,Africa,2009,2005-2009,259.12,120318.36,0.21536197800568427
MAR,Morocco,Africa,2010,2006-2010,505.32000000000005,124782.23,0.4049615077403249
MAR,Morocco,Africa,2011,2007-2011,1747.6200000000001,130312.29000000001,1.3411014417749854
MAR,Morocco,Africa,2012,2008-2012,2772.2200000000003,131715.82,2.1046978259710944
MAR,Morocco,Africa,2013,2009-2013,2788.4,134983.95,2.0657270734779947
MAR,Morocco,Africa,2014,2010-2014,3321.6,138017.22,2.406656212898651
MAR,Morocco,Africa,2015,2011-2015,3021.6400000000003,140889.51,2.1446877059903184
MAR,Morocco,Africa,2016,2012-2016,2018.9399999999998,142356.04,1.418232763428935
MAR,Morocco,Africa,2017,2013-2017,1572.02,145665.65,1.0791974635063242
MAR,Morocco,Africa,2018,2014-2018,1971.6200000000001,145599.24,1.354141683706591
MAR,Morocco,Africa,2019,2015-2019,1447.44,145448.56,0.99515595066737
MAR,Morocco,Africa,2020,2016-2020,1416.3999999999999,140135.09,1.0107389947799654
MAR,Morocco,Africa,2021,2017-2021,1182.58,135579.49,0.872241074221477
MAR,Morocco,Africa,2022,2018-2022,1084.5,137378.79,0.7894231707820399
MAR,Morocco,Africa,2023,2019-2023,1123.6399999999999,139576.65,0.8050343664216041
MAR,Morocco,Africa,2024,2020-2024,1205.97,143288.81,0.8416358541884744
MAR,Morocco,Africa,2025,2021-2025,1581.7199999999998,153264.5,1.03201980889247
MOZ,Mozambique,Africa,2004,2000-2004,0.88,96813.81,0.0009089612318738411
MOZ,Mozambique,Africa,2005,2001-2005,0.88,97676.36,0.0009009344738071731
MOZ,Mozambique,Africa,2006,2002-2006,0.88,103801.38,0.0008477729294157745
MOZ,Mozambique,Africa,2007,2003-2007,0.88,112642.01,0.0007812360592642123
MOZ,Mozambique,Africa,2008,2004-2008,0.0,117597.49,0.0
MOZ,Mozambique,Africa,2009,2005-2009,0.0,120318.36,0.0
MOZ,Mozambique,Africa,2010,2006-2010,0.0,124782.23,0.0
MOZ,Mozambique,Africa,2011,2007-2011,0.14,130312.29000000001,0.00010743422588920815
MOZ,Mozambique,Africa,2012,2008-2012,0.28,131715.82,0.00021257886865829782
MOZ,Mozambique,Africa,2013,2009-2013,9.77,134983.95,0.007237897542633771
MOZ,Mozambique,Africa,2014,2010-2014,25.47,138017.22,0.018454218973545475
MOZ,Mozambique,Africa,2015,2011-2015,30.95,140889.51,0.021967568770733886
MOZ,Mozambique,Africa,2016,2012-2016,77.05,142356.04,0.05412485483580464
MOZ,Mozambique,Africa,2017,2013-2017,76.91,145665.65,0.05279899550786339
MOZ,Mozambique,Africa,2018,2014-2018,70.87,145599.24,0.04867470462071094
MOZ,Mozambique,Africa,2019,2015-2019,77.42,145448.56,0.05322844035032042
MOZ,Mozambique,Africa,2020,2016-2020,72.99,140135.09,0.05208545554150642
MOZ,Mozambique,Africa,2021,2017-2021,46.04,135579.49,0.03395793862331242
MOZ,Mozambique,Africa,2022,2018-2022,51.08,137378.79,0.03718186773955426
MOZ,Mozambique,Africa,2023,2019-2023,50.63,139576.65,0.036273975625579206
MOZ,Mozambique,Africa,2024,2020-2024,29.46,143288.81,0.020559874842983203
MOZ,Mozambique,Africa,2025,2021-2025,42.41,153264.5,0.0276711175777822
MMR,Myanmar,Asia,2004,2000-2004,616.8199999999999,96813.81,0.6371198489141167
MMR,Myanmar,Asia,2005,2001-2005,779.54,97676.36,0.7980846133086859
MMR,Myanmar,Asia,2006,2002-2006,832.94,103801.38,0.8024363452586083
MMR,Myanmar,Asia,2007,2003-2007,829.0799999999999,112642.01,0.7360309000167877
MMR,Myanmar,Asia,2008,2004-2008,809.3800000000001,117597.49,0.6882629892865911
MMR,Myanmar,Asia,2009,2005-2009,682.6500000000001,120318.36,0.5673697680054816
MMR,Myanmar,Asia,2010,2006-2010,565.38,124782.23,0.4530933611300263
MMR,Myanmar,Asia,2011,2007-2011,1027.12,130312.29000000001,0.7881988721094533
MMR,Myanmar,Asia,2012,2008-2012,1272.9299999999998,131715.82,0.9664214974328822
MMR,Myanmar,Asia,2013,2009-2013,1445.2299999999998,134983.95,1.0706680312733474
MMR,Myanmar,Asia,2014,2010-2014,1492.8099999999997,138017.22,1.0816114105181944
MMR,Myanmar,Asia,2015,2011-2015,1689.3099999999997,140889.51,1.1990317802936497
MMR,Myanmar,Asia,2016,2012-2016,1305.16,142356.04,0.9168279758273692
MMR,Myanmar,Asia,2017,2013-2017,1116.5,145665.65,0.7664813221236442
MMR,Myanmar,Asia,2018,2014-2018,1066.8,145599.24,0.7326961322050857
MMR,Myanmar,Asia,2019,2015-2019,1160.0500000000002,145448.56,0.79756719489007
MMR,Myanmar,Asia,2020,2016-2020,1118.3600000000001,140135.09,0.7980585019783412
MMR,Myanmar,Asia,2021,2017-2021,901.29,135579.49,0.6647686903085416
MMR,Myanmar,Asia,2022,2018-2022,920.98,137378.79,0.6703946074936313
MMR,Myanmar,Asia,2023,2019-2023,850.48,139576.65,0.6093282794794115
MMR,Myanmar,Asia,2024,2020-2024,866.73,143288.81,0.6048832424527777
MMR,Myanmar,Asia,2025,2021-2025,720.19,153264.5,0.4699000747074502
NAM,Namibia,Africa,2004,2000-2004,48.6,96813.81,0.050199449851214405
NAM,Namibia,Africa,2005,2001-2005,48.6,97676.36,0.04975615389435069
NAM,Namibia,Africa,2006,2002-2006,102.4,103801.38,0.09864994087747196
NAM,Namibia,Africa,2007,2003-2007,91.0,112642.01,0.08078691067391287
NAM,Namibia,Africa,2008,2004-2008,116.0,117597.49,0.09864156114216384
NAM,Namibia,Africa,2009,2005-2009,115.22,120318.36,0.09576260846640529
NAM,Namibia,Africa,2010,2006-2010,118.62,124782.23,0.09506161253890077
NAM,Namibia,Africa,2011,2007-2011,44.37,130312.29000000001,0.03404897573360118
NAM,Namibia,Africa,2012,2008-2012,100.87,131715.82,0.07658153743415179
NAM,Namibia,Africa,2013,2009-2013,84.87,134983.95,0.06287414170351364
NAM,Namibia,Africa,2014,2010-2014,71.55000000000001,138017.22,0.05184135718716839
NAM,Namibia,Africa,2015,2011-2015,68.15,140889.51,0.0483712378586596
NAM,Namibia,Africa,2016,2012-2016,70.76,142356.04,0.04970635597899464
NAM,Namibia,Africa,2017,2013-2017,49.1,145665.65,0.03370732907861257
NAM,Namibia,Africa,2018,2014-2018,40.1,145599.24,0.027541352551016068
NAM,Namibia,Africa,2019,2015-2019,38.2,145448.56,0.026263580746347714
NAM,Namibia,Africa,2020,2016-2020,38.2,140135.09,0.027259410901295314
NAM,Namibia,Africa,2021,2017-2021,34.84,135579.49,0.025697102120682123
NAM,Namibia,Africa,2022,2018-2022,0.0,137378.79,0.0
NAM,Namibia,Africa,2023,2019-2023,0.0,139576.65,0.0
NAM,Namibia,Africa,2024,2020-2024,55.5,143288.81,0.0387329617714042
NAM,Namibia,Africa,2025,2021-2025,55.7,153264.5,0.03634240153460195
NPL,Nepal,Asia,2004,2000-2004,67.62,96813.81,0.06984540738557857
NPL,Nepal,Asia,2005,2001-2005,74.91000000000001,97676.36,0.07669204708283561
NPL,Nepal,Asia,2006,2002-2006,63.08,103801.38,0.06076990498584894
NPL,Nepal,Asia,2007,2003-2007,52.99,112642.01,0.04704283952319388
NPL,Nepal,Asia,2008,2004-2008,44.4,117597.49,0.037755907885448914
NPL,Nepal,Asia,2009,2005-2009,8.25,120318.36,0.006856808886025374
NPL,Nepal,Asia,2010,2006-2010,0.96,124782.23,0.000769340313921301
NPL,Nepal,Asia,2011,2007-2011,3.6,130312.29000000001,0.0027625943800082095
NPL,Nepal,Asia,2012,2008-2012,3.6,131715.82,0.0027331568827495436
NPL,Nepal,Asia,2013,2009-2013,2.64,134983.95,0.001955788077026935
NPL,Nepal,Asia,2014,2010-2014,7.140000000000001,138017.22,0.005173267509662925
NPL,Nepal,Asia,2015,2011-2015,21.64,140889.51,0.015359553738244954
NPL,Nepal,Asia,2016,2012-2016,27.7,142356.04,0.019458254107096545
NPL,Nepal,Asia,2017,2013-2017,28.3,145665.65,0.019428053216389726
NPL,Nepal,Asia,2018,2014-2018,35.6,145599.24,0.024450677077710026
NPL,Nepal,Asia,2019,2015-2019,68.75,145448.56,0.04726757006050799
NPL,Nepal,Asia,2020,2016-2020,54.25,140135.09,0.03871264506270342
NPL,Nepal,Asia,2021,2017-2021,45.849999999999994,135579.49,0.03381779943264279
NPL,Nepal,Asia,2022,2018-2022,45.24999999999999,137378.79,0.03293812676614781
NPL,Nepal,Asia,2023,2019-2023,37.949999999999996,139576.65,0.027189361544355733
NPL,Nepal,Asia,2024,2020-2024,0.3,143288.81,0.00020936736092650918
NPL,Nepal,Asia,2025,2021-2025,5.8,153264.5,0.0037843075206587307
NLD,Netherlands,Europe,2004,2000-2004,791.96,96813.81,0.8180237922668264
NLD,Netherlands,Europe,2005,2001-2005,755.71,97676.36,0.7736877172736576
NLD,Netherlands,Europe,2006,2002-2006,896.21,103801.38,0.8633892921269447
NLD,Netherlands,Europe,2007,2003-2007,869.74,112642.01,0.772127557027791
NLD,Netherlands,Europe,2008,2004-2008,888.34,117597.49,0.7554072795261191
NLD,Netherlands,Europe,2009,2005-2009,1020.25,120318.36,0.847958698905138
NLD,Netherlands,Europe,2010,2006-2010,1105.0,124782.23,0.8855427571698311
NLD,Netherlands,Europe,2011,2007-2011,915.55,130312.29000000001,0.7025814679490322
NLD,Netherlands,Europe,2012,2008-2012,884.7,131715.82,0.6716733039357003
NLD,Netherlands,Europe,2013,2009-2013,1225.27,134983.95,0.9077153246737851
NLD,Netherlands,Europe,2014,2010-2014,971.36,138017.22,0.7037962364406413
NLD,Netherlands,Europe,2015,2011-2015,850.6600000000001,140889.51,0.6037780953315829
NLD,Netherlands,Europe,2016,2012-2016,805.05,142356.04,0.565518681188378
NLD,Netherlands,Europe,2017,2013-2017,648.31,145665.65,0.445067179530658
NLD,Netherlands,Europe,2018,2014-2018,300.02,145599.24,0.20605876788917307
NLD,Netherlands,Europe,2019,2015-2019,786.22,145448.56,0.5405484935705105
NLD,Netherlands,Europe,2020,2016-2020,1311.2,140135.09,0.9356685752298015
NLD,Netherlands,Europe,2021,2017-2021,1754.02,135579.49,1.2937207537806787
NLD,Netherlands,Europe,2022,2018-2022,2446.17,137378.79,1.7806023768297856
NLD,Netherlands,Europe,2023,2019-2023,2681.19,139576.65,1.9209445132835616
NLD,Netherlands,Europe,2024,2020-2024,2519.76,143288.81,1.7585183378939364
NLD,Netherlands,Europe,2025,2021-2025,2768.38,153264.5,1.8062760782829683
NZL,New Zealand,Asia,2004,2000-2004,310.89,96813.81,0.32112154247415736
NZL,New Zealand,Asia,2005,2001-2005,310.89,97676.36,0.3182858165476273
NZL,New Zealand,Asia,2006,2002-2006,271.61,103801.38,0.2616631879075211
NZL,New Zealand,Asia,2007,2003-2007,335.65,112642.01,0.29797941283185553
NZL,New Zealand,Asia,2008,2004-2008,184.96999999999997,117597.49,0.15729077210746586
NZL,New Zealand,Asia,2009,2005-2009,145.92,120318.36,0.1212782488059179
NZL,New Zealand,Asia,2010,2006-2010,223.92,124782.23,0.1794486282221435
NZL,New Zealand,Asia,2011,2007-2011,245.7,130312.29000000001,0.1885470664355603
NZL,New Zealand,Asia,2012,2008-2012,194.38,131715.82,0.14757528746357118
NZL,New Zealand,Asia,2013,2009-2013,217.5,134983.95,0.16113026770960545
NZL,New Zealand,Asia,2014,2010-2014,245.2,138017.22,0.17765899066797605
NZL,New Zealand,Asia,2015,2011-2015,255.79999999999998,140889.51,0.18156071378202673
NZL,New Zealand,Asia,2016,2012-2016,228.29999999999998,142356.04,0.16037254197292927
NZL,New Zealand,Asia,2017,2013-2017,198.3,145665.65,0.13613367324417255
NZL,New Zealand,Asia,2018,2014-2018,178.70000000000002,145599.24,0.12273415712884218
NZL,New Zealand,Asia,2019,2015-2019,97.85,145448.56,0.06727464335157392
NZL,New Zealand,Asia,2020,2016-2020,155.6,140135.09,0.11103571560841757
NZL,New Zealand,Asia,2021,2017-2021,191.64999999999998,135579.49,0.14135618890438367
NZL,New Zealand,Asia,2022,2018-2022,362.15,137378.79,0.2636142012897333
NZL,New Zealand,Asia,2023,2019-2023,762.0899999999999,139576.65,0.546001068230252
NZL,New Zealand,Asia,2024,2020-2024,959.24,143288.81,0.6694451576504823
NZL,New Zealand,Asia,2025,2021-2025,812.89,153264.5,0.5303837483565993
NIC,Nicaragua,Americas,2004,2000-2004,0.0,96813.81,0.0
NIC,Nicaragua,Americas,2005,2001-2005,0.0,97676.36,0.0
NIC,Nicaragua,Americas,2006,2002-2006,0.0,103801.38,0.0
NIC,Nicaragua,Americas,2007,2003-2007,14.0,112642.01,0.012428755488294287
NIC,Nicaragua,Americas,2008,2004-2008,14.0,117597.49,0.011905015999916325
NIC,Nicaragua,Americas,2009,2005-2009,28.5,120318.36,0.02368715796990584
NIC,Nicaragua,Americas,2010,2006-2010,28.5,124782.23,0.02283979056953863
NIC,Nicaragua,Americas,2011,2007-2011,28.5,130312.29000000001,0.02187053884173166
NIC,Nicaragua,Americas,2012,2008-2012,14.5,131715.82,0.011008548555518994
NIC,Nicaragua,Americas,2013,2009-2013,14.5,134983.95,0.01074201784730703
NIC,Nicaragua,Americas,2014,2010-2014,12.6,138017.22,0.009129295605287514
NIC,Nicaragua,Americas,2015,2011-2015,27.089999999999996,140889.51,0.019227833214836218
NIC,Nicaragua,Americas,2016,2012-2016,112.88999999999999,142356.04,0.07930116628700826
NIC,Nicaragua,Americas,2017,2013-2017,119.68999999999998,145665.65,0.0821676215360313
NIC,Nicaragua,Americas,2018,2014-2018,119.68999999999998,145599.24,0.08220509942222225
NIC,Nicaragua,Americas,2019,2015-2019,120.28999999999999,145448.56,0.08270277821932372
NIC,Nicaragua,Americas,2020,2016-2020,105.8,140135.09,0.07549857783657184
NIC,Nicaragua,Americas,2021,2017-2021,20.0,135579.49,0.014751493754696967
NIC,Nicaragua,Americas,2022,2018-2022,13.2,137378.79,0.009608470128467427
NIC,Nicaragua,Americas,2023,2019-2023,13.2,139576.65,0.009457169232819387
NIC,Nicaragua,Americas,2024,2020-2024,0.0,143288.81,0.0
NIC,Nicaragua,Americas,2025,2021-2025,0.0,153264.5,0.0
NER,Niger,Africa,2004,2000-2004,5.8,96813.81,0.005990880846441226
NER,Niger,Africa,2005,2001-2005,5.8,97676.36,0.005937977213729094
NER,Niger,Africa,2006,2002-2006,5.8,103801.38,0.00558759430751306
NER,Niger,Africa,2007,2003-2007,5.8,112642.01,0.005149055845150491
NER,Niger,Africa,2008,2004-2008,8.2,117597.49,0.006972937942808131
NER,Niger,Africa,2009,2005-2009,9.29,120318.36,0.007721182369839481
NER,Niger,Africa,2010,2006-2010,9.29,124782.23,0.007444970329509258
NER,Niger,Africa,2011,2007-2011,9.29,130312.29000000001,0.00712902827507674
NER,Niger,Africa,2012,2008-2012,9.29,131715.82,0.0070530631779842385
NER,Niger,Africa,2013,2009-2013,13.31,134983.95,0.009860431555010799
NER,Niger,Africa,2014,2010-2014,15.58,138017.22,0.011288446470665037
NER,Niger,Africa,2015,2011-2015,25.32,140889.51,0.017971529605007495
NER,Niger,Africa,2016,2012-2016,25.72,142356.04,0.018067375293665096
NER,Niger,Africa,2017,2013-2017,28.72,145665.65,0.019716384748223074
NER,Niger,Africa,2018,2014-2018,17.55,145599.24,0.012053634345893564
NER,Niger,Africa,2019,2015-2019,18.87,145448.56,0.01297365886606234
NER,Niger,Africa,2020,2016-2020,28.029999999999998,140135.09,0.020002127946683445
NER,Niger,Africa,2021,2017-2021,44.01,135579.49,0.03246066200721068
NER,Niger,Africa,2022,2018-2022,74.50999999999999,137378.79,0.05423690221758394
NER,Niger,Africa,2023,2019-2023,92.41999999999999,139576.65,0.06621451367402785
NER,Niger,Africa,2024,2020-2024,91.24000000000001,143288.81,0.06367559336978235
NER,Niger,Africa,2025,2021-2025,76.54,153264.5,0.04993980993641711
NGA,Nigeria,Africa,2004,2000-2004,126.88999999999999,96813.81,0.13106601217326327
NGA,Nigeria,Africa,2005,2001-2005,91.25,97676.36,0.09342076219875516
NGA,Nigeria,Africa,2006,2002-2006,98.6,103801.38,0.09498910322772201
NGA,Nigeria,Africa,2007,2003-2007,155.14999999999998,112642.01,0.1377372438577756
NGA,Nigeria,Africa,2008,2004-2008,122.25,117597.49,0.10395630042784075
NGA,Nigeria,Africa,2009,2005-2009,175.9,120318.36,0.1461954767335592
NGA,Nigeria,Africa,2010,2006-2010,398.70000000000005,124782.23,0.3195166491254404
NGA,Nigeria,Africa,2011,2007-2011,445.20000000000005,130312.29000000001,0.34164083832768194
NGA,Nigeria,Africa,2012,2008-2012,410.70000000000005,131715.82,0.31180764770701047
NGA,Nigeria,Africa,2013,2009-2013,407.72,134983.95,0.3020507252899326
NGA,Nigeria,Africa,2014,2010-2014,578.82,138017.22,0.41938245097242216
NGA,Nigeria,Africa,2015,2011-2015,544.0799999999999,140889.51,0.38617495369243593
NGA,Nigeria,Africa,2016,2012-2016,542.3199999999999,142356.04,0.38096030207077963
NGA,Nigeria,Africa,2017,2013-2017,556.5699999999999,145665.65,0.38208733493448865
NGA,Nigeria,Africa,2018,2014-2018,575.74,145599.24,0.3954278882224935
NGA,Nigeria,Africa,2019,2015-2019,358.14,145448.56,0.24623138242138662
NGA,Nigeria,Africa,2020,2016-2020,254.11,140135.09,0.1813321702651349
NGA,Nigeria,Africa,2021,2017-2021,465.97,135579.49,0.34368767724380733
NGA,Nigeria,Africa,2022,2018-2022,476.96000000000004,137378.79,0.3471860539752898
NGA,Nigeria,Africa,2023,2019-2023,520.5200000000001,139576.65,0.37292770674751125
NGA,Nigeria,Africa,2024,2020-2024,595.82,143288.81,0.41581753662410903
NGA,Nigeria,Africa,2025,2021-2025,532.4,153264.5,0.34737333172391516
PRK,North Korea,Asia,2004,2000-2004,232.3,96813.81,0.23994510700487875
PRK,North Korea,Asia,2005,2001-2005,174.3,97676.36,0.1784464531643071
PRK,North Korea,Asia,2006,2002-2006,105.5,103801.38,0.1016364136970048
PRK,North Korea,Asia,2007,2003-2007,56.5,112642.01,0.050158906077759094
PRK,North Korea,Asia,2008,2004-2008,26.0,117597.49,0.02210931542841603
PRK,North Korea,Asia,2009,2005-2009,22.0,120318.36,0.018284823696067667
PRK,North Korea,Asia,2010,2006-2010,18.0,124782.23,0.014425130886024396
PRK,North Korea,Asia,2011,2007-2011,13.5,130312.29000000001,0.010359728925030785
PRK,North Korea,Asia,2012,2008-2012,9.0,131715.82,0.0068328922068738585
PRK,North Korea,Asia,2013,2009-2013,4.5,134983.95,0.0033337296767504574
PRK,North Korea,Asia,2014,2010-2014,0.5,138017.22,0.00036227363513045694
PRK,North Korea,Asia,2015,2011-2015,0.0,140889.51,0.0
PRK,North Korea,Asia,2016,2012-2016,0.0,142356.04,0.0
PRK,North Korea,Asia,2017,2013-2017,0.0,145665.65,0.0
PRK,North Korea,Asia,2018,2014-2018,0.0,145599.24,0.0
PRK,North Korea,Asia,2019,2015-2019,0.0,145448.56,0.0
PRK,North Korea,Asia,2020,2016-2020,0.0,140135.09,0.0
PRK,North Korea,Asia,2021,2017-2021,0.0,135579.49,0.0
PRK,North Korea,Asia,2022,2018-2022,0.0,137378.79,0.0
PRK,North Korea,Asia,2023,2019-2023,0.0,139576.65,0.0
PRK,North Korea,Asia,2024,2020-2024,0.0,143288.81,0.0
PRK,North Korea,Asia,2025,2021-2025,0.0,153264.5,0.0
MKD,North Macedonia,Europe,2004,2000-2004,134.45999999999998,96813.81,0.13888514458835985
MKD,North Macedonia,Europe,2005,2001-2005,117.96,97676.36,0.1207661710571524
MKD,North Macedonia,Europe,2006,2002-2006,0.13,103801.38,0.00012523918275460306
MKD,North Macedonia,Europe,2007,2003-2007,0.13,112642.01,0.0001154098723913041
MKD,North Macedonia,Europe,2008,2004-2008,0.13,117597.49,0.00011054657714208016
MKD,North Macedonia,Europe,2009,2005-2009,6.13,120318.36,0.005094816784404309
MKD,North Macedonia,Europe,2010,2006-2010,6.13,124782.23,0.004912558462851642
MKD,North Macedonia,Europe,2011,2007-2011,6.0,130312.29000000001,0.004604323966680348
MKD,North Macedonia,Europe,2012,2008-2012,6.15,131715.82,0.004669143008030471
MKD,North Macedonia,Europe,2013,2009-2013,7.2700000000000005,134983.95,0.0053858254999946285
MKD,North Macedonia,Europe,2014,2010-2014,1.27,138017.22,0.0009201750332313606
MKD,North Macedonia,Europe,2015,2011-2015,1.27,140889.51,0.0009014155844533777
MKD,North Macedonia,Europe,2016,2012-2016,1.42,142356.04,0.000997498947006393
MKD,North Macedonia,Europe,2017,2013-2017,1.27,145665.65,0.0008718596319722599
MKD,North Macedonia,Europe,2018,2014-2018,0.15,145599.24,0.00010302251577686806
MKD,North Macedonia,Europe,2019,2015-2019,0.15,145448.56,0.00010312924376838107
MKD,North Macedonia,Europe,2020,2016-2020,0.15,140135.09,0.00010703957160194494
MKD,North Macedonia,Europe,2021,2017-2021,0.0,135579.49,0.0
MKD,North Macedonia,Europe,2022,2018-2022,1.08,137378.79,0.0007861475559655168
MKD,North Macedonia,Europe,2023,2019-2023,5.76,139576.65,0.004126764756139369
MKD,North Macedonia,Europe,2024,2020-2024,6.84,143288.81,0.004773575829124409
MKD,North Macedonia,Europe,2025,2021-2025,15.66,153264.5,0.010217630305778573
NOR,Norway,Europe,2004,2000-2004,441.71,96813.81,0.45624689287612996
NOR,Norway,Europe,2005,2001-2005,221.88000000000002,97676.36,0.22715834210038133
NOR,Norway,Europe,2006,2002-2006,681.87,103801.38,0.6568987811144708
NOR,Norway,Europe,2007,2003-2007,1185.0,112642.01,1.0520053752591951
NOR,Norway,Europe,2008,2004-2008,1777.55,117597.49,1.5115543707608043
NOR,Norway,Europe,2009,2005-2009,2341.2,120318.36,1.9458376926015282
NOR,Norway,Europe,2010,2006-2010,2477.91,124782.23,1.9857875596549284
NOR,Norway,Europe,2011,2007-2011,2526.11,130312.29000000001,1.9385048025784828
NOR,Norway,Europe,2012,2008-2012,2075.2500000000005,131715.82,1.575551061368331
NOR,Norway,Europe,2013,2009-2013,1524.8400000000001,134983.95,1.1296454133991485
NOR,Norway,Europe,2014,2010-2014,971.44,138017.22,0.7038542002222622
NOR,Norway,Europe,2015,2011-2015,964.44,140889.51,0.6845364143859966
NOR,Norway,Europe,2016,2012-2016,499.73,142356.04,0.3510423583010598
NOR,Norway,Europe,2017,2013-2017,705.5999999999999,145665.65,0.48439697348002075
NOR,Norway,Europe,2018,2014-2018,1174.71,145599.24,0.8068105300549646
NOR,Norway,Europe,2019,2015-2019,1547.81,145448.56,1.0641631653142527
NOR,Norway,Europe,2020,2016-2020,1863.08,140135.09,1.3294885670676775
NOR,Norway,Europe,2021,2017-2021,2223.7,135579.49,1.6401448331159825
NOR,Norway,Europe,2022,2018-2022,2570.55,137378.79,1.871140370358481
NOR,Norway,Europe,2023,2019-2023,2250.75,139576.65,1.6125548220278965
NOR,Norway,Europe,2024,2020-2024,2240.55,143288.81,1.563660135079634
NOR,Norway,Europe,2025,2021-2025,2188.9500000000003,153264.5,1.4282172323010223
OMN,Oman,Middle East,2004,2000-2004,277.74,96813.81,0.2868805597052735
OMN,Oman,Middle East,2005,2001-2005,335.24,97676.36,0.34321508295354164
OMN,Oman,Middle East,2006,2002-2006,600.55,103801.38,0.578556855409822
OMN,Oman,Middle East,2007,2003-2007,572.71,112642.01,0.5084337539786444
OMN,Oman,Middle East,2008,2004-2008,608.0799999999999,117597.49,0.5170858663735084
OMN,Oman,Middle East,2009,2005-2009,653.8799999999999,120318.36,0.5434582053811238
OMN,Oman,Middle East,2010,2006-2010,506.38,124782.23,0.4058109876702797
OMN,Oman,Middle East,2011,2007-2011,229.8,130312.29000000001,0.17634560792385737
OMN,Oman,Middle East,2012,2008-2012,345.05,131715.82,0.2619654951090917
OMN,Oman,Middle East,2013,2009-2013,765.05,134983.95,0.5667710864884306
OMN,Oman,Middle East,2014,2010-2014,1388.95,138017.22,1.0063599310288962
OMN,Oman,Middle East,2015,2011-2015,1510.05,140889.51,1.071797325436081
OMN,Oman,Middle East,2016,2012-2016,1911.32,142356.04,1.3426335826706053
OMN,Oman,Middle East,2017,2013-2017,2541.38,145665.65,1.7446666389776864
OMN,Oman,Middle East,2018,2014-2018,2331.6800000000003,145599.24,1.601436930577385
OMN,Oman,Middle East,2019,2015-2019,1700.53,145448.56,1.1691624860363004
OMN,Oman,Middle East,2020,2016-2020,1634.1299999999999,140135.09,1.1661105009459085
OMN,Oman,Middle East,2021,2017-2021,1216.1100000000001,135579.49,0.8969719535012266
OMN,Oman,Middle East,2022,2018-2022,463.37,137378.79,0.33729369722939034
OMN,Oman,Middle East,2023,2019-2023,185.39,139576.65,0.13282307606608984
OMN,Oman,Middle East,2024,2020-2024,97.84,143288.81,0.06828167531016555
OMN,Oman,Middle East,2025,2021-2025,12.64,153264.5,0.008247180527780406
PAK,Pakistan,Asia,2004,2000-2004,2269.2,96813.81,2.343880485645591
PAK,Pakistan,Asia,2005,2001-2005,2521.64,97676.36,2.5816277346944543
PAK,Pakistan,Asia,2006,2002-2006,2433.56,103801.38,2.3444389660330143
PAK,Pakistan,Asia,2007,2003-2007,2560.72,112642.01,2.273325910998925
PAK,Pakistan,Asia,2008,2004-2008,2986.8100000000004,117597.49,2.5398586313364344
PAK,Pakistan,Asia,2009,2005-2009,3710.31,120318.36,3.0837438276253097
PAK,Pakistan,Asia,2010,2006-2010,5515.1900000000005,124782.23,4.419852089516272
PAK,Pakistan,Asia,2011,2007-2011,6369.030000000001,130312.29000000001,4.887512912251024
PAK,Pakistan,Asia,2012,2008-2012,6699.88,131715.82,5.086617537665559
PAK,Pakistan,Asia,2013,2009-2013,6740.619999999999,134983.95,4.993645540821704
PAK,Pakistan,Asia,2014,2010-2014,6422.740000000001,138017.22,4.653578734595582
PAK,Pakistan,Asia,2015,2011-2015,4962.0199999999995,140889.51,3.521922959345944
PAK,Pakistan,Asia,2016,2012-2016,4656.400000000001,142356.04,3.270953589324345
PAK,Pakistan,Asia,2017,2013-2017,4502.24,145665.65,3.090804180669911
PAK,Pakistan,Asia,2018,2014-2018,4282.99,145599.24,2.941629365647788
PAK,Pakistan,Asia,2019,2015-2019,4059.81,145448.56,2.791234234288741
PAK,Pakistan,Asia,2020,2016-2020,3912.8099999999995,140135.09,2.7921700410653743
PAK,Pakistan,Asia,2021,2017-2021,4024.55,135579.49,2.9684062095232844
PAK,Pakistan,Asia,2022,2018-2022,4683.780000000001,137378.79,3.4093909256297863
PAK,Pakistan,Asia,2023,2019-2023,5989.27,139576.65,4.291025755382438
PAK,Pakistan,Asia,2024,2020-2024,6403.83,143288.81,4.469176623073358
PAK,Pakistan,Asia,2025,2021-2025,6485.280000000001,153264.5,4.2314299788927
PSE,Palestine,,2004,2000-2004,0.0,96813.81,0.0
PSE,Palestine,,2005,2001-2005,0.0,97676.36,0.0
PSE,Palestine,,2006,2002-2006,0.0,103801.38,0.0
PSE,Palestine,,2007,2003-2007,1.5,112642.01,0.0013316523737458166
PSE,Palestine,,2008,2004-2008,1.5,117597.49,0.0012755374285624633
PSE,Palestine,,2009,2005-2009,16.0,120318.36,0.013298053597140121
PSE,Palestine,,2010,2006-2010,21.4,124782.23,0.017149877831162338
PSE,Palestine,,2011,2007-2011,21.4,130312.29000000001,0.01642208881449324
PSE,Palestine,,2012,2008-2012,19.9,131715.82,0.015108283879643308
PSE,Palestine,,2013,2009-2013,19.9,134983.95,0.01474249345940758
PSE,Palestine,,2014,2010-2014,5.4,138017.22,0.003912555259408935
PSE,Palestine,,2015,2011-2015,0.0,140889.51,0.0
PSE,Palestine,,2016,2012-2016,0.96,142356.04,0.0006743654853000968
PSE,Palestine,,2017,2013-2017,0.96,145665.65,0.0006590435013333617
PSE,Palestine,,2018,2014-2018,0.96,145599.24,0.0006593441009719557
PSE,Palestine,,2019,2015-2019,1.76,145448.56,0.0012100497935490044
PSE,Palestine,,2020,2016-2020,1.76,140135.09,0.001255930973462821
PSE,Palestine,,2021,2017-2021,0.8,135579.49,0.0005900597501878788
PSE,Palestine,,2022,2018-2022,0.8,137378.79,0.00058233152293742
PSE,Palestine,,2023,2019-2023,2.84,139576.65,0.002034724289485383
PSE,Palestine,,2024,2020-2024,2.04,143288.81,0.0014236980543002626
PSE,Palestine,,2025,2021-2025,2.04,153264.5,0.0013310323003696224
PNG,Papua New Guinea,Asia,2004,2000-2004,0.0,96813.81,0.0
PNG,Papua New Guinea,Asia,2005,2001-2005,0.0,97676.36,0.0
PNG,Papua New Guinea,Asia,2006,2002-2006,0.0,103801.38,0.0
PNG,Papua New Guinea,Asia,2007,2003-2007,0.0,112642.01,0.0
PNG,Papua New Guinea,Asia,2008,2004-2008,0.0,117597.49,0.0
PNG,Papua New Guinea,Asia,2009,2005-2009,0.0,120318.36,0.0
PNG,Papua New Guinea,Asia,2010,2006-2010,0.0,124782.23,0.0
PNG,Papua New Guinea,Asia,2011,2007-2011,0.0,130312.29000000001,0.0
PNG,Papua New Guinea,Asia,2012,2008-2012,0.0,131715.82,0.0
PNG,Papua New Guinea,Asia,2013,2009-2013,0.0,134983.95,0.0
PNG,Papua New Guinea,Asia,2014,2010-2014,3.2,138017.22,0.0023185512648349242
PNG,Papua New Guinea,Asia,2015,2011-2015,3.2,140889.51,0.0022712833624022113
PNG,Papua New Guinea,Asia,2016,2012-2016,3.2,142356.04,0.002247884951000323
PNG,Papua New Guinea,Asia,2017,2013-2017,3.5500000000000003,145665.65,0.002437087947638994
PNG,Papua New Guinea,Asia,2018,2014-2018,11.450000000000001,145599.24,0.007864052037634264
PNG,Papua New Guinea,Asia,2019,2015-2019,8.25,145448.56,0.005672108407260959
PNG,Papua New Guinea,Asia,2020,2016-2020,8.25,140135.09,0.005887176438106973
PNG,Papua New Guinea,Asia,2021,2017-2021,22.25,135579.49,0.01641103680210038
PNG,Papua New Guinea,Asia,2022,2018-2022,21.9,137378.79,0.01594132544041187
PNG,Papua New Guinea,Asia,2023,2019-2023,22.8,139576.65,0.01633511049305167
PNG,Papua New Guinea,Asia,2024,2020-2024,22.8,143288.81,0.015911919430414697
PNG,Papua New Guinea,Asia,2025,2021-2025,22.8,153264.5,0.014876243357072253
PRY,Paraguay,Americas,2004,2000-2004,10.09,96813.81,0.010422066851826202
PRY,Paraguay,Americas,2005,2001-2005,10.67,97676.36,0.010923830494911971
PRY,Paraguay,Americas,2006,2002-2006,4.38,103801.38,0.004219597080501241
PRY,Paraguay,Americas,2007,2003-2007,4.38,112642.01,0.003888424931337784
PRY,Paraguay,Americas,2008,2004-2008,4.38,117597.49,0.0037245692914023927
PRY,Paraguay,Americas,2009,2005-2009,0.58,120318.36,0.0004820544428963293
PRY,Paraguay,Americas,2010,2006-2010,2.7,124782.23,0.0021637696329036595
PRY,Paraguay,Americas,2011,2007-2011,10.899999999999999,130312.29000000001,0.008364521872802632
PRY,Paraguay,Americas,2012,2008-2012,18.0,131715.82,0.013665784413747717
PRY,Paraguay,Americas,2013,2009-2013,18.1,134983.95,0.013409001588707397
PRY,Paraguay,Americas,2014,2010-2014,18.1,138017.22,0.01311430559172254
PRY,Paraguay,Americas,2015,2011-2015,15.399999999999999,140889.51,0.010930551181560642
PRY,Paraguay,Americas,2016,2012-2016,7.199999999999999,142356.04,0.005057741139750725
PRY,Paraguay,Americas,2017,2013-2017,0.1,145665.65,6.865036472222519e-05
PRY,Paraguay,Americas,2018,2014-2018,0.0,145599.24,0.0
PRY,Paraguay,Americas,2019,2015-2019,2.1,145448.56,0.001443809412757335
PRY,Paraguay,Americas,2020,2016-2020,2.1,140135.09,0.0014985540024272295
PRY,Paraguay,Americas,2021,2017-2021,7.24,135579.49,0.005340040739200303
PRY,Paraguay,Americas,2022,2018-2022,7.24,137378.79,0.005270100282583651
PRY,Paraguay,Americas,2023,2019-2023,7.24,139576.65,0.005187114033758512
PRY,Paraguay,Americas,2024,2020-2024,5.140000000000001,143288.81,0.0035871607838741915
PRY,Paraguay,Americas,2025,2021-2025,29.330000000000002,153264.5,0.019136851651882857
PER,Peru,Americas,2004,2000-2004,112.53,96813.81,0.11623341752586744
PER,Peru,Americas,2005,2001-2005,462.53,97676.36,0.4735332070113996
PER,Peru,Americas,2006,2002-2006,645.5699999999999,103801.38,0.6219281477760699
PER,Peru,Americas,2007,2003-2007,801.1,112642.01,0.7111911444051824
PER,Peru,Americas,2008,2004-2008,779.4,117597.49,0.662769247881056
PER,Peru,Americas,2009,2005-2009,775.9,120318.36,0.6448724866263137
PER,Peru,Americas,2010,2006-2010,453.9,124782.23,0.3637537171759152
PER,Peru,Americas,2011,2007-2011,331.62,130312.29000000001,0.2544809856384229
PER,Peru,Americas,2012,2008-2012,165.01999999999998,131715.82,0.12528487466425825
PER,Peru,Americas,2013,2009-2013,179.82,134983.95,0.1332158378829483
PER,Peru,Americas,2014,2010-2014,289.91999999999996,138017.22,0.21006074459404409
PER,Peru,Americas,2015,2011-2015,454.88,140889.51,0.32286292996547433
PER,Peru,Americas,2016,2012-2016,551.64,142356.04,0.3875072669905681
PER,Peru,Americas,2017,2013-2017,574.64,145665.65,0.39449245583979475
PER,Peru,Americas,2018,2014-2018,663.09,145599.24,0.455421333243223
PER,Peru,Americas,2019,2015-2019,510.32,145448.56,0.3508594378658682
PER,Peru,Americas,2020,2016-2020,326.98999999999995,140135.09,0.23333913012079985
PER,Peru,Americas,2021,2017-2021,221.13,135579.49,0.16309989069880704
PER,Peru,Americas,2022,2018-2022,231.09,137378.79,0.16821373954451047
PER,Peru,Americas,2023,2019-2023,150.24,139576.65,0.10763978072263522
PER,Peru,Americas,2024,2020-2024,151.02,143288.81,0.10539552949040475
PER,Peru,Americas,2025,2021-2025,213.42000000000002,153264.5,0.13924946742396316
PHL,Philippines,Asia,2004,2000-2004,59.26,96813.81,0.06121027568277707
PHL,Philippines,Asia,2005,2001-2005,71.75,97676.36,0.07345687329052802
PHL,Philippines,Asia,2006,2002-2006,85.3,103801.38,0.08217617145359724
PHL,Philippines,Asia,2007,2003-2007,95.67,112642.01,0.08493278839750817
PHL,Philippines,Asia,2008,2004-2008,95.81,117597.49,0.08147282735371308
PHL,Philippines,Asia,2009,2005-2009,62.47,120318.36,0.05192058801333396
PHL,Philippines,Asia,2010,2006-2010,52.74,124782.23,0.04226563349605148
PHL,Philippines,Asia,2011,2007-2011,92.72999999999999,130312.29000000001,0.07115982690504478
PHL,Philippines,Asia,2012,2008-2012,97.92,131715.82,0.07434186721078759
PHL,Philippines,Asia,2013,2009-2013,170.19,134983.95,0.1260816563747023
PHL,Philippines,Asia,2014,2010-2014,181.45,138017.22,0.1314691021888428
PHL,Philippines,Asia,2015,2011-2015,331.63,140889.51,0.23538303171045166
PHL,Philippines,Asia,2016,2012-2016,496.52,142356.04,0.34878744870958756
PHL,Philippines,Asia,2017,2013-2017,753.28,145665.65,0.5171294673795779
PHL,Philippines,Asia,2018,2014-2018,687.4499999999999,145599.24,0.4721521898053863
PHL,Philippines,Asia,2019,2015-2019,866.61,145448.56,0.5958188929474448
PHL,Philippines,Asia,2020,2016-2020,1098.47,140135.09,0.7838650547839231
PHL,Philippines,Asia,2021,2017-2021,1235.84,135579.49,0.9115243020902349
PHL,Philippines,Asia,2022,2018-2022,1237.83,137378.79,0.9010342862970332
PHL,Philippines,Asia,2023,2019-2023,1328.4499999999998,139576.65,0.9517709444953723
PHL,Philippines,Asia,2024,2020-2024,1442.39,143288.81,1.0066312924226253
PHL,Philippines,Asia,2025,2021-2025,1904.08,153264.5,1.2423490110234268
POL,Poland,Europe,2004,2000-2004,1000.11,96813.81,1.033024110919713
POL,Poland,Europe,2005,2001-2005,959.15,97676.36,0.9819673869910795
POL,Poland,Europe,2006,2002-2006,1369.89,103801.38,1.319722338951563
POL,Poland,Europe,2007,2003-2007,2085.37,112642.01,1.8513252737588755
POL,Poland,Europe,2008,2004-2008,2370.91,117597.49,2.0161229631686863
POL,Poland,Europe,2009,2005-2009,2340.2999999999997,120318.36,1.9450896770866886
POL,Poland,Europe,2010,2006-2010,2409.99,124782.23,1.9313567324449963
POL,Poland,Europe,2011,2007-2011,2109.39,130312.29000000001,1.6187191553459768
POL,Poland,Europe,2012,2008-2012,1367.15,131715.82,1.0379542867363998
POL,Poland,Europe,2013,2009-2013,880.8399999999999,134983.95,0.6525516552153051
POL,Poland,Europe,2014,2010-2014,963.3,138017.22,0.6979563854423382
POL,Poland,Europe,2015,2011-2015,915.91,140889.51,0.6500909826430654
POL,Poland,Europe,2016,2012-2016,819.9099999999999,142356.04,0.5759572969295857
POL,Poland,Europe,2017,2013-2017,718.81,145665.65,0.4934656866598268
POL,Poland,Europe,2018,2014-2018,622.84,145599.24,0.4277769581764301
POL,Poland,Europe,2019,2015-2019,560.9200000000001,145448.56,0.38564836943040215
POL,Poland,Europe,2020,2016-2020,586.5799999999999,140135.09,0.41858181273512574
POL,Poland,Europe,2021,2017-2021,609.7,135579.49,0.44969928711193713
POL,Poland,Europe,2022,2018-2022,898.58,137378.79,0.6540893248513835
POL,Poland,Europe,2023,2019-2023,2239.4,139576.65,1.6044230893921014
POL,Poland,Europe,2024,2020-2024,3568.4,143288.81,2.490354969100518
POL,Poland,Europe,2025,2021-2025,5585.11,153264.5,3.6440989270183244
PRT,Portugal,Europe,2004,2000-2004,117.7,96813.81,0.12157356476312625
PRT,Portugal,Europe,2005,2001-2005,273.6,97676.36,0.28010871822004835
PRT,Portugal,Europe,2006,2002-2006,476.26,103801.38,0.4588185629131328
PRT,Portugal,Europe,2007,2003-2007,536.06,112642.01,0.4758970476467882
PRT,Portugal,Europe,2008,2004-2008,652.31,117597.49,0.5546972133503869
PRT,Portugal,Europe,2009,2005-2009,954.1999999999999,120318.36,0.793062671399444
PRT,Portugal,Europe,2010,2006-2010,1687.06,124782.23,1.3520034062542399
PRT,Portugal,Europe,2011,2007-2011,1636.5500000000002,130312.29000000001,1.2558677312784543
PRT,Portugal,Europe,2012,2008-2012,1618.25,131715.82,1.2285919793081803
PRT,Portugal,Europe,2013,2009-2013,1484.5,134983.95,1.0997603789191233
PRT,Portugal,Europe,2014,2010-2014,1115.91,138017.22,0.8085295443568563
PRT,Portugal,Europe,2015,2011-2015,226.25000000000003,140889.51,0.16058683148234387
PRT,Portugal,Europe,2016,2012-2016,77.1,142356.04,0.05415997803816402
PRT,Portugal,Europe,2017,2013-2017,43.6,145665.65,0.02993155901889018
PRT,Portugal,Europe,2018,2014-2018,51.6,145599.24,0.03543974542724262
PRT,Portugal,Europe,2019,2015-2019,92.8,145448.56,0.06380262547803842
PRT,Portugal,Europe,2020,2016-2020,136.69,140135.09,0.09754159361513237
PRT,Portugal,Europe,2021,2017-2021,122.14999999999999,135579.49,0.09009474810681173
PRT,Portugal,Europe,2022,2018-2022,114.14999999999999,137378.79,0.08309142917913309
PRT,Portugal,Europe,2023,2019-2023,161.64999999999998,139576.65,0.11581450049130709
PRT,Portugal,Europe,2024,2020-2024,178.65,143288.81,0.12467826343173624
PRT,Portugal,Europe,2025,2021-2025,223.26,153264.5,0.14566974087280485
QAT,Qatar,Middle East,2004,2000-2004,2.5,96813.81,0.002582276226914321
QAT,Qatar,Middle East,2005,2001-2005,0.0,97676.36,0.0
QAT,Qatar,Middle East,2006,2002-2006,0.0,103801.38,0.0
QAT,Qatar,Middle East,2007,2003-2007,27.0,112642.01,0.0239697427274247
QAT,Qatar,Middle East,2008,2004-2008,27.0,117597.49,0.02295967371412434
QAT,Qatar,Middle East,2009,2005-2009,313.0,120318.36,0.2601431734940536
QAT,Qatar,Middle East,2010,2006-2010,343.36,124782.23,0.27516738561251874
QAT,Qatar,Middle East,2011,2007-2011,533.36,130312.29000000001,0.4092937051447718
QAT,Qatar,Middle East,2012,2008-2012,841.6500000000001,131715.82,0.6389893028794871
QAT,Qatar,Middle East,2013,2009-2013,923.6500000000001,134983.95,0.6842665368734578
QAT,Qatar,Middle East,2014,2010-2014,693.0500000000001,138017.22,0.5021474856543264
QAT,Qatar,Middle East,2015,2011-2015,1152.19,140889.51,0.8177968679144387
QAT,Qatar,Middle East,2016,2012-2016,1558.29,142356.04,1.0946427000919665
QAT,Qatar,Middle East,2017,2013-2017,1508.47,145665.65,1.0355701567253501
QAT,Qatar,Middle East,2018,2014-2018,2039.67,145599.24,1.4008795650306967
QAT,Qatar,Middle East,2019,2015-2019,4214.37,145448.56,2.897498607067681
QAT,Qatar,Middle East,2020,2016-2020,4806.469999999999,140135.09,3.429883264784002
QAT,Qatar,Middle East,2021,2017-2021,6498.13,135579.49,4.792856205610451
QAT,Qatar,Middle East,2022,2018-2022,9549.0,137378.79,6.950854640661778
QAT,Qatar,Middle East,2023,2019-2023,10942.269999999999,139576.65,7.839613574333529
QAT,Qatar,Middle East,2024,2020-2024,9906.17,143288.81,6.913428899297859
QAT,Qatar,Middle East,2025,2021-2025,9878.77,153264.5,6.445569587216871
ROU,Romania,Europe,2004,2000-2004,366.45,96813.81,0.3785100493411012
ROU,Romania,Europe,2005,2001-2005,776.38,97676.36,0.7948494395163784
ROU,Romania,Europe,2006,2002-2006,815.8999999999999,103801.38,0.7860203785344664
ROU,Romania,Europe,2007,2003-2007,896.24,112642.01,0.7956534156306337
ROU,Romania,Europe,2008,2004-2008,958.96,117597.49,0.8154595816628399
ROU,Romania,Europe,2009,2005-2009,734.83,120318.36,0.6107380452991547
ROU,Romania,Europe,2010,2006-2010,411.29999999999995,124782.23,0.3296142407456574
ROU,Romania,Europe,2011,2007-2011,427.04,130312.29000000001,0.3277050844551961
ROU,Romania,Europe,2012,2008-2012,347.55,131715.82,0.2638635207221122
ROU,Romania,Europe,2013,2009-2013,287.81,134983.95,0.21321794183678874
ROU,Romania,Europe,2014,2010-2014,228.89000000000001,138017.22,0.1658416246900206
ROU,Romania,Europe,2015,2011-2015,143.66000000000003,140889.51,0.10196642745084429
ROU,Romania,Europe,2016,2012-2016,240.98999999999998,142356.04,0.16928681073173993
ROU,Romania,Europe,2017,2013-2017,308.03,145665.65,0.2114637184538702
ROU,Romania,Europe,2018,2014-2018,323.45,145599.24,0.22215088485351983
ROU,Romania,Europe,2019,2015-2019,336.25,145448.56,0.2311813881141209
ROU,Romania,Europe,2020,2016-2020,481.74,140135.09,0.34376828815680643
ROU,Romania,Europe,2021,2017-2021,409.59000000000003,135579.49,0.3021032163493166
ROU,Romania,Europe,2022,2018-2022,507.12,137378.79,0.3691399523900305
ROU,Romania,Europe,2023,2019-2023,835.62,139576.65,0.5986817995703436
ROU,Romania,Europe,2024,2020-2024,1142.69,143288.81,0.7974732988570427
ROU,Romania,Europe,2025,2021-2025,1395.6399999999999,153264.5,0.9106087841607156
RUS,Russia,Europe,2004,2000-2004,1148.3600000000001,96813.81,1.1861530911757323
RUS,Russia,Europe,2005,2001-2005,1.68,97676.36,0.0017199658136318758
RUS,Russia,Europe,2006,2002-2006,0.0,103801.38,0.0
RUS,Russia,Europe,2007,2003-2007,90.0,112642.01,0.07989914242474899
RUS,Russia,Europe,2008,2004-2008,90.0,117597.49,0.0765322457137478
RUS,Russia,Europe,2009,2005-2009,97.9,120318.36,0.08136746544750112
RUS,Russia,Europe,2010,2006-2010,122.60000000000001,124782.23,0.09825116925703285
RUS,Russia,Europe,2011,2007-2011,133.0,130312.29000000001,0.10206251459474773
RUS,Russia,Europe,2012,2008-2012,164.35,131715.82,0.12477620379996873
RUS,Russia,Europe,2013,2009-2013,349.75,134983.95,0.25910487876521615
RUS,Russia,Europe,2014,2010-2014,548.6500000000001,138017.22,0.39752285982865043
RUS,Russia,Europe,2015,2011-2015,637.3000000000001,140889.51,0.45234027714341546
RUS,Russia,Europe,2016,2012-2016,754.0,142356.04,0.529657891579451
RUS,Russia,Europe,2017,2013-2017,726.2500000000001,145665.65,0.4985732737951605
RUS,Russia,Europe,2018,2014-2018,602.45,145599.24,0.4137727641984945
RUS,Russia,Europe,2019,2015-2019,400.45,145448.56,0.275320704446988
RUS,Russia,Europe,2020,2016-2020,287.6,140135.09,0.20523053861812912
RUS,Russia,Europe,2021,2017-2021,166.55,135579.49,0.12284306424223902
RUS,Russia,Europe,2022,2018-2022,112.0,137378.79,0.08152641321123878
RUS,Russia,Europe,2023,2019-2023,145.1,139576.65,0.10395721633955249
RUS,Russia,Europe,2024,2020-2024,455.6,143288.81,0.3179592321270587
RUS,Russia,Europe,2025,2021-2025,584.0,153264.5,0.38104061932149974
RWA,Rwanda,Africa,2004,2000-2004,14.5,96813.81,0.014977202116103063
RWA,Rwanda,Africa,2005,2001-2005,0.0,97676.36,0.0
RWA,Rwanda,Africa,2006,2002-2006,3.0,103801.38,0.002890134986644686
RWA,Rwanda,Africa,2007,2003-2007,23.1,112642.01,0.020507446555685576
RWA,Rwanda,Africa,2008,2004-2008,36.7,117597.49,0.03120814908549494
RWA,Rwanda,Africa,2009,2005-2009,47.7,120318.36,0.03964482228647399
RWA,Rwanda,Africa,2010,2006-2010,47.7,124782.23,0.03822659684796465
RWA,Rwanda,Africa,2011,2007-2011,44.7,130312.29000000001,0.0343022135517686
RWA,Rwanda,Africa,2012,2008-2012,30.0,131715.82,0.0227763073562462
RWA,Rwanda,Africa,2013,2009-2013,31.769999999999996,134983.95,0.02353613151785823
RWA,Rwanda,Africa,2014,2010-2014,35.269999999999996,138017.22,0.02555478222210243
RWA,Rwanda,Africa,2015,2011-2015,64.27,140889.51,0.045617306781746914
RWA,Rwanda,Africa,2016,2012-2016,64.27,142356.04,0.0451473643127471
RWA,Rwanda,Africa,2017,2013-2017,66.77,145665.65,0.04583784852502975
RWA,Rwanda,Africa,2018,2014-2018,54.5,145599.24,0.0374315140655954
RWA,Rwanda,Africa,2019,2015-2019,40.72,145448.56,0.027996152041656515
RWA,Rwanda,Africa,2020,2016-2020,11.72,140135.09,0.008363358527831967
RWA,Rwanda,Africa,2021,2017-2021,76.87,135579.49,0.056697366246177806
RWA,Rwanda,Africa,2022,2018-2022,85.55,137378.79,0.062273077234120344
RWA,Rwanda,Africa,2023,2019-2023,119.45,139576.65,0.08558021703486937
RWA,Rwanda,Africa,2024,2020-2024,118.73,143288.81,0.08286062254268145
RWA,Rwanda,Africa,2025,2021-2025,118.73,153264.5,0.07746738481513984
SAU,Saudi Arabia,Middle East,2004,2000-2004,2036.9699999999998,96813.81,2.104007682375066
SAU,Saudi Arabia,Middle East,2005,2001-2005,2098.13,97676.36,2.1480427812830047
SAU,Saudi Arabia,Middle East,2006,2002-2006,2245.86,103801.38,2.1636128537019452
SAU,Saudi Arabia,Middle East,2007,2003-2007,1916.1399999999996,112642.01,1.7010882529528724
SAU,Saudi Arabia,Middle East,2008,2004-2008,2147.2699999999995,117597.49,1.8259488361528802
SAU,Saudi Arabia,Middle East,2009,2005-2009,1818.19,120318.36,1.5111492543615122
SAU,Saudi Arabia,Middle East,2010,2006-2010,2761.41,124782.23,2.2129833711098126
SAU,Saudi Arabia,Middle East,2011,2007-2011,3730.9,130312.29000000001,2.863045381214619
SAU,Saudi Arabia,Middle East,2012,2008-2012,4337.53,131715.82,3.293097214897952
SAU,Saudi Arabia,Middle East,2013,2009-2013,5634.179999999999,134983.95,4.173962904478643
SAU,Saudi Arabia,Middle East,2014,2010-2014,7523.47,138017.22,5.451109651389877
SAU,Saudi Arabia,Middle East,2015,2011-2015,9888.95,140889.51,7.0189398770710465
SAU,Saudi Arabia,Middle East,2016,2012-2016,11621.42,142356.04,8.163629727266928
SAU,Saudi Arabia,Middle East,2017,2013-2017,14638.02,145665.65,10.049054118112267
SAU,Saudi Arabia,Middle East,2018,2014-2018,15895.9,145599.24,10.917570723583447
SAU,Saudi Arabia,Middle East,2019,2015-2019,16211.650000000001,145448.56,11.1459680315845
SAU,Saudi Arabia,Middle East,2020,2016-2020,14978.699999999999,140135.09,10.68875754102702
SAU,Saudi Arabia,Middle East,2021,2017-2021,13816.87,135579.49,10.190973575722996
SAU,Saudi Arabia,Middle East,2022,2018-2022,13017.32,137378.79,9.475494725204667
SAU,Saudi Arabia,Middle East,2023,2019-2023,11398.98,139576.65,8.166824465266934
SAU,Saudi Arabia,Middle East,2024,2020-2024,9604.68,143288.81,6.703021680478748
SAU,Saudi Arabia,Middle East,2025,2021-2025,10405.78,153264.5,6.789426122813828
SEN,Senegal,Africa,2004,2000-2004,0.0,96813.81,0.0
SEN,Senegal,Africa,2005,2001-2005,15.54,97676.36,0.01590968377609485
SEN,Senegal,Africa,2006,2002-2006,30.7,103801.38,0.029575714696663955
SEN,Senegal,Africa,2007,2003-2007,42.82,112642.01,0.03801423642919724
SEN,Senegal,Africa,2008,2004-2008,48.43,117597.49,0.0411828517768534
SEN,Senegal,Africa,2009,2005-2009,54.11,120318.36,0.04497235500882824
SEN,Senegal,Africa,2010,2006-2010,42.41,124782.23,0.033987211159794146
SEN,Senegal,Africa,2011,2007-2011,43.730000000000004,130312.29000000001,0.033557847843821945
SEN,Senegal,Africa,2012,2008-2012,31.61,131715.82,0.02399863585103141
SEN,Senegal,Africa,2013,2009-2013,26.0,134983.95,0.019261549243447088
SEN,Senegal,Africa,2014,2010-2014,29.16,138017.22,0.021127798400808247
SEN,Senegal,Africa,2015,2011-2015,49.730000000000004,140889.51,0.03529716300383187
SEN,Senegal,Africa,2016,2012-2016,73.32,142356.04,0.05150466393979489
SEN,Senegal,Africa,2017,2013-2017,121.07,145665.65,0.08311499656919803
SEN,Senegal,Africa,2018,2014-2018,135.57999999999998,145599.24,0.0931186179268518
SEN,Senegal,Africa,2019,2015-2019,167.16000000000003,145448.56,0.11492722925548389
SEN,Senegal,Africa,2020,2016-2020,165.06,140135.09,0.11778634459078023
SEN,Senegal,Africa,2021,2017-2021,145.73000000000002,135579.49,0.10748675924359948
SEN,Senegal,Africa,2022,2018-2022,125.47999999999999,137378.79,0.09133869937273431
SEN,Senegal,Africa,2023,2019-2023,282.49,139576.65,0.20239058610448096
SEN,Senegal,Africa,2024,2020-2024,320.77,143288.81,0.2238625612146545
SEN,Senegal,Africa,2025,2021-2025,298.46,153264.5,0.19473524527858702
SRB,Serbia,Europe,2004,2000-2004,27.439999999999998,96813.81,0.02834306386661159
SRB,Serbia,Europe,2005,2001-2005,26.54,97676.36,0.02717136469868451
SRB,Serbia,Europe,2006,2002-2006,0.0,103801.38,0.0
SRB,Serbia,Europe,2007,2003-2007,0.0,112642.01,0.0
SRB,Serbia,Europe,2008,2004-2008,0.0,117597.49,0.0
SRB,Serbia,Europe,2009,2005-2009,0.0,120318.36,0.0
SRB,Serbia,Europe,2010,2006-2010,16.04,124782.23,0.012854394411768406
SRB,Serbia,Europe,2011,2007-2011,16.04,130312.29000000001,0.012308892737592132
SRB,Serbia,Europe,2012,2008-2012,16.48,131715.82,0.012511784841031244
SRB,Serbia,Europe,2013,2009-2013,16.48,134983.95,0.012208858905077231
SRB,Serbia,Europe,2014,2010-2014,16.48,138017.22,0.011940539013899859
SRB,Serbia,Europe,2015,2011-2015,0.44,140889.51,0.00031230146233030405
SRB,Serbia,Europe,2016,2012-2016,23.740000000000002,142356.04,0.016676496480233647
SRB,Serbia,Europe,2017,2013-2017,88.56,145665.65,0.06079676299800262
SRB,Serbia,Europe,2018,2014-2018,92.29,145599.24,0.06338631987364769
SRB,Serbia,Europe,2019,2015-2019,176.03,145448.56,0.12102560520365413
SRB,Serbia,Europe,2020,2016-2020,323.3,140135.09,0.23070595665939203
SRB,Serbia,Europe,2021,2017-2021,417.37,135579.49,0.30784154741989367
SRB,Serbia,Europe,2022,2018-2022,515.9200000000001,137378.79,0.37554559914234215
SRB,Serbia,Europe,2023,2019-2023,882.5400000000001,139576.65,0.632297737479729
SRB,Serbia,Europe,2024,2020-2024,954.15,143288.81,0.6658928914267624
SRB,Serbia,Europe,2025,2021-2025,952.48,153264.5,0.6214615909098323
SYC,Seychelles,Africa,2004,2000-2004,0.0,96813.81,0.0
SYC,Seychelles,Africa,2005,2001-2005,14.6,97676.36,0.014947321951800825
SYC,Seychelles,Africa,2006,2002-2006,14.6,103801.38,0.014065323601670805
SYC,Seychelles,Africa,2007,2003-2007,14.6,112642.01,0.012961416437792613
SYC,Seychelles,Africa,2008,2004-2008,14.6,117597.49,0.01241523097134131
SYC,Seychelles,Africa,2009,2005-2009,14.6,120318.36,0.012134473907390359
SYC,Seychelles,Africa,2010,2006-2010,0.0,124782.23,0.0
SYC,Seychelles,Africa,2011,2007-2011,7.8,130312.29000000001,0.005985621156684454
SYC,Seychelles,Africa,2012,2008-2012,7.8,131715.82,0.005921839912624011
SYC,Seychelles,Africa,2013,2009-2013,17.3,134983.95,0.012816338535062873
SYC,Seychelles,Africa,2014,2010-2014,33.14,138017.22,0.024011496536446686
SYC,Seychelles,Africa,2015,2011-2015,33.14,140889.51,0.023521978321877902
SYC,Seychelles,Africa,2016,2012-2016,32.84,142356.04,0.023068919309640817
SYC,Seychelles,Africa,2017,2013-2017,32.84,145665.65,0.022544779774778752
SYC,Seychelles,Africa,2018,2014-2018,32.84,145599.24,0.022555062787415654
SYC,Seychelles,Africa,2019,2015-2019,17.0,145448.56,0.011687980960416521
SYC,Seychelles,Africa,2020,2016-2020,17.0,140135.09,0.012131151448220428
SYC,Seychelles,Africa,2021,2017-2021,28.5,135579.49,0.021020878600443178
SYC,Seychelles,Africa,2022,2018-2022,28.5,137378.79,0.020745560504645585
SYC,Seychelles,Africa,2023,2019-2023,19.0,139576.65,0.013612592077543055
SYC,Seychelles,Africa,2024,2020-2024,19.0,143288.81,0.013259932858678916
SYC,Seychelles,Africa,2025,2021-2025,19.0,153264.5,0.012396869464226874
SLE,Sierra Leone,Africa,2004,2000-2004,0.0,96813.81,0.0
SLE,Sierra Leone,Africa,2005,2001-2005,0.0,97676.36,0.0
SLE,Sierra Leone,Africa,2006,2002-2006,9.0,103801.38,0.008670404959934059
SLE,Sierra Leone,Africa,2007,2003-2007,9.0,112642.01,0.0079899142424749
SLE,Sierra Leone,Africa,2008,2004-2008,9.0,117597.49,0.00765322457137478
SLE,Sierra Leone,Africa,2009,2005-2009,9.0,120318.36,0.007480155148391317
SLE,Sierra Leone,Africa,2010,2006-2010,9.0,124782.23,0.007212565443012198
SLE,Sierra Leone,Africa,2011,2007-2011,2.1,130312.29000000001,0.0016115133883381223
SLE,Sierra Leone,Africa,2012,2008-2012,2.25,131715.82,0.0017082230517184646
SLE,Sierra Leone,Africa,2013,2009-2013,2.85,134983.95,0.002111362128608623
SLE,Sierra Leone,Africa,2014,2010-2014,2.85,138017.22,0.0020649597202436042
SLE,Sierra Leone,Africa,2015,2011-2015,3.75,140889.51,0.0026616601903150915
SLE,Sierra Leone,Africa,2016,2012-2016,3.75,142356.04,0.0026342401769535034
SLE,Sierra Leone,Africa,2017,2013-2017,3.6,145665.65,0.0024714131300001066
SLE,Sierra Leone,Africa,2018,2014-2018,3.0,145599.24,0.0020604503155373616
SLE,Sierra Leone,Africa,2019,2015-2019,3.0,145448.56,0.0020625848753676214
SLE,Sierra Leone,Africa,2020,2016-2020,2.1,140135.09,0.0014985540024272295
SLE,Sierra Leone,Africa,2021,2017-2021,0.0,135579.49,0.0
SLE,Sierra Leone,Africa,2022,2018-2022,0.0,137378.79,0.0
SLE,Sierra Leone,Africa,2023,2019-2023,0.0,139576.65,0.0
SLE,Sierra Leone,Africa,2024,2020-2024,0.0,143288.81,0.0
SLE,Sierra Leone,Africa,2025,2021-2025,0.0,153264.5,0.0
SGP,Singapore,Asia,2004,2000-2004,1709.3799999999999,96813.81,1.765636534705121
SGP,Singapore,Asia,2005,2001-2005,1465.33,97676.36,1.5001889914816646
SGP,Singapore,Asia,2006,2002-2006,1294.1000000000001,103801.38,1.2467078954056294
SGP,Singapore,Asia,2007,2003-2007,1460.3400000000001,112642.01,1.2964434849839774
SGP,Singapore,Asia,2008,2004-2008,2486.9799999999996,117597.49,2.1148240493908497
SGP,Singapore,Asia,2009,2005-2009,3516.25,120318.36,2.9224550600589967
SGP,Singapore,Asia,2010,2006-2010,3915.55,124782.23,3.1379067355984906
SGP,Singapore,Asia,2011,2007-2011,4719.650000000001,130312.29000000001,3.621799601557152
SGP,Singapore,Asia,2012,2008-2012,5070.37,131715.82,3.849476850996334
SGP,Singapore,Asia,2013,2009-2013,4717.87,134983.95,3.495134051122374
SGP,Singapore,Asia,2014,2010-2014,3380.63,138017.22,2.449426238262153
SGP,Singapore,Asia,2015,2011-2015,2595.7,140889.51,1.8423656949335687
SGP,Singapore,Asia,2016,2012-2016,2358.9399999999996,142356.04,1.657070539472719
SGP,Singapore,Asia,2017,2013-2017,2020.2500000000002,145665.65,1.3869089933007543
SGP,Singapore,Asia,2018,2014-2018,1828.98,145599.24,1.256174139370508
SGP,Singapore,Asia,2019,2015-2019,2250.61,145448.56,1.5473580487837075
SGP,Singapore,Asia,2020,2016-2020,2274.6400000000003,140135.09,1.6231766076576541
SGP,Singapore,Asia,2021,2017-2021,1859.0500000000002,135579.49,1.3711882232334702
SGP,Singapore,Asia,2022,2018-2022,1966.98,137378.79,1.4317930737343079
SGP,Singapore,Asia,2023,2019-2023,1900.31,139576.65,1.3614813079408339
SGP,Singapore,Asia,2024,2020-2024,1791.0,143288.81,1.24992314473126
SGP,Singapore,Asia,2025,2021-2025,1671.75,153264.5,1.0907613961484885
SVK,Slovakia,Europe,2004,2000-2004,30.64,96813.81,0.03164837743706192
SVK,Slovakia,Europe,2005,2001-2005,34.21,97676.36,0.035023827669253854
SVK,Slovakia,Europe,2006,2002-2006,34.21,103801.38,0.032957172631038235
SVK,Slovakia,Europe,2007,2003-2007,5.57,112642.01,0.004944869147842799
SVK,Slovakia,Europe,2008,2004-2008,5.720000000000001,117597.49,0.004864049394251528
SVK,Slovakia,Europe,2009,2005-2009,14.18,120318.36,0.011785400000465431
SVK,Slovakia,Europe,2010,2006-2010,18.61,124782.23,0.014913982543828558
SVK,Slovakia,Europe,2011,2007-2011,18.61,130312.29000000001,0.014281078169986881
SVK,Slovakia,Europe,2012,2008-2012,19.75,131715.82,0.014994402342862078
SVK,Slovakia,Europe,2013,2009-2013,24.8,134983.95,0.018372554662980302
SVK,Slovakia,Europe,2014,2010-2014,15.3,138017.22,0.011085573234991982
SVK,Slovakia,Europe,2015,2011-2015,6.7,140889.51,0.00475549954002963
SVK,Slovakia,Europe,2016,2012-2016,6.7,142356.04,0.0047065091161569254
SVK,Slovakia,Europe,2017,2013-2017,51.900000000000006,145665.65,0.03562953929083487
SVK,Slovakia,Europe,2018,2014-2018,80.2,145599.24,0.055082705102032135
SVK,Slovakia,Europe,2019,2015-2019,94.7,145448.56,0.06510892923243793
SVK,Slovakia,Europe,2020,2016-2020,119.45,140135.09,0.08523917885234883
SVK,Slovakia,Europe,2021,2017-2021,120.41,135579.49,0.0888113681501531
SVK,Slovakia,Europe,2022,2018-2022,76.35,137378.79,0.05557626472034002
SVK,Slovakia,Europe,2023,2019-2023,72.45,139576.65,0.051906962948315497
SVK,Slovakia,Europe,2024,2020-2024,238.67000000000002,143288.81,0.16656569344109984
SVK,Slovakia,Europe,2025,2021-2025,659.38,153264.5,0.4302235677537851
SVN,Slovenia,Europe,2004,2000-2004,79.21,96813.81,0.08181683997355337
SVN,Slovenia,Europe,2005,2001-2005,80.41,97676.36,0.08232288754413043
SVN,Slovenia,Europe,2006,2002-2006,42.48,103801.38,0.04092431141088875
SVN,Slovenia,Europe,2007,2003-2007,42.48,112642.01,0.03771239522448152
SVN,Slovenia,Europe,2008,2004-2008,25.299999999999997,117597.49,0.021514064628420215
SVN,Slovenia,Europe,2009,2005-2009,18.1,120318.36,0.015043423131764763
SVN,Slovenia,Europe,2010,2006-2010,54.7,124782.23,0.04383636997030747
SVN,Slovenia,Europe,2011,2007-2011,78.9,130312.29000000001,0.06054686016184659
SVN,Slovenia,Europe,2012,2008-2012,76.5,131715.82,0.058079583758427804
SVN,Slovenia,Europe,2013,2009-2013,76.5,134983.95,0.05667340450475778
SVN,Slovenia,Europe,2014,2010-2014,67.78,138017.22,0.04910981397828475
SVN,Slovenia,Europe,2015,2011-2015,28.18,140889.51,0.020001489110154473
SVN,Slovenia,Europe,2016,2012-2016,0.98,142356.04,0.0006884147662438488
SVN,Slovenia,Europe,2017,2013-2017,0.98,145665.65,0.0006727735742778067
SVN,Slovenia,Europe,2018,2014-2018,0.98,145599.24,0.0006730804364088714
SVN,Slovenia,Europe,2019,2015-2019,0.0,145448.56,0.0
SVN,Slovenia,Europe,2020,2016-2020,0.0,140135.09,0.0
SVN,Slovenia,Europe,2021,2017-2021,6.84,135579.49,0.005045010864106364
SVN,Slovenia,Europe,2022,2018-2022,6.84,137378.79,0.00497893452111494
SVN,Slovenia,Europe,2023,2019-2023,32.5,139576.65,0.023284696974744702
SVN,Slovenia,Europe,2024,2020-2024,51.5,143288.81,0.03594139695905074
SVN,Slovenia,Europe,2025,2021-2025,51.5,153264.5,0.0336020409161939
SLB,Solomon Islands,Asia,2004,2000-2004,0.0,96813.81,0.0
SLB,Solomon Islands,Asia,2005,2001-2005,0.0,97676.36,0.0
SLB,Solomon Islands,Asia,2006,2002-2006,0.0,103801.38,0.0
SLB,Solomon Islands,Asia,2007,2003-2007,0.0,112642.01,0.0
SLB,Solomon Islands,Asia,2008,2004-2008,0.0,117597.49,0.0
SLB,Solomon Islands,Asia,2009,2005-2009,0.0,120318.36,0.0
SLB,Solomon Islands,Asia,2010,2006-2010,0.0,124782.23,0.0
SLB,Solomon Islands,Asia,2011,2007-2011,0.0,130312.29000000001,0.0
SLB,Solomon Islands,Asia,2012,2008-2012,0.0,131715.82,0.0
SLB,Solomon Islands,Asia,2013,2009-2013,0.0,134983.95,0.0
SLB,Solomon Islands,Asia,2014,2010-2014,0.0,138017.22,0.0
SLB,Solomon Islands,Asia,2015,2011-2015,0.0,140889.51,0.0
SLB,Solomon Islands,Asia,2016,2012-2016,0.0,142356.04,0.0
SLB,Solomon Islands,Asia,2017,2013-2017,0.0,145665.65,0.0
SLB,Solomon Islands,Asia,2018,2014-2018,0.0,145599.24,0.0
SLB,Solomon Islands,Asia,2019,2015-2019,7.0,145448.56,0.00481269804252445
SLB,Solomon Islands,Asia,2020,2016-2020,7.0,140135.09,0.004995180008090764
SLB,Solomon Islands,Asia,2021,2017-2021,14.0,135579.49,0.010326045628287879
SLB,Solomon Islands,Asia,2022,2018-2022,14.0,137378.79,0.010190801651404848
SLB,Solomon Islands,Asia,2023,2019-2023,14.0,139576.65,0.01003033100450541
SLB,Solomon Islands,Asia,2024,2020-2024,7.0,143288.81,0.0048852384216185474
SLB,Solomon Islands,Asia,2025,2021-2025,7.0,153264.5,0.004567267697346744
SOM,Somalia,Africa,2004,2000-2004,0.0,96813.81,0.0
SOM,Somalia,Africa,2005,2001-2005,0.0,97676.36,0.0
SOM,Somalia,Africa,2006,2002-2006,0.0,103801.38,0.0
SOM,Somalia,Africa,2007,2003-2007,0.0,112642.01,0.0
SOM,Somalia,Africa,2008,2004-2008,0.0,117597.49,0.0
SOM,Somalia,Africa,2009,2005-2009,0.0,120318.36,0.0
SOM,Somalia,Africa,2010,2006-2010,0.0,124782.23,0.0
SOM,Somalia,Africa,2011,2007-2011,0.0,130312.29000000001,0.0
SOM,Somalia,Africa,2012,2008-2012,0.0,131715.82,0.0
SOM,Somalia,Africa,2013,2009-2013,2.96,134983.95,0.002192853298484746
SOM,Somalia,Africa,2014,2010-2014,2.96,138017.22,0.002144659919972305
SOM,Somalia,Africa,2015,2011-2015,4.21,140889.51,0.0029881571736604094
SOM,Somalia,Africa,2016,2012-2016,6.29,142356.04,0.00441849885681001
SOM,Somalia,Africa,2017,2013-2017,8.09,145665.65,0.005553814506028017
SOM,Somalia,Africa,2018,2014-2018,5.13,145599.24,0.003523370039568888
SOM,Somalia,Africa,2019,2015-2019,13.29,145448.56,0.009137250997878562
SOM,Somalia,Africa,2020,2016-2020,13.719999999999999,140135.09,0.009790552815857898
SOM,Somalia,Africa,2021,2017-2021,13.72,135579.49,0.010119524715722122
SOM,Somalia,Africa,2022,2018-2022,11.92,137378.79,0.008676739691767557
SOM,Somalia,Africa,2023,2019-2023,15.92,139576.65,0.011405919256551867
SOM,Somalia,Africa,2024,2020-2024,11.28,143288.81,0.007872212770836745
SOM,Somalia,Africa,2025,2021-2025,11.4,153264.5,0.007438121678536126
ZAF,South Africa,Africa,2004,2000-2004,23.6,96813.81,0.024376687582071194
ZAF,South Africa,Africa,2005,2001-2005,280.04,97676.36,0.2867019205056372
ZAF,South Africa,Africa,2006,2002-2006,1003.69,103801.38,0.9669331949151351
ZAF,South Africa,Africa,2007,2003-2007,1913.69,112642.01,1.6989132207424211
ZAF,South Africa,Africa,2008,2004-2008,2406.4900000000002,117597.49,2.046378710974188
ZAF,South Africa,Africa,2009,2005-2009,2540.09,120318.36,2.1111408100974782
ZAF,South Africa,Africa,2010,2006-2010,2455.9100000000003,124782.23,1.9681568441275654
ZAF,South Africa,Africa,2011,2007-2011,1922.6599999999999,130312.29000000001,1.4754249196296065
ZAF,South Africa,Africa,2012,2008-2012,1140.1299999999999,131715.82,0.8655983768692324
ZAF,South Africa,Africa,2013,2009-2013,648.33,134983.95,0.48030154696169436
ZAF,South Africa,Africa,2014,2010-2014,564.73,138017.22,0.40917357993444586
ZAF,South Africa,Africa,2015,2011-2015,388.27000000000004,140889.51,0.27558474722497084
ZAF,South Africa,Africa,2016,2012-2016,180.27,142356.04,0.1266331937865088
ZAF,South Africa,Africa,2017,2013-2017,52.8,145665.65,0.0362473925733349
ZAF,South Africa,Africa,2018,2014-2018,51.8,145599.24,0.03557710878161177
ZAF,South Africa,Africa,2019,2015-2019,1.8,145448.56,0.001237550925220573
ZAF,South Africa,Africa,2020,2016-2020,0.0,140135.09,0.0
ZAF,South Africa,Africa,2021,2017-2021,0.0,135579.49,0.0
ZAF,South Africa,Africa,2022,2018-2022,30.0,137378.79,0.021837432110153248
ZAF,South Africa,Africa,2023,2019-2023,60.0,139576.65,0.042987132876451756
ZAF,South Africa,Africa,2024,2020-2024,60.0,143288.81,0.041873472185301845
ZAF,South Africa,Africa,2025,2021-2025,90.0,153264.5,0.058722013251600993
KOR,South Korea,Asia,2004,2000-2004,4509.03,96813.81,4.657424390177392
KOR,South Korea,Asia,2005,2001-2005,3916.86,97676.36,4.010038867132232
KOR,South Korea,Asia,2006,2002-2006,4806.22,103801.38,4.630208191837141
KOR,South Korea,Asia,2007,2003-2007,6017.169999999999,112642.01,5.341852475821409
KOR,South Korea,Asia,2008,2004-2008,6940.32,117597.49,5.90175861746709
KOR,South Korea,Asia,2009,2005-2009,6677.759999999999,120318.36,5.5500756493024
KOR,South Korea,Asia,2010,2006-2010,7175.710000000001,124782.23,5.75058644167523
KOR,South Korea,Asia,2011,2007-2011,7085.85,130312.29000000001,5.437591496550325
KOR,South Korea,Asia,2012,2008-2012,6432.59,131715.82,4.883688231223857
KOR,South Korea,Asia,2013,2009-2013,4930.97,134983.95,3.6530046720369342
KOR,South Korea,Asia,2014,2010-2014,4874.26,138017.22,3.531631777541962
KOR,South Korea,Asia,2015,2011-2015,3842.9500000000003,140889.51,2.7276338742323682
KOR,South Korea,Asia,2016,2012-2016,3312.59,142356.04,2.3269753780731746
KOR,South Korea,Asia,2017,2013-2017,3197.46,145665.65,2.1950679518472613
KOR,South Korea,Asia,2018,2014-2018,4038.58,145599.24,2.773764478440959
KOR,South Korea,Asia,2019,2015-2019,4901.389999999999,145448.56,3.369844294092702
KOR,South Korea,Asia,2020,2016-2020,5906.709999999999,140135.09,4.215011386512828
KOR,South Korea,Asia,2021,2017-2021,5681.36,135579.49,4.1904273279092585
KOR,South Korea,Asia,2022,2018-2022,5142.139999999999,137378.79,3.7430377716967804
KOR,South Korea,Asia,2023,2019-2023,4329.58,139576.65,3.1019371793204664
KOR,South Korea,Asia,2024,2020-2024,3756.3199999999997,143288.81,2.6215026839848834
KOR,South Korea,Asia,2025,2021-2025,2705.9,153264.5,1.7655099517500792
SSD,South Sudan,,2004,2000-2004,0.0,96813.81,0.0
SSD,South Sudan,,2005,2001-2005,0.0,97676.36,0.0
SSD,South Sudan,,2006,2002-2006,0.0,103801.38,0.0
SSD,South Sudan,,2007,2003-2007,37.12,112642.01,0.03295395740896313
SSD,South Sudan,,2008,2004-2008,81.28,117597.49,0.06911712146237134
SSD,South Sudan,,2009,2005-2009,82.72,120318.36,0.06875093709721443
SSD,South Sudan,,2010,2006-2010,84.24,124782.23,0.06750961254659417
SSD,South Sudan,,2011,2007-2011,149.49,130312.29000000001,0.1147167316298409
SSD,South Sudan,,2012,2008-2012,113.87,131715.82,0.08645127062185848
SSD,South Sudan,,2013,2009-2013,82.91,134983.95,0.061422117222084543
SSD,South Sudan,,2014,2010-2014,122.07,138017.22,0.08844548528074975
SSD,South Sudan,,2015,2011-2015,139.05,140889.51,0.09869435985688359
SSD,South Sudan,,2016,2012-2016,81.39999999999999,142356.04,0.057180573441070706
SSD,South Sudan,,2017,2013-2017,79.89999999999999,145665.65,0.05485164141305791
SSD,South Sudan,,2018,2014-2018,66.7,145599.24,0.045810678682114005
SSD,South Sudan,,2019,2015-2019,26.1,145448.56,0.017944488415698307
SSD,South Sudan,,2020,2016-2020,7.6,140135.09,0.005423338294498544
SSD,South Sudan,,2021,2017-2021,8.25,135579.49,0.0060849911738125
SSD,South Sudan,,2022,2018-2022,17.8,137378.79,0.012956876385357596
SSD,South Sudan,,2023,2019-2023,17.8,139576.65,0.012752849420014022
SSD,South Sudan,,2024,2020-2024,17.8,143288.81,0.01242246341497288
SSD,South Sudan,,2025,2021-2025,17.8,153264.5,0.011613909287538863
ESP,Spain,Europe,2004,2000-2004,1247.8400000000001,96813.81,1.288907026797107
ESP,Spain,Europe,2005,2001-2005,1290.5700000000002,97676.36,1.3212715952969583
ESP,Spain,Europe,2006,2002-2006,1462.99,103801.38,1.4094128613704364
ESP,Spain,Europe,2007,2003-2007,1539.75,112642.01,1.3669411616500806
ESP,Spain,Europe,2008,2004-2008,1647.96,117597.49,1.4013564405158647
ESP,Spain,Europe,2009,2005-2009,1587.9099999999999,120318.36,1.319757017964673
ESP,Spain,Europe,2010,2006-2010,1501.6599999999999,124782.23,1.2034245581281884
ESP,Spain,Europe,2011,2007-2011,1355.1399999999999,130312.29000000001,1.039917263367868
ESP,Spain,Europe,2012,2008-2012,1231.1200000000001,131715.82,0.9346789170807274
ESP,Spain,Europe,2013,2009-2013,1038.6399999999999,134983.95,0.7694544425466878
ESP,Spain,Europe,2014,2010-2014,919.57,138017.22,0.6662719333138285
ESP,Spain,Europe,2015,2011-2015,800.42,140889.51,0.5681189465418681
ESP,Spain,Europe,2016,2012-2016,738.96,142356.04,0.5190928323097496
ESP,Spain,Europe,2017,2013-2017,602.23,145665.65,0.41343309146665674
ESP,Spain,Europe,2018,2014-2018,596.42,145599.24,0.40963125906426434
ESP,Spain,Europe,2019,2015-2019,522.4699999999999,145448.56,0.359212906611107
ESP,Spain,Europe,2020,2016-2020,439.66999999999996,140135.09,0.31374725630818084
ESP,Spain,Europe,2021,2017-2021,468.99999999999994,135579.49,0.3459225285476439
ESP,Spain,Europe,2022,2018-2022,584.34,137378.79,0.42534950264156496
ESP,Spain,Europe,2023,2019-2023,594.3299999999999,139576.65,0.4258090447076928
ESP,Spain,Europe,2024,2020-2024,718.42,143288.81,0.5013789981227424
ESP,Spain,Europe,2025,2021-2025,885.6899999999999,153264.5,0.5778833324090054
LKA,Sri Lanka,Asia,2004,2000-2004,562.13,96813.81,0.580629974174139
LKA,Sri Lanka,Asia,2005,2001-2005,331.65,97676.36,0.3395396798160783
LKA,Sri Lanka,Asia,2006,2002-2006,273.5,103801.38,0.2634839729491072
LKA,Sri Lanka,Asia,2007,2003-2007,321.6,112642.01,0.2855062689311031
LKA,Sri Lanka,Asia,2008,2004-2008,366.98999999999995,117597.49,0.31207298727209226
LKA,Sri Lanka,Asia,2009,2005-2009,350.49,120318.36,0.29130217532885255
LKA,Sri Lanka,Asia,2010,2006-2010,292.28,124782.23,0.2342320697426228
LKA,Sri Lanka,Asia,2011,2007-2011,216.48000000000002,130312.29000000001,0.166124008717827
LKA,Sri Lanka,Asia,2012,2008-2012,125.83,131715.82,0.09553142515454863
LKA,Sri Lanka,Asia,2013,2009-2013,68.25,134983.95,0.05056156676404861
LKA,Sri Lanka,Asia,2014,2010-2014,52.45,138017.22,0.03800250432518493
LKA,Sri Lanka,Asia,2015,2011-2015,47.45,140889.51,0.03367887360812029
LKA,Sri Lanka,Asia,2016,2012-2016,26.95,142356.04,0.01893140607170584
LKA,Sri Lanka,Asia,2017,2013-2017,71.95,145665.65,0.049393937417641025
LKA,Sri Lanka,Asia,2018,2014-2018,150.34,145599.24,0.10325603347929564
LKA,Sri Lanka,Asia,2019,2015-2019,204.54,145448.56,0.14062703680256444
LKA,Sri Lanka,Asia,2020,2016-2020,204.54,140135.09,0.14595915983641214
LKA,Sri Lanka,Asia,2021,2017-2021,258.53999999999996,135579.49,0.1906925597669677
LKA,Sri Lanka,Asia,2022,2018-2022,216.62,137378.79,0.1576808181233799
LKA,Sri Lanka,Asia,2023,2019-2023,121.48,139576.65,0.08703461503052266
LKA,Sri Lanka,Asia,2024,2020-2024,70.72,143288.81,0.0493548658824091
LKA,Sri Lanka,Asia,2025,2021-2025,81.72,153264.5,0.0533195880324537
SDN,Sudan,Africa,2004,2000-2004,654.11,96813.81,0.6756370811147707
SDN,Sudan,Africa,2005,2001-2005,766.9200000000001,97676.36,0.7851643939229513
SDN,Sudan,Africa,2006,2002-2006,773.5899999999999,103801.38,0.7452598414394874
SDN,Sudan,Africa,2007,2003-2007,782.3799999999999,112642.01,0.6945721227808346
SDN,Sudan,Africa,2008,2004-2008,697.5199999999999,117597.49,0.5931419114472595
SDN,Sudan,Africa,2009,2005-2009,503.21,120318.36,0.418232096913555
SDN,Sudan,Africa,2010,2006-2010,586.2,124782.23,0.46977842918819457
SDN,Sudan,Africa,2011,2007-2011,665.12,130312.29000000001,0.5104046594530722
SDN,Sudan,Africa,2012,2008-2012,726.31,131715.82,0.5514219931971724
SDN,Sudan,Africa,2013,2009-2013,761.81,134983.95,0.5643708011211702
SDN,Sudan,Africa,2014,2010-2014,731.57,138017.22,0.5300570465047768
SDN,Sudan,Africa,2015,2011-2015,671.75,140889.51,0.4767920620917767
SDN,Sudan,Africa,2016,2012-2016,590.9399999999999,142356.04,0.41511410404504084
SDN,Sudan,Africa,2017,2013-2017,537.83,145665.65,0.36922225658554375
SDN,Sudan,Africa,2018,2014-2018,417.88,145599.24,0.2870069926189175
SDN,Sudan,Africa,2019,2015-2019,368.5799999999999,145448.56,0.2534091777876659
SDN,Sudan,Africa,2020,2016-2020,232.6,140135.09,0.16598269569741597
SDN,Sudan,Africa,2021,2017-2021,122.24000000000001,135579.49,0.09016112982870789
SDN,Sudan,Africa,2022,2018-2022,58.45,137378.79,0.04254659689461525
SDN,Sudan,Africa,2023,2019-2023,28.72,139576.65,0.020576507603528242
SDN,Sudan,Africa,2024,2020-2024,58.52,143288.81,0.04084059320473106
SDN,Sudan,Africa,2025,2021-2025,115.02000000000001,153264.5,0.07504673293554608
SUR,Suriname,Americas,2004,2000-2004,2.0,96813.81,0.002065820981531457
SUR,Suriname,Americas,2005,2001-2005,0.0,97676.36,0.0
SUR,Suriname,Americas,2006,2002-2006,0.0,103801.38,0.0
SUR,Suriname,Americas,2007,2003-2007,0.0,112642.01,0.0
SUR,Suriname,Americas,2008,2004-2008,0.0,117597.49,0.0
SUR,Suriname,Americas,2009,2005-2009,0.0,120318.36,0.0
SUR,Suriname,Americas,2010,2006-2010,0.0,124782.23,0.0
SUR,Suriname,Americas,2011,2007-2011,0.0,130312.29000000001,0.0
SUR,Suriname,Americas,2012,2008-2012,0.16,131715.82,0.00012147363923331305
SUR,Suriname,Americas,2013,2009-2013,6.66,134983.95,0.004933919921590677
SUR,Suriname,Americas,2014,2010-2014,6.66,138017.22,0.004825484819937686
SUR,Suriname,Americas,2015,2011-2015,9.51,140889.51,0.006749970242639072
SUR,Suriname,Americas,2016,2012-2016,9.51,142356.04,0.006680433088754084
SUR,Suriname,Americas,2017,2013-2017,9.35,145665.65,0.006418809101528054
SUR,Suriname,Americas,2018,2014-2018,2.85,145599.24,0.0019574277997604934
SUR,Suriname,Americas,2019,2015-2019,2.85,145448.56,0.0019594556315992405
SUR,Suriname,Americas,2020,2016-2020,0.0,140135.09,0.0
SUR,Suriname,Americas,2021,2017-2021,0.0,135579.49,0.0
SUR,Suriname,Americas,2022,2018-2022,0.0,137378.79,0.0
SUR,Suriname,Americas,2023,2019-2023,0.0,139576.65,0.0
SUR,Suriname,Americas,2024,2020-2024,12.0,143288.81,0.008374694437060369
SUR,Suriname,Americas,2025,2021-2025,12.0,153264.5,0.00782960176688013
SWE,Sweden,Europe,2004,2000-2004,548.4499999999999,96813.81,0.5664997586604638
SWE,Sweden,Europe,2005,2001-2005,430.22999999999996,97676.36,0.44046481666597725
SWE,Sweden,Europe,2006,2002-2006,385.52,103801.38,0.37140161335041977
SWE,Sweden,Europe,2007,2003-2007,362.4,112642.01,0.32172721349698924
SWE,Sweden,Europe,2008,2004-2008,348.5,117597.49,0.29634986256934565
SWE,Sweden,Europe,2009,2005-2009,316.1,120318.36,0.2627196713784995
SWE,Sweden,Europe,2010,2006-2010,237.89999999999998,124782.23,0.19065214654362242
SWE,Sweden,Europe,2011,2007-2011,302.5,130312.29000000001,0.23213466665346758
SWE,Sweden,Europe,2012,2008-2012,453.25,131715.82,0.3441120436406196
SWE,Sweden,Europe,2013,2009-2013,459.05,134983.95,0.34007746846939946
SWE,Sweden,Europe,2014,2010-2014,492.75,138017.22,0.3570206674210653
SWE,Sweden,Europe,2015,2011-2015,516.25,140889.51,0.3664218862000443
SWE,Sweden,Europe,2016,2012-2016,400.51,142356.04,0.281343875539106
SWE,Sweden,Europe,2017,2013-2017,230.26,145665.65,0.1580743298093957
SWE,Sweden,Europe,2018,2014-2018,179.76,145599.24,0.12346218290699869
SWE,Sweden,Europe,2019,2015-2019,138.56,145448.56,0.09526392011031254
SWE,Sweden,Europe,2020,2016-2020,118.06,140135.09,0.08424727882217081
SWE,Sweden,Europe,2021,2017-2021,158.5,135579.49,0.11690558800597348
SWE,Sweden,Europe,2022,2018-2022,444.5,137378.79,0.32355795243210395
SWE,Sweden,Europe,2023,2019-2023,535.1,139576.65,0.3833735800364889
SWE,Sweden,Europe,2024,2020-2024,584.3000000000001,143288.81,0.4077778299645311
SWE,Sweden,Europe,2025,2021-2025,727.3000000000001,153264.5,0.4745391137543267
CHE,Switzerland,Europe,2004,2000-2004,452.6,96813.81,0.4674952881205688
CHE,Switzerland,Europe,2005,2001-2005,605.75,97676.36,0.620160292623517
CHE,Switzerland,Europe,2006,2002-2006,628.75,103801.38,0.6057241242842821
CHE,Switzerland,Europe,2007,2003-2007,679.1700000000001,112642.01,0.6029455617846309
CHE,Switzerland,Europe,2008,2004-2008,576.96,117597.49,0.4906227165222659
CHE,Switzerland,Europe,2009,2005-2009,410.21000000000004,120318.36,0.3409371603801781
CHE,Switzerland,Europe,2010,2006-2010,279.71999999999997,124782.23,0.2241665339688191
CHE,Switzerland,Europe,2011,2007-2011,220.41999999999996,130312.29000000001,0.1691475147892804
CHE,Switzerland,Europe,2012,2008-2012,113.80000000000001,131715.82,0.08639812590469392
CHE,Switzerland,Europe,2013,2009-2013,99.01,134983.95,0.07334946117668063
CHE,Switzerland,Europe,2014,2010-2014,67.71000000000001,138017.22,0.049059095669366476
CHE,Switzerland,Europe,2015,2011-2015,39.65,140889.51,0.0281426204122649
CHE,Switzerland,Europe,2016,2012-2016,85.45,142356.04,0.0600255528321805
CHE,Switzerland,Europe,2017,2013-2017,83.75,145665.65,0.057494680454863584
CHE,Switzerland,Europe,2018,2014-2018,83.75,145599.24,0.05752090464208467
CHE,Switzerland,Europe,2019,2015-2019,79.0,145448.56,0.05431473505134736
CHE,Switzerland,Europe,2020,2016-2020,69.5,140135.09,0.049595001508901164
CHE,Switzerland,Europe,2021,2017-2021,0.0,135579.49,0.0
CHE,Switzerland,Europe,2022,2018-2022,15.0,137378.79,0.010918716055076624
CHE,Switzerland,Europe,2023,2019-2023,48.0,139576.65,0.03438970630116141
CHE,Switzerland,Europe,2024,2020-2024,48.0,143288.81,0.033498777748241476
CHE,Switzerland,Europe,2025,2021-2025,48.0,153264.5,0.03131840706752052
SYR,Syria,Middle East,2004,2000-2004,196.0,96813.81,0.20245045619008278
SYR,Syria,Middle East,2005,2001-2005,177.0,97676.36,0.18121068393621548
SYR,Syria,Middle East,2006,2002-2006,249.0,103801.38,0.23988120389150897
SYR,Syria,Middle East,2007,2003-2007,224.0,112642.01,0.19886008781270859
SYR,Syria,Middle East,2008,2004-2008,486.1,117597.49,0.4133591626828089
SYR,Syria,Middle East,2009,2005-2009,718.8,120318.36,0.5974150578515198
SYR,Syria,Middle East,2010,2006-2010,1109.1999999999998,124782.23,0.8889086210432365
SYR,Syria,Middle East,2011,2007-2011,1499.5,130312.29000000001,1.1506972980061971
SYR,Syria,Middle East,2012,2008-2012,2016.0,131715.82,1.5305678543397443
SYR,Syria,Middle East,2013,2009-2013,2187.8999999999996,134983.95,1.6208593688360722
SYR,Syria,Middle East,2014,2010-2014,1941.7,138017.22,1.4068534346656165
SYR,Syria,Middle East,2015,2011-2015,1537.3,140889.51,1.0911387228190372
SYR,Syria,Middle East,2016,2012-2016,1070.24,142356.04,0.751805121862058
SYR,Syria,Middle East,2017,2013-2017,591.1800000000001,145665.65,0.4058472261648509
SYR,Syria,Middle East,2018,2014-2018,292.24,145599.24,0.20071533340421283
SYR,Syria,Middle East,2019,2015-2019,389.74,145448.56,0.26795727644192563
SYR,Syria,Middle East,2020,2016-2020,453.49,140135.09,0.3236091688384401
SYR,Syria,Middle East,2021,2017-2021,442.6,135579.49,0.32645055679144397
SYR,Syria,Middle East,2022,2018-2022,390.16,137378.79,0.28400308373657973
SYR,Syria,Middle East,2023,2019-2023,191.1,139576.65,0.13691401821149884
SYR,Syria,Middle East,2024,2020-2024,87.1,143288.81,0.0607863237889965
SYR,Syria,Middle East,2025,2021-2025,9.59,153264.5,0.006257156745365039
TWN,Taiwan,Asia,2004,2000-2004,1652.8999999999999,96813.81,1.7072977501866724
TWN,Taiwan,Asia,2005,2001-2005,1755.1399999999999,97676.36,1.796893332224911
TWN,Taiwan,Asia,2006,2002-2006,1916.54,103801.38,1.8463531024346689
TWN,Taiwan,Asia,2007,2003-2007,1638.02,112642.01,1.4541821474954149
TWN,Taiwan,Asia,2008,2004-2008,1537.75,117597.49,1.307638453847952
TWN,Taiwan,Asia,2009,2005-2009,1257.91,120318.36,1.0454846625236582
TWN,Taiwan,Asia,2010,2006-2010,634.55,124782.23,0.5085259335403767
TWN,Taiwan,Asia,2011,2007-2011,303.89,130312.29000000001,0.2332013350390819
TWN,Taiwan,Asia,2012,2008-2012,702.64,131715.82,0.5334514866930942
TWN,Taiwan,Asia,2013,2009-2013,1305.42,134983.95,0.9670927543607962
TWN,Taiwan,Asia,2014,2010-2014,2350.79,138017.22,1.7032584774566535
TWN,Taiwan,Asia,2015,2011-2015,2814.23,140889.51,1.9974730553041171
TWN,Taiwan,Asia,2016,2012-2016,2734.09,142356.04,1.920599926775148
TWN,Taiwan,Asia,2017,2013-2017,2809.4399999999996,145665.65,1.928690806652083
TWN,Taiwan,Asia,2018,2014-2018,2287.77,145599.24,1.5712788061256362
TWN,Taiwan,Asia,2019,2015-2019,1261.6500000000003,145448.56,0.8674200693358534
TWN,Taiwan,Asia,2020,2016-2020,838.0100000000001,140135.09,0.598001542654306
TWN,Taiwan,Asia,2021,2017-2021,903.56,135579.49,0.6664429848496997
TWN,Taiwan,Asia,2022,2018-2022,578.96,137378.79,0.42143332314981086
TWN,Taiwan,Asia,2023,2019-2023,691.04,139576.65,0.49509713838238706
TWN,Taiwan,Asia,2024,2020-2024,1002.8299999999999,143288.81,0.699866235193104
TWN,Taiwan,Asia,2025,2021-2025,1290.33,153264.5,0.8418975039882034
TJK,Tajikistan,Asia,2004,2000-2004,0.0,96813.81,0.0
TJK,Tajikistan,Asia,2005,2001-2005,0.0,97676.36,0.0
TJK,Tajikistan,Asia,2006,2002-2006,12.6,103801.38,0.012138566943907681
TJK,Tajikistan,Asia,2007,2003-2007,19.8,112642.01,0.017577811333444777
TJK,Tajikistan,Asia,2008,2004-2008,19.8,117597.49,0.016837094057024517
TJK,Tajikistan,Asia,2009,2005-2009,53.760000000000005,120318.36,0.04468146008639081
TJK,Tajikistan,Asia,2010,2006-2010,53.760000000000005,124782.23,0.04308305757959287
TJK,Tajikistan,Asia,2011,2007-2011,41.160000000000004,130312.29000000001,0.0315856624114272
TJK,Tajikistan,Asia,2012,2008-2012,33.96,131715.82,0.025782779927270696
TJK,Tajikistan,Asia,2013,2009-2013,37.56,134983.95,0.02782553036861049
TJK,Tajikistan,Asia,2014,2010-2014,3.6,138017.22,0.0026083701729392897
TJK,Tajikistan,Asia,2015,2011-2015,3.6,140889.51,0.0025551937827024878
TJK,Tajikistan,Asia,2016,2012-2016,10.62,142356.04,0.007460168181132321
TJK,Tajikistan,Asia,2017,2013-2017,29.83,145665.65,0.02047840379663977
TJK,Tajikistan,Asia,2018,2014-2018,29.98,145599.24,0.0205907668199367
TJK,Tajikistan,Asia,2019,2015-2019,34.82,145448.56,0.023939735120100194
TJK,Tajikistan,Asia,2020,2016-2020,34.82,140135.09,0.02484745255453149
TJK,Tajikistan,Asia,2021,2017-2021,27.8,135579.49,0.020504576319028786
TJK,Tajikistan,Asia,2022,2018-2022,11.31,137378.79,0.008232711905527774
TJK,Tajikistan,Asia,2023,2019-2023,7.760000000000001,139576.65,0.005559669185354428
TJK,Tajikistan,Asia,2024,2020-2024,3.1200000000000006,143288.81,0.002177420553635696
TJK,Tajikistan,Asia,2025,2021-2025,78.32000000000001,153264.5,0.051101200865171004
TZA,Tanzania,Africa,2004,2000-2004,54.16,96813.81,0.055942432179871854
TZA,Tanzania,Africa,2005,2001-2005,61.76,97676.36,0.06322921943446705
TZA,Tanzania,Africa,2006,2002-2006,73.67999999999999,103801.38,0.07098171527199348
TZA,Tanzania,Africa,2007,2003-2007,73.62,112642.01,0.06535749850344467
TZA,Tanzania,Africa,2008,2004-2008,22.62,117597.49,0.019235104422721947
TZA,Tanzania,Africa,2009,2005-2009,51.620000000000005,120318.36,0.04290284541777332
TZA,Tanzania,Africa,2010,2006-2010,41.62,124782.23,0.03335410819312974
TZA,Tanzania,Africa,2011,2007-2011,107.35000000000001,130312.29000000001,0.08237902963718924
TZA,Tanzania,Africa,2012,2008-2012,222.10000000000002,131715.82,0.16862059546074268
TZA,Tanzania,Africa,2013,2009-2013,352.0,134983.95,0.2607717436035914
TZA,Tanzania,Africa,2014,2010-2014,336.5,138017.22,0.24381015644279752
TZA,Tanzania,Africa,2015,2011-2015,356.5,140889.51,0.2530351620926214
TZA,Tanzania,Africa,2016,2012-2016,298.85,142356.04,0.20993138050201454
TZA,Tanzania,Africa,2017,2013-2017,184.96,145665.65,0.12697571459022772
TZA,Tanzania,Africa,2018,2014-2018,72.36,145599.24,0.04969806161076116
TZA,Tanzania,Africa,2019,2015-2019,58.86,145448.56,0.04046791525471273
TZA,Tanzania,Africa,2020,2016-2020,47.41,140135.09,0.033831640597654734
TZA,Tanzania,Africa,2021,2017-2021,80.26,135579.49,0.05919774443759894
TZA,Tanzania,Africa,2022,2018-2022,78.7,137378.79,0.05728686356896869
TZA,Tanzania,Africa,2023,2019-2023,61.400000000000006,139576.65,0.0439901659769023
TZA,Tanzania,Africa,2024,2020-2024,61.400000000000006,143288.81,0.042850519869625556
TZA,Tanzania,Africa,2025,2021-2025,56.85,153264.5,0.037092738370594625
THA,Thailand,Asia,2004,2000-2004,607.2800000000001,96813.81,0.6272658828322117
THA,Thailand,Asia,2005,2001-2005,645.6800000000001,97676.36,0.6610401943725176
THA,Thailand,Asia,2006,2002-2006,636.1800000000001,103801.38,0.6128820252678722
THA,Thailand,Asia,2007,2003-2007,491.46999999999997,112642.01,0.4363114614165709
THA,Thailand,Asia,2008,2004-2008,376.06,117597.49,0.3197857369234666
THA,Thailand,Asia,2009,2005-2009,300.48,120318.36,0.24973744655429148
THA,Thailand,Asia,2010,2006-2010,245.73,124782.23,0.19692707847904306
THA,Thailand,Asia,2011,2007-2011,398.13,130312.29000000001,0.30551991680907453
THA,Thailand,Asia,2012,2008-2012,668.13,131715.82,0.507251141130959
THA,Thailand,Asia,2013,2009-2013,1035.31,134983.95,0.7669874825858924
THA,Thailand,Asia,2014,2010-2014,1079.5,138017.22,0.7821487782466564
THA,Thailand,Asia,2015,2011-2015,1202.65,140889.51,0.8536121674353186
THA,Thailand,Asia,2016,2012-2016,1296.84,142356.04,0.9109834749547682
THA,Thailand,Asia,2017,2013-2017,1336.54,145665.65,0.9175395846584284
THA,Thailand,Asia,2018,2014-2018,1589.0,145599.24,1.0913518504629558
THA,Thailand,Asia,2019,2015-2019,1775.3899999999999,145448.56,1.2206308539596402
THA,Thailand,Asia,2020,2016-2020,1732.81,140135.09,1.2365282671171083
THA,Thailand,Asia,2021,2017-2021,1538.07,135579.49,1.1344414999643382
THA,Thailand,Asia,2022,2018-2022,1491.77,137378.79,1.0858808699654436
THA,Thailand,Asia,2023,2019-2023,1146.3999999999999,139576.65,0.8213408188260715
THA,Thailand,Asia,2024,2020-2024,925.8199999999999,143288.81,0.6461216336432691
THA,Thailand,Asia,2025,2021-2025,817.42,153264.5,0.5333394230235964
TLS,Timor-Leste,Asia,2004,2000-2004,0.0,96813.81,0.0
TLS,Timor-Leste,Asia,2005,2001-2005,0.0,97676.36,0.0
TLS,Timor-Leste,Asia,2006,2002-2006,0.0,103801.38,0.0
TLS,Timor-Leste,Asia,2007,2003-2007,0.0,112642.01,0.0
TLS,Timor-Leste,Asia,2008,2004-2008,0.0,117597.49,0.0
TLS,Timor-Leste,Asia,2009,2005-2009,0.0,120318.36,0.0
TLS,Timor-Leste,Asia,2010,2006-2010,18.0,124782.23,0.014425130886024396
TLS,Timor-Leste,Asia,2011,2007-2011,32.4,130312.29000000001,0.024863349420073882
TLS,Timor-Leste,Asia,2012,2008-2012,32.4,131715.82,0.02459841194474589
TLS,Timor-Leste,Asia,2013,2009-2013,32.4,134983.95,0.024002853672603297
TLS,Timor-Leste,Asia,2014,2010-2014,32.4,138017.22,0.023475331556453607
TLS,Timor-Leste,Asia,2015,2011-2015,14.4,140889.51,0.010220775130809951
TLS,Timor-Leste,Asia,2016,2012-2016,0.0,142356.04,0.0
TLS,Timor-Leste,Asia,2017,2013-2017,0.0,145665.65,0.0
TLS,Timor-Leste,Asia,2018,2014-2018,0.0,145599.24,0.0
TLS,Timor-Leste,Asia,2019,2015-2019,0.0,145448.56,0.0
TLS,Timor-Leste,Asia,2020,2016-2020,0.0,140135.09,0.0
TLS,Timor-Leste,Asia,2021,2017-2021,0.0,135579.49,0.0
TLS,Timor-Leste,Asia,2022,2018-2022,0.0,137378.79,0.0
TLS,Timor-Leste,Asia,2023,2019-2023,0.0,139576.65,0.0
TLS,Timor-Leste,Asia,2024,2020-2024,0.0,143288.81,0.0
TLS,Timor-Leste,Asia,2025,2021-2025,0.0,153264.5,0.0
TGO,Togo,Africa,2004,2000-2004,0.0,96813.81,0.0
TGO,Togo,Africa,2005,2001-2005,0.0,97676.36,0.0
TGO,Togo,Africa,2006,2002-2006,0.0,103801.38,0.0
TGO,Togo,Africa,2007,2003-2007,0.0,112642.01,0.0
TGO,Togo,Africa,2008,2004-2008,0.0,117597.49,0.0
TGO,Togo,Africa,2009,2005-2009,0.0,120318.36,0.0
TGO,Togo,Africa,2010,2006-2010,0.72,124782.23,0.0005770052354409759
TGO,Togo,Africa,2011,2007-2011,0.72,130312.29000000001,0.0005525188760016419
TGO,Togo,Africa,2012,2008-2012,0.72,131715.82,0.0005466313765499087
TGO,Togo,Africa,2013,2009-2013,0.72,134983.95,0.0005333967482800732
TGO,Togo,Africa,2014,2010-2014,15.520000000000001,138017.22,0.011244973634449384
TGO,Togo,Africa,2015,2011-2015,14.8,140889.51,0.010504685551110228
TGO,Togo,Africa,2016,2012-2016,14.8,142356.04,0.010396467898376493
TGO,Togo,Africa,2017,2013-2017,14.8,145665.65,0.010160253978889328
TGO,Togo,Africa,2018,2014-2018,14.8,145599.24,0.01016488822331765
TGO,Togo,Africa,2019,2015-2019,6.48,145448.56,0.004455183330794062
TGO,Togo,Africa,2020,2016-2020,11.64,140135.09,0.008306270756310928
TGO,Togo,Africa,2021,2017-2021,21.64,135579.49,0.015961116242582122
TGO,Togo,Africa,2022,2018-2022,80.54,137378.79,0.058626226071724755
TGO,Togo,Africa,2023,2019-2023,82.64,139576.65,0.059207611015166216
TGO,Togo,Africa,2024,2020-2024,76.82,143288.81,0.053612002221248116
TGO,Togo,Africa,2025,2021-2025,76.25999999999999,153264.5,0.04975711922852324
TON,Tonga,Asia,2004,2000-2004,0.0,96813.81,0.0
TON,Tonga,Asia,2005,2001-2005,0.0,97676.36,0.0
TON,Tonga,Asia,2006,2002-2006,0.0,103801.38,0.0
TON,Tonga,Asia,2007,2003-2007,0.0,112642.01,0.0
TON,Tonga,Asia,2008,2004-2008,0.0,117597.49,0.0
TON,Tonga,Asia,2009,2005-2009,0.0,120318.36,0.0
TON,Tonga,Asia,2010,2006-2010,0.0,124782.23,0.0
TON,Tonga,Asia,2011,2007-2011,0.0,130312.29000000001,0.0
TON,Tonga,Asia,2012,2008-2012,0.0,131715.82,0.0
TON,Tonga,Asia,2013,2009-2013,0.0,134983.95,0.0
TON,Tonga,Asia,2014,2010-2014,0.0,138017.22,0.0
TON,Tonga,Asia,2015,2011-2015,0.0,140889.51,0.0
TON,Tonga,Asia,2016,2012-2016,0.0,142356.04,0.0
TON,Tonga,Asia,2017,2013-2017,0.0,145665.65,0.0
TON,Tonga,Asia,2018,2014-2018,0.0,145599.24,0.0
TON,Tonga,Asia,2019,2015-2019,7.0,145448.56,0.00481269804252445
TON,Tonga,Asia,2020,2016-2020,14.0,140135.09,0.009990360016181529
TON,Tonga,Asia,2021,2017-2021,14.0,135579.49,0.010326045628287879
TON,Tonga,Asia,2022,2018-2022,14.0,137378.79,0.010190801651404848
TON,Tonga,Asia,2023,2019-2023,14.0,139576.65,0.01003033100450541
TON,Tonga,Asia,2024,2020-2024,7.0,143288.81,0.0048852384216185474
TON,Tonga,Asia,2025,2021-2025,0.0,153264.5,0.0
TTO,Trinidad and Tobago,Americas,2004,2000-2004,12.74,96813.81,0.013159279652355383
TTO,Trinidad and Tobago,Americas,2005,2001-2005,2.0,97676.36,0.0020475783495617567
TTO,Trinidad and Tobago,Americas,2006,2002-2006,1.5,103801.38,0.001445067493322343
TTO,Trinidad and Tobago,Americas,2007,2003-2007,5.92,112642.01,0.005255588035050156
TTO,Trinidad and Tobago,Americas,2008,2004-2008,5.92,117597.49,0.005034121051393189
TTO,Trinidad and Tobago,Americas,2009,2005-2009,5.92,120318.36,0.0049202798309418445
TTO,Trinidad and Tobago,Americas,2010,2006-2010,29.92,124782.23,0.02397777311721389
TTO,Trinidad and Tobago,Americas,2011,2007-2011,41.92,130312.29000000001,0.03216887678054004
TTO,Trinidad and Tobago,Americas,2012,2008-2012,48.0,131715.82,0.03644209176999392
TTO,Trinidad and Tobago,Americas,2013,2009-2013,48.0,134983.95,0.03555978321867155
TTO,Trinidad and Tobago,Americas,2014,2010-2014,48.0,138017.22,0.03477826897252386
TTO,Trinidad and Tobago,Americas,2015,2011-2015,70.0,140889.51,0.04968432355254837
TTO,Trinidad and Tobago,Americas,2016,2012-2016,88.0,142356.04,0.061816836152508874
TTO,Trinidad and Tobago,Americas,2017,2013-2017,76.0,145665.65,0.05217427718889114
TTO,Trinidad and Tobago,Americas,2018,2014-2018,76.0,145599.24,0.05219807466027983
TTO,Trinidad and Tobago,Americas,2019,2015-2019,76.0,145448.56,0.05225215017597974
TTO,Trinidad and Tobago,Americas,2020,2016-2020,30.0,140135.09,0.02140791432038899
TTO,Trinidad and Tobago,Americas,2021,2017-2021,32.0,135579.49,0.023602390007515153
TTO,Trinidad and Tobago,Americas,2022,2018-2022,32.0,137378.79,0.023293260917496797
TTO,Trinidad and Tobago,Americas,2023,2019-2023,32.0,139576.65,0.022926470867440936
TTO,Trinidad and Tobago,Americas,2024,2020-2024,32.0,143288.81,0.02233251849882765
TTO,Trinidad and Tobago,Americas,2025,2021-2025,32.0,153264.5,0.020878938045013687
TUN,Tunisia,Africa,2004,2000-2004,44.2,96813.81,0.04565464369184521
TUN,Tunisia,Africa,2005,2001-2005,212.2,97676.36,0.2172480628885024
TUN,Tunisia,Africa,2006,2002-2006,214.0,103801.38,0.20616296238065426
TUN,Tunisia,Africa,2007,2003-2007,170.4,112642.01,0.15127570965752477
TUN,Tunisia,Africa,2008,2004-2008,173.26000000000002,117597.49,0.1473330765818216
TUN,Tunisia,Africa,2009,2005-2009,173.26000000000002,120318.36,0.1440012978900311
TUN,Tunisia,Africa,2010,2006-2010,12.18,124782.23,0.009761005232876508
TUN,Tunisia,Africa,2011,2007-2011,17.299999999999997,130312.29000000001,0.013275800770595005
TUN,Tunisia,Africa,2012,2008-2012,17.299999999999997,131715.82,0.013134337242101972
TUN,Tunisia,Africa,2013,2009-2013,53.84,134983.95,0.03988622351027659
TUN,Tunisia,Africa,2014,2010-2014,103.99000000000001,138017.22,0.07534567063443243
TUN,Tunisia,Africa,2015,2011-2015,104.27999999999999,140889.51,0.07401544657228205
TUN,Tunisia,Africa,2016,2012-2016,140.13,142356.04,0.0984362869323985
TUN,Tunisia,Africa,2017,2013-2017,238.13,145665.65,0.16347711351303482
TUN,Tunisia,Africa,2018,2014-2018,378.78999999999996,145599.24,0.2601593250074657
TUN,Tunisia,Africa,2019,2015-2019,343.14,145448.56,0.23591845804454853
TUN,Tunisia,Africa,2020,2016-2020,351.63,140135.09,0.25092216374927934
TUN,Tunisia,Africa,2021,2017-2021,327.90999999999997,135579.49,0.24185811585513411
TUN,Tunisia,Africa,2022,2018-2022,265.01,137378.79,0.19290459611705704
TUN,Tunisia,Africa,2023,2019-2023,119.44999999999999,139576.65,0.08558021703486937
TUN,Tunisia,Africa,2024,2020-2024,183.35,143288.81,0.12795835208625153
TUN,Tunisia,Africa,2025,2021-2025,175.01000000000002,153264.5,0.11418821710180768
TUR,Turkiye,Middle East,2004,2000-2004,3139.19,96813.81,3.2425022835068678
TUR,Turkiye,Middle East,2005,2001-2005,3034.02,97676.36,3.1061968320686804
TUR,Turkiye,Middle East,2006,2002-2006,3056.8199999999997,103801.38,2.9448741432917362
TUR,Turkiye,Middle East,2007,2003-2007,2854.42,112642.01,2.5340634457783557
TUR,Turkiye,Middle East,2008,2004-2008,3151.0200000000004,117597.49,2.679495965432596
TUR,Turkiye,Middle East,2009,2005-2009,3612.1500000000005,120318.36,3.002160268806856
TUR,Turkiye,Middle East,2010,2006-2010,3005.4500000000003,124782.23,2.4085560900778904
TUR,Turkiye,Middle East,2011,2007-2011,3275.5,130312.29000000001,2.5135771921435803
TUR,Turkiye,Middle East,2012,2008-2012,4082.3199999999997,131715.82,3.0993391682183655
TUR,Turkiye,Middle East,2013,2009-2013,4227.87,134983.95,3.1321279307651015
TUR,Turkiye,Middle East,2014,2010-2014,5043.5,138017.22,3.654254157560919
TUR,Turkiye,Middle East,2015,2011-2015,5020.780000000001,140889.51,3.5636294000880553
TUR,Turkiye,Middle East,2016,2012-2016,4550.51,142356.04,3.1965696713676497
TUR,Turkiye,Middle East,2017,2013-2017,3495.06,145665.65,2.399371437260603
TUR,Turkiye,Middle East,2018,2014-2018,3202.44,145599.24,2.1994895028298225
TUR,Turkiye,Middle East,2019,2015-2019,2414.98,145448.56,1.6603670741050995
TUR,Turkiye,Middle East,2020,2016-2020,2078.62,140135.09,1.483297295488232
TUR,Turkiye,Middle East,2021,2017-2021,2003.5,135579.49,1.477730886876769
TUR,Turkiye,Middle East,2022,2018-2022,1764.0500000000002,137378.79,1.2840774037971947
TUR,Turkiye,Middle East,2023,2019-2023,1966.9700000000003,139576.65,1.409240012566572
TUR,Turkiye,Middle East,2024,2020-2024,1606.55,143288.81,1.1211971123216111
TUR,Turkiye,Middle East,2025,2021-2025,1877.54,153264.5,1.2250325417823436
TKM,Turkmenistan,Asia,2004,2000-2004,38.5,96813.81,0.03976705389448055
TKM,Turkmenistan,Asia,2005,2001-2005,38.5,97676.36,0.039415883229063815
TKM,Turkmenistan,Asia,2006,2002-2006,38.5,103801.38,0.03709006566194014
TKM,Turkmenistan,Asia,2007,2003-2007,38.5,112642.01,0.03417907759280929
TKM,Turkmenistan,Asia,2008,2004-2008,27.7,117597.49,0.023554924514120154
TKM,Turkmenistan,Asia,2009,2005-2009,45.2,120318.36,0.03756700141192085
TKM,Turkmenistan,Asia,2010,2006-2010,77.5,124782.23,0.06210820242593838
TKM,Turkmenistan,Asia,2011,2007-2011,314.01,130312.29000000001,0.24096729479621604
TKM,Turkmenistan,Asia,2012,2008-2012,425.65999999999997,131715.82,0.3231654329753252
TKM,Turkmenistan,Asia,2013,2009-2013,487.56000000000006,134983.95,0.3611984980436563
TKM,Turkmenistan,Asia,2014,2010-2014,521.0600000000001,138017.22,0.3775326006421518
TKM,Turkmenistan,Asia,2015,2011-2015,658.01,140889.51,0.4670397391544622
TKM,Turkmenistan,Asia,2016,2012-2016,854.3299999999999,142356.04,0.6001361094337829
TKM,Turkmenistan,Asia,2017,2013-2017,850.9100000000001,145665.65,0.5841528184578864
TKM,Turkmenistan,Asia,2018,2014-2018,781.81,145599.24,0.5369602203967548
TKM,Turkmenistan,Asia,2019,2015-2019,710.31,145448.56,0.48835822094079173
TKM,Turkmenistan,Asia,2020,2016-2020,541.06,140135.09,0.38609887073965554
TKM,Turkmenistan,Asia,2021,2017-2021,490.59000000000003,135579.49,0.3618467660558393
TKM,Turkmenistan,Asia,2022,2018-2022,382.36,137378.79,0.27832535138793985
TKM,Turkmenistan,Asia,2023,2019-2023,382.36,139576.65,0.2739426687773349
TKM,Turkmenistan,Asia,2024,2020-2024,382.36,143288.81,0.2668456804128669
TKM,Turkmenistan,Asia,2025,2021-2025,382.36,153264.5,0.24947721096535727
UGA,Uganda,Africa,2004,2000-2004,74.93,96813.81,0.07739598307307605
UGA,Uganda,Africa,2005,2001-2005,78.86000000000001,97676.36,0.08073601432322008
UGA,Uganda,Africa,2006,2002-2006,83.86000000000001,103801.38,0.0807889066600078
UGA,Uganda,Africa,2007,2003-2007,50.82,112642.01,0.04511638242250826
UGA,Uganda,Africa,2008,2004-2008,64.32,117597.49,0.05469504493675842
UGA,Uganda,Africa,2009,2005-2009,56.92,120318.36,0.04730782567182598
UGA,Uganda,Africa,2010,2006-2010,83.87,124782.23,0.06721309596727035
UGA,Uganda,Africa,2011,2007-2011,546.62,130312.29000000001,0.4194692611111354
UGA,Uganda,Africa,2012,2008-2012,759.77,131715.82,0.576825168001839
UGA,Uganda,Africa,2013,2009-2013,766.27,134983.95,0.5676748976452385
UGA,Uganda,Africa,2014,2010-2014,739.56,138017.22,0.5358461791941614
UGA,Uganda,Africa,2015,2011-2015,709.33,140889.51,0.5034654460789877
UGA,Uganda,Africa,2016,2012-2016,242.45000000000002,142356.04,0.17031240824063384
UGA,Uganda,Africa,2017,2013-2017,50.53,145665.65,0.03468902929414039
UGA,Uganda,Africa,2018,2014-2018,40.5,145599.24,0.02781607925975438
UGA,Uganda,Africa,2019,2015-2019,62.18,145448.56,0.0427505091834529
UGA,Uganda,Africa,2020,2016-2020,134.34,140135.09,0.0958646403267019
UGA,Uganda,Africa,2021,2017-2021,141.68,135579.49,0.10449958175827333
UGA,Uganda,Africa,2022,2018-2022,185.92000000000002,137378.79,0.1353338459306564
UGA,Uganda,Africa,2023,2019-2023,192.35000000000002,139576.65,0.13780958347975827
UGA,Uganda,Africa,2024,2020-2024,169.17000000000002,143288.81,0.11806225482645855
UGA,Uganda,Africa,2025,2021-2025,92.26000000000002,153264.5,0.060196588251030095
UKR,Ukraine,Europe,2004,2000-2004,0.0,96813.81,0.0
UKR,Ukraine,Europe,2005,2001-2005,0.0,97676.36,0.0
UKR,Ukraine,Europe,2006,2002-2006,0.0,103801.38,0.0
UKR,Ukraine,Europe,2007,2003-2007,0.0,112642.01,0.0
UKR,Ukraine,Europe,2008,2004-2008,0.0,117597.49,0.0
UKR,Ukraine,Europe,2009,2005-2009,0.0,120318.36,0.0
UKR,Ukraine,Europe,2010,2006-2010,0.0,124782.23,0.0
UKR,Ukraine,Europe,2011,2007-2011,0.0,130312.29000000001,0.0
UKR,Ukraine,Europe,2012,2008-2012,0.0,131715.82,0.0
UKR,Ukraine,Europe,2013,2009-2013,0.0,134983.95,0.0
UKR,Ukraine,Europe,2014,2010-2014,1.28,138017.22,0.0009274205059339696
UKR,Ukraine,Europe,2015,2011-2015,23.76,140889.51,0.01686427896583642
UKR,Ukraine,Europe,2016,2012-2016,28.560000000000002,142356.04,0.02006237318767788
UKR,Ukraine,Europe,2017,2013-2017,32.160000000000004,145665.65,0.022077957294667622
UKR,Ukraine,Europe,2018,2014-2018,99.02000000000001,145599.24,0.06800859674816985
UKR,Ukraine,Europe,2019,2015-2019,128.64000000000001,145448.56,0.08844363945576361
UKR,Ukraine,Europe,2020,2016-2020,124.28,140135.09,0.08868585305793146
UKR,Ukraine,Europe,2021,2017-2021,163.45999999999998,135579.49,0.12056395845713831
UKR,Ukraine,Europe,2022,2018-2022,3126.9,137378.79,2.2761155488412728
UKR,Ukraine,Europe,2023,2019-2023,7353.56,139576.65,5.268474347249343
UKR,Ukraine,Europe,2024,2020-2024,12663.34,143288.81,8.837633587717002
UKR,Ukraine,Europe,2025,2021-2025,14909.12,153264.5,9.727706024552326
ARE,United Arab Emirates,Middle East,2004,2000-2004,2475.2799999999997,96813.81,2.5567426795825923
ARE,United Arab Emirates,Middle East,2005,2001-2005,4302.54,97676.36,4.4048938760617204
ARE,United Arab Emirates,Middle East,2006,2002-2006,6041.46,103801.38,5.8202116388048015
ARE,United Arab Emirates,Middle East,2007,2003-2007,6637.32,112642.01,5.892401955540389
ARE,United Arab Emirates,Middle East,2008,2004-2008,6690.53,117597.49,5.689347621280012
ARE,United Arab Emirates,Middle East,2009,2005-2009,6149.53,120318.36,5.111048721076317
ARE,United Arab Emirates,Middle East,2010,2006-2010,4727.32,124782.23,3.78845609667338
ARE,United Arab Emirates,Middle East,2011,2007-2011,4019.04,130312.29000000001,3.084160365841165
ARE,United Arab Emirates,Middle East,2012,2008-2012,4338.91,131715.82,3.2941449250363393
ARE,United Arab Emirates,Middle East,2013,2009-2013,5933.74,134983.95,4.395885584915836
ARE,United Arab Emirates,Middle East,2014,2010-2014,6066.02,138017.22,4.395118232348109
ARE,United Arab Emirates,Middle East,2015,2011-2015,7107.040000000001,140889.51,5.044406783727192
ARE,United Arab Emirates,Middle East,2016,2012-2016,7381.05,142356.04,5.184922255494041
ARE,United Arab Emirates,Middle East,2017,2013-2017,7150.72,145665.65,4.9089953602651
ARE,United Arab Emirates,Middle East,2018,2014-2018,5990.86,145599.24,4.114623125780052
ARE,United Arab Emirates,Middle East,2019,2015-2019,6004.92,145448.56,4.128552389930846
ARE,United Arab Emirates,Middle East,2020,2016-2020,4974.03,140135.09,3.549453602234815
ARE,United Arab Emirates,Middle East,2021,2017-2021,4060.2999999999997,135579.49,2.994774504609805
ARE,United Arab Emirates,Middle East,2022,2018-2022,3907.8999999999996,137378.79,2.8446166981089287
ARE,United Arab Emirates,Middle East,2023,2019-2023,3661.47,139576.65,2.62326829021903
ARE,United Arab Emirates,Middle East,2024,2020-2024,3996.74,143288.81,2.7892896870313875
ARE,United Arab Emirates,Middle East,2025,2021-2025,4204.87,153264.5,2.7435381317917718
GBR,United Kingdom,Europe,2004,2000-2004,3926.9299999999994,96813.81,4.056167193502662
GBR,United Kingdom,Europe,2005,2001-2005,3020.5599999999995,97676.36,3.0924166297761295
GBR,United Kingdom,Europe,2006,2002-2006,2108.75,103801.38,2.031524051028994
GBR,United Kingdom,Europe,2007,2003-2007,2204.3900000000003,112642.01,1.9569874507743605
GBR,United Kingdom,Europe,2008,2004-2008,2009.89,117597.49,1.709126614862273
GBR,United Kingdom,Europe,2009,2005-2009,2178.62,120318.36,1.810712845487588
GBR,United Kingdom,Europe,2010,2006-2010,2608.5299999999997,124782.23,2.090465926117845
GBR,United Kingdom,Europe,2011,2007-2011,2580.47,130312.29000000001,1.9802199777166063
GBR,United Kingdom,Europe,2012,2008-2012,2330.15,131715.82,1.7690737528719025
GBR,United Kingdom,Europe,2013,2009-2013,2264.07,134983.95,1.6772882998312022
GBR,United Kingdom,Europe,2014,2010-2014,2099.8500000000004,138017.22,1.52144058545738
GBR,United Kingdom,Europe,2015,2011-2015,2063.11,140889.51,1.4643460680642584
GBR,United Kingdom,Europe,2016,2012-2016,2004.63,142356.04,1.4081805029136802
GBR,United Kingdom,Europe,2017,2013-2017,2440.5600000000004,145665.65,1.675453341264739
GBR,United Kingdom,Europe,2018,2014-2018,2393.6800000000003,145599.24,1.6440195704318241
GBR,United Kingdom,Europe,2019,2015-2019,2579.5000000000005,145448.56,1.77347922867026
GBR,United Kingdom,Europe,2020,2016-2020,2790.05,140135.09,1.990971711653377
GBR,United Kingdom,Europe,2021,2017-2021,3387.35,135579.49,2.498423618498639
GBR,United Kingdom,Europe,2022,2018-2022,3243.91,137378.79,2.361288813214907
GBR,United Kingdom,Europe,2023,2019-2023,3250.1400000000003,139576.65,2.3285700007845156
GBR,United Kingdom,Europe,2024,2020-2024,3333.9599999999996,143288.81,2.3267413554484815
GBR,United Kingdom,Europe,2025,2021-2025,3308.04,153264.5,2.158386319075846
USA,United States,Americas,2004,2000-2004,2581.9,96813.81,2.6668715961080345
USA,United States,Americas,2005,2001-2005,2830.4800000000005,97676.36,2.8978147834337813
USA,United States,Americas,2006,2002-2006,3028.3500000000004,103801.38,2.917446762268479
USA,United States,Americas,2007,2003-2007,3355.52,112642.01,2.978924115434375
USA,United States,Americas,2008,2004-2008,3661.8599999999997,117597.49,3.1138929921038274
USA,United States,Americas,2009,2005-2009,4005.23,120318.36,3.3288602005545953
USA,United States,Americas,2010,2006-2010,4392.44,124782.23,3.5200845505004996
USA,United States,Americas,2011,2007-2011,4622.83,130312.29000000001,3.547501160481486
USA,United States,Americas,2012,2008-2012,4918.46,131715.82,3.7341452226467555
USA,United States,Americas,2013,2009-2013,4749.12,134983.95,3.518284951655363
USA,United States,Americas,2014,2010-2014,4377.97,138017.22,3.172046212784173
USA,United States,Americas,2015,2011-2015,3890.58,140889.51,2.7614405075296236
USA,United States,Americas,2016,2012-2016,3401.2699999999995,142356.04,2.3892698897777707
USA,United States,Americas,2017,2013-2017,2768.07,145665.65,1.9002901507664987
USA,United States,Americas,2018,2014-2018,2380.85,145599.24,1.6352077112490422
USA,United States,Americas,2019,2015-2019,2694.55,145448.56,1.8525793586406083
USA,United States,Americas,2020,2016-2020,3018.7999999999997,140135.09,2.154207058346343
USA,United States,Americas,2021,2017-2021,3493.87,135579.49,2.576990074236155
USA,United States,Americas,2022,2018-2022,3835.8499999999995,137378.79,2.7921704653243773
USA,United States,Americas,2023,2019-2023,4347.389999999999,139576.65,3.1146971932626264
USA,United States,Americas,2024,2020-2024,4518.28,143288.81,3.1532678650900934
USA,United States,Americas,2025,2021-2025,4457.38,153264.5,2.908292526971347
URY,Uruguay,Americas,2004,2000-2004,16.96,96813.81,0.017518161923386757
URY,Uruguay,Americas,2005,2001-2005,32.78,97676.36,0.0335598091493172
URY,Uruguay,Americas,2006,2002-2006,40.36,103801.38,0.03888194935365984
URY,Uruguay,Americas,2007,2003-2007,30.44,112642.01,0.02702366550454844
URY,Uruguay,Americas,2008,2004-2008,108.14,117597.49,0.09195774501649652
URY,Uruguay,Americas,2009,2005-2009,137.48,120318.36,0.11426352553342647
URY,Uruguay,Americas,2010,2006-2010,137.5,124782.23,0.1101919720460197
URY,Uruguay,Americas,2011,2007-2011,129.92000000000002,130312.29000000001,0.09969896162518516
URY,Uruguay,Americas,2012,2008-2012,127.04,131715.82,0.09645006955125056
URY,Uruguay,Americas,2013,2009-2013,52.34,134983.95,0.0387749802846931
URY,Uruguay,Americas,2014,2010-2014,32.25,138017.22,0.02336664946591447
URY,Uruguay,Americas,2015,2011-2015,25.05,140889.51,0.01777989007130481
URY,Uruguay,Americas,2016,2012-2016,25.05,142356.04,0.0175967243820494
URY,Uruguay,Americas,2017,2013-2017,25.05,145665.65,0.017196916362917408
URY,Uruguay,Americas,2018,2014-2018,31.83,145599.24,0.021861377847851405
URY,Uruguay,Americas,2019,2015-2019,22.58,145448.56,0.015524388828600298
URY,Uruguay,Americas,2020,2016-2020,34.46,140135.09,0.02459055758268682
URY,Uruguay,Americas,2021,2017-2021,37.94,135579.49,0.02798358365266015
URY,Uruguay,Americas,2022,2018-2022,48.19,137378.79,0.03507819511294283
URY,Uruguay,Americas,2023,2019-2023,38.41,139576.65,0.0275189295630752
URY,Uruguay,Americas,2024,2020-2024,51.17999999999999,143288.81,0.035718071774062464
URY,Uruguay,Americas,2025,2021-2025,27.5,153264.5,0.017942837382433637
UZB,Uzbekistan,Asia,2004,2000-2004,17.5,96813.81,0.01807593358840025
UZB,Uzbekistan,Asia,2005,2001-2005,17.5,97676.36,0.017916310558665372
UZB,Uzbekistan,Asia,2006,2002-2006,9.45,103801.38,0.00910392520793076
UZB,Uzbekistan,Asia,2007,2003-2007,0.0,112642.01,0.0
UZB,Uzbekistan,Asia,2008,2004-2008,0.0,117597.49,0.0
UZB,Uzbekistan,Asia,2009,2005-2009,0.0,120318.36,0.0
UZB,Uzbekistan,Asia,2010,2006-2010,30.0,124782.23,0.024041884810040662
UZB,Uzbekistan,Asia,2011,2007-2011,30.0,130312.29000000001,0.023021619833401744
UZB,Uzbekistan,Asia,2012,2008-2012,30.0,131715.82,0.0227763073562462
UZB,Uzbekistan,Asia,2013,2009-2013,30.0,134983.95,0.022224864511669717
UZB,Uzbekistan,Asia,2014,2010-2014,48.8,138017.22,0.035357906788732595
UZB,Uzbekistan,Asia,2015,2011-2015,118.91,140889.51,0.08439947019476468
UZB,Uzbekistan,Asia,2016,2012-2016,176.45999999999998,142356.04,0.12395680576672402
UZB,Uzbekistan,Asia,2017,2013-2017,181.70999999999998,145665.65,0.12474457773675536
UZB,Uzbekistan,Asia,2018,2014-2018,306.11,145599.24,0.2102414820297139
UZB,Uzbekistan,Asia,2019,2015-2019,365.06,145448.56,0.250989078200568
UZB,Uzbekistan,Asia,2020,2016-2020,356.95,140135.09,0.25471850055542833
UZB,Uzbekistan,Asia,2021,2017-2021,313.45,135579.49,0.23119278587048825
UZB,Uzbekistan,Asia,2022,2018-2022,329.95,137378.79,0.24017535749150215
UZB,Uzbekistan,Asia,2023,2019-2023,222.4,139576.65,0.1593389725287145
UZB,Uzbekistan,Asia,2024,2020-2024,191.65,143288.81,0.13375084907188498
UZB,Uzbekistan,Asia,2025,2021-2025,131.65,153264.5,0.08589725605081411
VUT,Vanuatu,Asia,2004,2000-2004,0.0,96813.81,0.0
VUT,Vanuatu,Asia,2005,2001-2005,0.0,97676.36,0.0
VUT,Vanuatu,Asia,2006,2002-2006,0.0,103801.38,0.0
VUT,Vanuatu,Asia,2007,2003-2007,0.0,112642.01,0.0
VUT,Vanuatu,Asia,2008,2004-2008,0.0,117597.49,0.0
VUT,Vanuatu,Asia,2009,2005-2009,0.0,120318.36,0.0
VUT,Vanuatu,Asia,2010,2006-2010,0.0,124782.23,0.0
VUT,Vanuatu,Asia,2011,2007-2011,0.0,130312.29000000001,0.0
VUT,Vanuatu,Asia,2012,2008-2012,0.0,131715.82,0.0
VUT,Vanuatu,Asia,2013,2009-2013,0.0,134983.95,0.0
VUT,Vanuatu,Asia,2014,2010-2014,0.0,138017.22,0.0
VUT,Vanuatu,Asia,2015,2011-2015,0.0,140889.51,0.0
VUT,Vanuatu,Asia,2016,2012-2016,0.0,142356.04,0.0
VUT,Vanuatu,Asia,2017,2013-2017,0.0,145665.65,0.0
VUT,Vanuatu,Asia,2018,2014-2018,0.0,145599.24,0.0
VUT,Vanuatu,Asia,2019,2015-2019,0.0,145448.56,0.0
VUT,Vanuatu,Asia,2020,2016-2020,0.0,140135.09,0.0
VUT,Vanuatu,Asia,2021,2017-2021,7.0,135579.49,0.0051630228141439395
VUT,Vanuatu,Asia,2022,2018-2022,7.0,137378.79,0.005095400825702424
VUT,Vanuatu,Asia,2023,2019-2023,7.0,139576.65,0.005015165502252705
VUT,Vanuatu,Asia,2024,2020-2024,7.0,143288.81,0.0048852384216185474
VUT,Vanuatu,Asia,2025,2021-2025,7.0,153264.5,0.004567267697346744
VEN,Venezuela,Americas,2004,2000-2004,281.46,96813.81,0.29072298673092195
VEN,Venezuela,Americas,2005,2001-2005,194.48,97676.36,0.19910651871138524
VEN,Venezuela,Americas,2006,2002-2006,468.78999999999996,103801.38,0.4516221267963874
VEN,Venezuela,Americas,2007,2003-2007,1194.53,112642.01,1.0604658066737267
VEN,Venezuela,Americas,2008,2004-2008,1920.28,117597.49,1.6329260088799515
VEN,Venezuela,Americas,2009,2005-2009,2276.6,120318.36,1.8921468012030749
VEN,Venezuela,Americas,2010,2006-2010,2466.8,124782.23,1.9768840483136103
VEN,Venezuela,Americas,2011,2007-2011,2687.15,130312.29000000001,2.0620848578441833
VEN,Venezuela,Americas,2012,2008-2012,2609.8,131715.82,1.9813868979443774
VEN,Venezuela,Americas,2013,2009-2013,2875.05,134983.95,2.1299198904758674
VEN,Venezuela,Americas,2014,2010-2014,2695.6800000000003,138017.22,1.9531475854969405
VEN,Venezuela,Americas,2015,2011-2015,2622.4300000000003,140889.51,1.8613380087701348
VEN,Venezuela,Americas,2016,2012-2016,2117.1800000000003,142356.04,1.487242831424645
VEN,Venezuela,Americas,2017,2013-2017,1424.78,145665.65,0.9781166664893198
VEN,Venezuela,Americas,2018,2014-2018,432.78,145599.24,0.29724056251941977
VEN,Venezuela,Americas,2019,2015-2019,246.65,145448.56,0.16957885316980795
VEN,Venezuela,Americas,2020,2016-2020,188.1,140135.09,0.13422762278883896
VEN,Venezuela,Americas,2021,2017-2021,93.0,135579.49,0.0685944459593409
VEN,Venezuela,Americas,2022,2018-2022,93.0,137378.79,0.06769603954147506
VEN,Venezuela,Americas,2023,2019-2023,176.5,139576.65,0.1264538158782289
VEN,Venezuela,Americas,2024,2020-2024,176.5,143288.81,0.12317779734509625
VEN,Venezuela,Americas,2025,2021-2025,97.5,153264.5,0.06361551435590107
VNM,Viet Nam,Asia,2004,2000-2004,486.45,96813.81,0.5024593082329887
VNM,Viet Nam,Asia,2005,2001-2005,695.75,97676.36,0.7123013183537962
VNM,Viet Nam,Asia,2006,2002-2006,641.29,103801.38,0.6178048885284569
VNM,Viet Nam,Asia,2007,2003-2007,591.05,112642.01,0.5247154236683099
VNM,Viet Nam,Asia,2008,2004-2008,755.05,117597.49,0.6420630236240585
VNM,Viet Nam,Asia,2009,2005-2009,517.45,120318.36,0.4300673646150098
VNM,Viet Nam,Asia,2010,2006-2010,458.05000000000007,124782.23,0.3670795112413042
VNM,Viet Nam,Asia,2011,2007-2011,1431.51,130312.29000000001,1.098522633590431
VNM,Viet Nam,Asia,2012,2008-2012,2206.05,131715.82,1.674855761441564
VNM,Viet Nam,Asia,2013,2009-2013,2380.75,134983.95,1.7637282062052562
VNM,Viet Nam,Asia,2014,2010-2014,3544.3,138017.22,2.568012889985757
VNM,Viet Nam,Asia,2015,2011-2015,4252.5,140889.51,3.0183226558173137
VNM,Viet Nam,Asia,2016,2012-2016,4161.15,142356.04,2.923058269954685
VNM,Viet Nam,Asia,2017,2013-2017,4161.85,145665.65,2.857125204191929
VNM,Viet Nam,Asia,2018,2014-2018,4405.75,145599.24,3.025942992559577
VNM,Viet Nam,Asia,2019,2015-2019,3346.35,145448.56,2.3007102992288133
VNM,Viet Nam,Asia,2020,2016-2020,2514.5,140135.09,1.7943400186206038
VNM,Viet Nam,Asia,2021,2017-2021,1824.6,135579.49,1.3457787752410044
VNM,Viet Nam,Asia,2022,2018-2022,1127.35,137378.79,0.8206143029793753
VNM,Viet Nam,Asia,2023,2019-2023,568.0,139576.65,0.40694485789707663
VNM,Viet Nam,Asia,2024,2020-2024,460.0,143288.81,0.32102995342064744
VNM,Viet Nam,Asia,2025,2021-2025,599.0,153264.5,0.39082762153009987
ESH,Western Sahara,,2004,2000-2004,0.0,96813.81,0.0
ESH,Western Sahara,,2005,2001-2005,0.0,97676.36,0.0
ESH,Western Sahara,,2006,2002-2006,0.0,103801.38,0.0
ESH,Western Sahara,,2007,2003-2007,0.0,112642.01,0.0
ESH,Western Sahara,,2008,2004-2008,0.0,117597.49,0.0
ESH,Western Sahara,,2009,2005-2009,0.0,120318.36,0.0
ESH,Western Sahara,,2010,2006-2010,0.0,124782.23,0.0
ESH,Western Sahara,,2011,2007-2011,0.0,130312.29000000001,0.0
ESH,Western Sahara,,2012,2008-2012,0.0,131715.82,0.0
ESH,Western Sahara,,2013,2009-2013,0.0,134983.95,0.0
ESH,Western Sahara,,2014,2010-2014,0.0,138017.22,0.0
ESH,Western Sahara,,2015,2011-2015,0.0,140889.51,0.0
ESH,Western Sahara,,2016,2012-2016,0.3,142356.04,0.00021073921415628024
ESH,Western Sahara,,2017,2013-2017,0.3,145665.65,0.00020595109416667552
ESH,Western Sahara,,2018,2014-2018,0.3,145599.24,0.00020604503155373613
ESH,Western Sahara,,2019,2015-2019,0.3,145448.56,0.00020625848753676214
ESH,Western Sahara,,2020,2016-2020,0.3,140135.09,0.00021407914320388988
ESH,Western Sahara,,2021,2017-2021,0.0,135579.49,0.0
ESH,Western Sahara,,2022,2018-2022,0.0,137378.79,0.0
ESH,Western Sahara,,2023,2019-2023,0.0,139576.65,0.0
ESH,Western Sahara,,2024,2020-2024,0.0,143288.81,0.0
ESH,Western Sahara,,2025,2021-2025,0.0,153264.5,0.0
YEM,Yemen,Middle East,2004,2000-2004,1123.95,96813.81,1.1609397460961406
YEM,Yemen,Middle East,2005,2001-2005,1282.5700000000002,97676.36,1.3130812818987112
YEM,Yemen,Middle East,2006,2002-2006,1250.44,103801.38,1.2046467975666604
YEM,Yemen,Middle East,2007,2003-2007,731.69,112642.01,0.6495711502307178
YEM,Yemen,Middle East,2008,2004-2008,714.64,117597.49,0.6077000452985859
YEM,Yemen,Middle East,2009,2005-2009,467.0,120318.36,0.38813693936652727
YEM,Yemen,Middle East,2010,2006-2010,411.33000000000004,124782.23,0.3296382826304675
YEM,Yemen,Middle East,2011,2007-2011,420.56000000000006,130312.29000000001,0.3227324145711813
YEM,Yemen,Middle East,2012,2008-2012,392.58000000000004,131715.82,0.29805075806383774
YEM,Yemen,Middle East,2013,2009-2013,374.41999999999996,134983.95,0.27738112568197915
YEM,Yemen,Middle East,2014,2010-2014,374.87,138017.22,0.27161103520270874
YEM,Yemen,Middle East,2015,2011-2015,146.69,140889.51,0.10411704888461887
YEM,Yemen,Middle East,2016,2012-2016,106.36,142356.04,0.07471407605887323
YEM,Yemen,Middle East,2017,2013-2017,73.64,145665.65,0.050554128581446624
YEM,Yemen,Middle East,2018,2014-2018,59.2,145599.24,0.0406595528932706
YEM,Yemen,Middle East,2019,2015-2019,53.599999999999994,145448.56,0.0368515164399015
YEM,Yemen,Middle East,2020,2016-2020,21.1,140135.09,0.01505689973867359
YEM,Yemen,Middle East,2021,2017-2021,14.2,135579.49,0.010473560565834848
YEM,Yemen,Middle East,2022,2018-2022,10.1,137378.79,0.007351935477084927
YEM,Yemen,Middle East,2023,2019-2023,1.4,139576.65,0.001003033100450541
YEM,Yemen,Middle East,2024,2020-2024,1.4,143288.81,0.0009770476843237094
YEM,Yemen,Middle East,2025,2021-2025,1.4,153264.5,0.0009134535394693487
ZMB,Zambia,Africa,2004,2000-2004,45.459999999999994,96813.81,0.046956110910210014
ZMB,Zambia,Africa,2005,2001-2005,2.22,97676.36,0.00227281196801355
ZMB,Zambia,Africa,2006,2002-2006,31.86,103801.38,0.030693233558166565
ZMB,Zambia,Africa,2007,2003-2007,34.7,112642.01,0.03080555824598656
ZMB,Zambia,Africa,2008,2004-2008,36.45,117597.49,0.03099555951406786
ZMB,Zambia,Africa,2009,2005-2009,36.45,120318.36,0.030294628350984842
ZMB,Zambia,Africa,2010,2006-2010,36.39,124782.23,0.02916280627457932
ZMB,Zambia,Africa,2011,2007-2011,7.27,130312.29000000001,0.005578905872961022
ZMB,Zambia,Africa,2012,2008-2012,63.190000000000005,131715.82,0.04797449539470658
ZMB,Zambia,Africa,2013,2009-2013,61.440000000000005,134983.95,0.04551652251989959
ZMB,Zambia,Africa,2014,2010-2014,61.440000000000005,138017.22,0.04451618428483055
ZMB,Zambia,Africa,2015,2011-2015,75.94,140889.51,0.053900393294007476
ZMB,Zambia,Africa,2016,2012-2016,119.54,142356.04,0.08397255220080581
ZMB,Zambia,Africa,2017,2013-2017,104.57000000000001,145665.65,0.07178768639003089
ZMB,Zambia,Africa,2018,2014-2018,104.57000000000001,145599.24,0.07182042983191396
ZMB,Zambia,Africa,2019,2015-2019,147.87,145448.56,0.10166480850687006
ZMB,Zambia,Africa,2020,2016-2020,136.17000000000002,140135.09,0.09717052310024564
ZMB,Zambia,Africa,2021,2017-2021,111.85,135579.49,0.0824977288231428
ZMB,Zambia,Africa,2022,2018-2022,68.3,137378.79,0.04971655377078222
ZMB,Zambia,Africa,2023,2019-2023,73.3,139576.65,0.0525159473307319
ZMB,Zambia,Africa,2024,2020-2024,30.8,143288.81,0.02149504905512161
ZMB,Zambia,Africa,2025,2021-2025,28.0,153264.5,0.018269070789386974
ZWE,Zimbabwe,Africa,2004,2000-2004,47.26,96813.81,0.04881534979358833
ZWE,Zimbabwe,Africa,2005,2001-2005,63.7,97676.36,0.06521537043354196
ZWE,Zimbabwe,Africa,2006,2002-2006,78.30000000000001,103801.38,0.07543252315142632
ZWE,Zimbabwe,Africa,2007,2003-2007,78.30000000000001,112642.01,0.06951225390953163
ZWE,Zimbabwe,Africa,2008,2004-2008,62.7,117597.49,0.053317464513910964
ZWE,Zimbabwe,Africa,2009,2005-2009,49.2,120318.36,0.04089151481120587
ZWE,Zimbabwe,Africa,2010,2006-2010,24.6,124782.23,0.019714345544233344
ZWE,Zimbabwe,Africa,2011,2007-2011,0.0,130312.29000000001,0.0
ZWE,Zimbabwe,Africa,2012,2008-2012,0.0,131715.82,0.0
ZWE,Zimbabwe,Africa,2013,2009-2013,0.0,134983.95,0.0
ZWE,Zimbabwe,Africa,2014,2010-2014,0.0,138017.22,0.0
ZWE,Zimbabwe,Africa,2015,2011-2015,0.0,140889.51,0.0
ZWE,Zimbabwe,Africa,2016,2012-2016,0.0,142356.04,0.0
ZWE,Zimbabwe,Africa,2017,2013-2017,0.0,145665.65,0.0
ZWE,Zimbabwe,Africa,2018,2014-2018,0.0,145599.24,0.0
ZWE,Zimbabwe,Africa,2019,2015-2019,0.0,145448.56,0.0
ZWE,Zimbabwe,Africa,2020,2016-2020,0.0,140135.09,0.0
ZWE,Zimbabwe,Africa,2021,2017-2021,0.0,135579.49,0.0
ZWE,Zimbabwe,Africa,2022,2018-2022,0.0,137378.79,0.0
ZWE,Zimbabwe,Africa,2023,2019-2023,20.4,139576.65,0.014615625177993597
ZWE,Zimbabwe,Africa,2024,2020-2024,20.4,143288.81,0.014236980543002624
ZWE,Zimbabwe,Africa,2025,2021-2025,20.4,153264.5,0.013310323003696225
SWZ,eSwatini,Africa,2004,2000-2004,2.4,96813.81,0.0024789851778377484
SWZ,eSwatini,Africa,2005,2001-2005,1.26,97676.36,0.0012899743602239066
SWZ,eSwatini,Africa,2006,2002-2006,0.0,103801.38,0.0
SWZ,eSwatini,Africa,2007,2003-2007,0.0,112642.01,0.0
SWZ,eSwatini,Africa,2008,2004-2008,0.0,117597.49,0.0
SWZ,eSwatini,Africa,2009,2005-2009,0.0,120318.36,0.0
SWZ,eSwatini,Africa,2010,2006-2010,0.0,124782.23,0.0
SWZ,eSwatini,Africa,2011,2007-2011,0.0,130312.29000000001,0.0
SWZ,eSwatini,Africa,2012,2008-2012,0.0,131715.82,0.0
SWZ,eSwatini,Africa,2013,2009-2013,0.0,134983.95,0.0
SWZ,eSwatini,Africa,2014,2010-2014,0.0,138017.22,0.0
SWZ,eSwatini,Africa,2015,2011-2015,0.0,140889.51,0.0
SWZ,eSwatini,Africa,2016,2012-2016,0.0,142356.04,0.0
SWZ,eSwatini,Africa,2017,2013-2017,0.0,145665.65,0.0
SWZ,eSwatini,Africa,2018,2014-2018,0.0,145599.24,0.0
SWZ,eSwatini,Africa,2019,2015-2019,0.0,145448.56,0.0
SWZ,eSwatini,Africa,2020,2016-2020,2.1,140135.09,0.0014985540024272295
SWZ,eSwatini,Africa,2021,2017-2021,2.1,135579.49,0.0015489068442431817
SWZ,eSwatini,Africa,2022,2018-2022,2.1,137378.79,0.0015286202477107274
SWZ,eSwatini,Africa,2023,2019-2023,2.1,139576.65,0.0015045496506758116
SWZ,eSwatini,Africa,2024,2020-2024,2.1,143288.81,0.0014655715264855645
SWZ,eSwatini,Africa,2025,2021-2025,0.0,153264.5,0.0
